Player,G,MP,Unnamed: 7_level_1,Player Shooting %_FG,Player Shooting %_2P,Player Shooting %_3P,Player Shooting %_eFG,Player Shooting %_FT,Player Shooting %_TS,Player Shooting %_FTr,Player Shooting %_3PAr,Unnamed: 16_level_1,League-Adjusted_FG+,League-Adjusted_2P+,League-Adjusted_3P+,League-Adjusted_eFG+,League-Adjusted_FT+,League-Adjusted_TS+,League-Adjusted_FTr+,League-Adjusted_3PAr+,Unnamed: 25_level_1,FG Add,TS Add
Precious Achiuwa,44.0,1047.0,,0.422,0.446,0.296,0.446,0.557,0.462,0.211,0.163,,93.0,85.0,85.0,85.0,72.0,83.0,88.0,41.0,,-52.9,-70.7
Steven Adams,52.0,1354.0,,0.53,0.53,,0.53,0.582,0.555,0.53,0.0,,116.0,101.0,,101.0,75.0,99.0,221.0,,,2.1,-2.9
Bam Adebayo,30.0,985.0,,0.518,0.522,0.0,0.518,0.772,0.578,0.455,0.008,,114.0,99.0,,99.0,100.0,103.0,190.0,2.0,,-6.2,17.6
Santi Aldama,27.0,277.0,,0.381,0.569,0.103,0.402,0.6,0.425,0.206,0.402,,84.0,108.0,29.0,77.0,78.0,76.0,86.0,100.0,,-23.9,-28.3
LaMarcus Aldridge,36.0,825.0,,0.555,0.582,0.316,0.571,0.853,0.601,0.182,0.102,,122.0,111.0,90.0,109.0,110.0,107.0,76.0,25.0,,34.0,33.4
Nickeil Alexander-Walker,50.0,1317.0,,0.375,0.434,0.311,0.45,0.722,0.474,0.153,0.483,,82.0,82.0,89.0,86.0,93.0,85.0,64.0,120.0,,-95.2,-115.5
Grayson Allen,46.0,1298.0,,0.428,0.5,0.394,0.562,0.857,0.584,0.128,0.68,,94.0,95.0,113.0,107.0,111.0,104.0,53.0,170.0,,31.7,22.8
Jarrett Allen,47.0,1531.0,,0.667,0.679,0.1,0.668,0.686,0.686,0.439,0.022,,146.0,129.0,29.0,127.0,89.0,123.0,183.0,5.0,,132.3,140.6
Jose Alvarado,27.0,335.0,,0.42,0.5,0.306,0.483,0.667,0.503,0.176,0.412,,92.0,95.0,88.0,92.0,86.0,90.0,74.0,103.0,,-10.1,-14.4
Justin Anderson,6.0,77.0,,0.316,0.75,0.2,0.395,0.857,0.476,0.368,0.789,,69.0,142.0,57.0,75.0,111.0,85.0,154.0,197.0,,-5.0,-3.7
Justin Anderson,3.0,47.0,,0.5,1.0,0.333,0.625,0.75,0.666,0.5,0.75,,110.0,190.0,95.0,119.0,97.0,119.0,209.0,187.0,,1.6,2.1
Justin Anderson,3.0,30.0,,0.182,0.5,0.111,0.227,1.0,0.325,0.273,0.818,,40.0,95.0,32.0,43.0,129.0,58.0,114.0,204.0,,-6.6,-5.8
Kyle Anderson,43.0,955.0,,0.431,0.46,0.342,0.473,0.657,0.497,0.225,0.244,,95.0,87.0,98.0,90.0,85.0,89.0,94.0,61.0,,-32.9,-42.2
Giannis Antetokounmpo,46.0,1499.0,,0.544,0.607,0.303,0.575,0.722,0.627,0.599,0.21,,119.0,115.0,87.0,110.0,94.0,112.0,250.0,52.0,,84.8,144.8
Thanasis Antetokounmpo,33.0,347.0,,0.458,0.514,0.091,0.464,0.625,0.492,0.289,0.133,,101.0,98.0,26.0,88.0,81.0,88.0,121.0,33.0,,-10.2,-12.6
Carmelo Anthony,50.0,1327.0,,0.437,0.496,0.392,0.548,0.824,0.583,0.227,0.565,,96.0,94.0,112.0,104.0,107.0,104.0,95.0,141.0,,23.3,27.5
Cole Anthony,42.0,1396.0,,0.392,0.441,0.327,0.462,0.851,0.516,0.27,0.429,,86.0,84.0,94.0,88.0,110.0,92.0,113.0,107.0,,-82.0,-62.7
OG Anunoby,38.0,1413.0,,0.446,0.517,0.358,0.526,0.743,0.549,0.178,0.449,,98.0,98.0,103.0,100.0,96.0,98.0,74.0,112.0,,0.9,-12.4
Trevor Ariza,18.0,350.0,,0.362,0.5,0.333,0.5,0.7,0.518,0.145,0.826,,80.0,95.0,95.0,95.0,91.0,93.0,60.0,206.0,,-3.5,-6.1
D.J. Augustin,34.0,510.0,,0.404,0.4,0.406,0.548,0.868,0.596,0.279,0.706,,89.0,76.0,116.0,104.0,112.0,107.0,117.0,176.0,,6.1,11.2
,,,,,,,,,,,,,,,,,,,,,,,
,,,,,,,,,,,,,,,,,,,,,,,
Deni Avdija,53.0,1206.0,,0.444,0.556,0.306,0.512,0.747,0.544,0.233,0.447,,97.0,106.0,87.0,98.0,97.0,97.0,97.0,112.0,,-8.4,-11.0
Joel Ayayi,7.0,20.0,,0.167,0.2,0.0,0.167,,0.167,0.0,0.167,,37.0,38.0,,32.0,,30.0,,42.0,,-4.3,-4.7
Deandre Ayton,33.0,967.0,,0.635,0.643,0.25,0.637,0.725,0.656,0.25,0.022,,139.0,122.0,72.0,121.0,94.0,117.0,104.0,5.0,,81.4,78.2
Udoka Azubuike,13.0,149.0,,0.676,0.676,,0.676,0.444,0.659,0.265,0.0,,149.0,128.0,,129.0,58.0,118.0,110.0,,,10.3,7.6
Marvin Bagley III,30.0,656.0,,0.463,0.538,0.242,0.494,0.745,0.521,0.191,0.252,,102.0,102.0,69.0,94.0,96.0,93.0,80.0,63.0,,-15.5,-20.2
LaMelo Ball,49.0,1589.0,,0.423,0.468,0.361,0.499,0.865,0.54,0.208,0.424,,93.0,89.0,103.0,95.0,112.0,97.0,87.0,106.0,,-43.0,-34.5
Lonzo Ball,35.0,1212.0,,0.423,0.423,0.423,0.567,0.75,0.575,0.073,0.679,,93.0,80.0,121.0,108.0,97.0,103.0,30.0,169.0,,31.5,12.9
Mo Bamba,45.0,1180.0,,0.47,0.567,0.343,0.545,0.792,0.563,0.126,0.436,,103.0,108.0,98.0,104.0,102.0,101.0,53.0,109.0,,14.6,3.3
Desmond Bane,52.0,1564.0,,0.459,0.505,0.408,0.556,0.897,0.578,0.116,0.477,,101.0,96.0,117.0,106.0,116.0,103.0,48.0,119.0,,45.8,30.5
Dalano Banton,43.0,505.0,,0.403,0.441,0.289,0.44,0.643,0.462,0.188,0.255,,88.0,84.0,83.0,84.0,83.0,83.0,78.0,64.0,,-25.6,-31.4
Cat Barber,3.0,13.0,,0.0,0.0,,0.0,0.0,0.0,1.0,0.0,,,,,,,,417.0,,,-4.2,-6.4
Harrison Barnes,52.0,1755.0,,0.462,0.502,0.412,0.553,0.829,0.623,0.498,0.439,,102.0,95.0,118.0,105.0,107.0,111.0,208.0,109.0,,32.1,91.0
Scottie Barnes,45.0,1620.0,,0.475,0.516,0.325,0.51,0.741,0.543,0.252,0.217,,104.0,98.0,93.0,97.0,96.0,97.0,105.0,54.0,,-17.1,-19.7
RJ Barrett,48.0,1587.0,,0.412,0.445,0.354,0.476,0.695,0.513,0.3,0.365,,90.0,84.0,101.0,91.0,90.0,92.0,125.0,91.0,,-72.9,-77.6
Will Barton,47.0,1533.0,,0.444,0.504,0.375,0.532,0.778,0.551,0.129,0.467,,98.0,96.0,107.0,101.0,101.0,99.0,54.0,116.0,,8.0,-11.1
Charles Bassey,22.0,161.0,,0.651,0.718,0.0,0.651,0.727,0.669,0.256,0.093,,143.0,136.0,,124.0,94.0,120.0,107.0,23.0,,10.8,10.5
Paris Bass,2.0,7.0,,0.333,0.5,0.0,0.333,1.0,0.436,0.333,0.333,,73.0,95.0,,63.0,129.0,78.0,139.0,83.0,,-2.3,-1.7
Keita Bates-Diop,42.0,701.0,,0.5,0.549,0.333,0.538,0.69,0.561,0.228,0.228,,110.0,104.0,95.0,102.0,89.0,100.0,95.0,57.0,,4.6,0.6
Nicolas Batum,35.0,871.0,,0.483,0.688,0.405,0.629,0.667,0.635,0.103,0.724,,106.0,131.0,116.0,120.0,86.0,114.0,43.0,181.0,,48.2,36.8
Kent Bazemore,31.0,455.0,,0.328,0.296,0.354,0.424,0.765,0.451,0.143,0.546,,72.0,56.0,101.0,81.0,99.0,81.0,60.0,136.0,,-24.1,-27.4
,,,,,,,,,,,,,,,,,,,,,,,
,,,,,,,,,,,,,,,,,,,,,,,
Darius Bazley,49.0,1309.0,,0.401,0.474,0.292,0.46,0.685,0.493,0.262,0.403,,88.0,90.0,84.0,88.0,89.0,88.0,109.0,101.0,,-55.6,-62.8
Bradley Beal,40.0,1439.0,,0.451,0.508,0.3,0.492,0.833,0.539,0.263,0.272,,99.0,96.0,86.0,94.0,108.0,96.0,110.0,68.0,,-51.3,-34.1
Malik Beasley,55.0,1421.0,,0.38,0.434,0.358,0.508,0.75,0.517,0.063,0.714,,83.0,82.0,103.0,97.0,97.0,92.0,26.0,178.0,,-22.5,-55.0
Jordan Bell,1.0,2.0,,,,,,,,,,,,,,,,,,,,0.0,0.0
DeAndre' Bembry,48.0,949.0,,0.568,0.599,0.417,0.603,0.6,0.609,0.164,0.169,,125.0,114.0,119.0,115.0,78.0,109.0,69.0,42.0,,33.1,22.6
Dāvis Bertāns,34.0,501.0,,0.351,0.519,0.319,0.485,0.933,0.527,0.175,0.842,,77.0,98.0,91.0,92.0,121.0,94.0,73.0,210.0,,-13.7,-12.0
Patrick Beverley,36.0,931.0,,0.406,0.485,0.333,0.493,0.706,0.523,0.246,0.522,,89.0,92.0,95.0,94.0,91.0,94.0,103.0,130.0,,-18.1,-22.1
Saddiq Bey,54.0,1807.0,,0.381,0.43,0.338,0.47,0.827,0.509,0.207,0.526,,84.0,82.0,97.0,89.0,107.0,91.0,86.0,131.0,,-83.5,-82.1
Khem Birch,27.0,508.0,,0.481,0.52,0.0,0.481,0.75,0.538,0.415,0.075,,106.0,99.0,,92.0,97.0,96.0,173.0,19.0,,-9.4,-5.2
Goga Bitadze,32.0,359.0,,0.443,0.581,0.178,0.473,0.63,0.506,0.351,0.344,,97.0,110.0,51.0,90.0,82.0,90.0,146.0,86.0,,-13.7,-16.1
Bismack Biyombo,15.0,290.0,,0.607,0.607,,0.607,0.553,0.611,0.528,0.0,,133.0,115.0,,115.0,72.0,109.0,220.0,,,14.5,11.3
Nemanja Bjelica,49.0,755.0,,0.453,0.547,0.342,0.531,0.71,0.558,0.244,0.461,,99.0,104.0,98.0,101.0,92.0,100.0,102.0,115.0,,3.0,-0.5
Eric Bledsoe,54.0,1361.0,,0.421,0.479,0.313,0.475,0.761,0.514,0.25,0.348,,92.0,91.0,90.0,90.0,98.0,92.0,104.0,87.0,,-46.9,-46.9
Keljin Blevins,12.0,73.0,,0.391,0.333,0.429,0.522,0.0,0.503,0.087,0.609,,86.0,63.0,123.0,99.0,,90.0,36.0,152.0,,-0.2,-2.7
Bogdan Bogdanović,36.0,1027.0,,0.417,0.497,0.363,0.525,0.8,0.544,0.115,0.595,,92.0,94.0,104.0,100.0,104.0,97.0,48.0,149.0,,-0.0,-12.6
Bojan Bogdanović,53.0,1641.0,,0.459,0.53,0.382,0.55,0.871,0.599,0.284,0.477,,101.0,101.0,109.0,105.0,113.0,107.0,118.0,119.0,,34.9,63.4
Bol Bol,14.0,81.0,,0.556,0.609,0.25,0.574,0.4,0.565,0.185,0.148,,122.0,116.0,72.0,109.0,52.0,101.0,77.0,37.0,,2.6,0.3
Leandro Bolmaro,25.0,188.0,,0.281,0.35,0.167,0.312,0.889,0.389,0.281,0.375,,62.0,66.0,48.0,59.0,115.0,70.0,117.0,94.0,,-13.6,-12.2
Isaac Bonga,13.0,66.0,,0.231,0.222,0.25,0.269,0.667,0.352,0.462,0.308,,51.0,42.0,72.0,51.0,86.0,63.0,192.0,77.0,,-6.7,-6.5
Devin Booker,47.0,1598.0,,0.45,0.49,0.373,0.514,0.857,0.558,0.244,0.343,,99.0,93.0,107.0,98.0,111.0,100.0,102.0,86.0,,-22.8,-1.5
,,,,,,,,,,,,,,,,,,,,,,,
,,,,,,,,,,,,,,,,,,,,,,,
Brandon Boston Jr.,39.0,605.0,,0.363,0.404,0.289,0.414,0.855,0.462,0.215,0.352,,80.0,77.0,83.0,79.0,111.0,83.0,90.0,88.0,,-57.1,-54.3
Chris Boucher,51.0,1028.0,,0.461,0.578,0.279,0.515,0.767,0.561,0.335,0.391,,101.0,110.0,80.0,98.0,99.0,100.0,140.0,98.0,,-7.3,1.6
James Bouknight,25.0,249.0,,0.368,0.384,0.341,0.43,0.852,0.481,0.237,0.36,,81.0,73.0,98.0,82.0,110.0,86.0,99.0,90.0,,-21.8,-19.8
Avery Bradley,48.0,1139.0,,0.41,0.458,0.376,0.52,0.857,0.53,0.048,0.59,,90.0,87.0,108.0,99.0,111.0,95.0,20.0,147.0,,-2.9,-17.5
Tony Bradley,41.0,474.0,,0.581,0.581,,0.581,0.7,0.598,0.19,0.0,,128.0,110.0,,111.0,91.0,107.0,79.0,,,11.6,8.7
Ignas Brazdeikis,25.0,228.0,,0.366,0.421,0.303,0.437,0.75,0.465,0.169,0.465,,80.0,80.0,87.0,83.0,97.0,83.0,70.0,116.0,,-12.6,-14.3
Mikal Bridges,54.0,1877.0,,0.522,0.615,0.369,0.592,0.875,0.617,0.149,0.377,,115.0,117.0,106.0,113.0,113.0,110.0,62.0,94.0,,71.6,66.0
Miles Bridges,54.0,1941.0,,0.485,0.593,0.31,0.544,0.797,0.582,0.263,0.383,,106.0,113.0,89.0,104.0,103.0,104.0,110.0,96.0,,30.9,41.7
Oshae Brissett,43.0,822.0,,0.403,0.462,0.333,0.479,0.658,0.511,0.307,0.454,,89.0,88.0,95.0,91.0,85.0,91.0,128.0,113.0,,-22.1,-26.1
Malcolm Brogdon,28.0,934.0,,0.448,0.529,0.307,0.504,0.861,0.558,0.297,0.365,,98.0,100.0,88.0,96.0,111.0,100.0,124.0,91.0,,-18.0,-0.6
Armoni Brooks,41.0,690.0,,0.347,0.605,0.3,0.474,0.842,0.49,0.076,0.849,,76.0,115.0,86.0,90.0,109.0,88.0,32.0,212.0,,-25.8,-36.0
Dillon Brooks,21.0,587.0,,0.426,0.469,0.327,0.475,0.889,0.521,0.212,0.297,,94.0,89.0,94.0,90.0,115.0,93.0,88.0,74.0,,-34.3,-28.6
Bruce Brown,45.0,924.0,,0.477,0.51,0.297,0.5,0.738,0.524,0.174,0.154,,105.0,97.0,85.0,95.0,96.0,94.0,73.0,38.0,,-12.3,-18.2
Charlie Brown Jr.,17.0,166.0,,0.25,0.333,0.083,0.264,0.875,0.329,0.222,0.333,,55.0,63.0,24.0,50.0,113.0,59.0,93.0,83.0,,-18.8,-18.2
Charlie Brown Jr.,3.0,15.0,,0.2,0.5,0.0,0.2,,0.2,0.0,0.6,,44.0,95.0,,38.0,,36.0,,150.0,,-3.3,-3.6
Charlie Brown Jr.,14.0,151.0,,0.258,0.318,0.111,0.274,0.875,0.348,0.258,0.29,,57.0,60.0,32.0,52.0,113.0,62.0,108.0,72.0,,-15.6,-14.6
Chaundee Brown Jr.,5.0,104.0,,0.312,0.286,0.333,0.406,0.833,0.447,0.188,0.562,,69.0,54.0,95.0,77.0,108.0,80.0,78.0,140.0,,-7.6,-7.7
Chaundee Brown Jr.,2.0,21.0,,0.143,0.25,0.0,0.143,,0.143,0.0,0.429,,31.0,47.0,,27.0,,26.0,,107.0,,-5.4,-5.8
Chaundee Brown Jr.,3.0,83.0,,0.36,0.3,0.4,0.48,0.833,0.525,0.24,0.6,,79.0,57.0,115.0,91.0,108.0,94.0,100.0,150.0,,-2.3,-1.9
Greg Brown III,25.0,173.0,,0.457,0.549,0.211,0.486,0.607,0.516,0.4,0.271,,100.0,104.0,60.0,92.0,79.0,92.0,167.0,68.0,,-5.6,-7.1
,,,,,,,,,,,,,,,,,,,,,,,
,,,,,,,,,,,,,,,,,,,,,,,
Jaylen Brown,42.0,1435.0,,0.461,0.537,0.349,0.531,0.783,0.568,0.256,0.404,,101.0,102.0,100.0,101.0,101.0,102.0,107.0,101.0,,9.5,15.2
Moses Brown,26.0,169.0,,0.54,0.54,,0.54,0.628,0.588,0.86,0.0,,119.0,103.0,,103.0,81.0,105.0,359.0,,,1.5,3.9
Sterling Brown,36.0,513.0,,0.398,0.49,0.342,0.504,0.909,0.523,0.086,0.617,,87.0,93.0,98.0,96.0,118.0,94.0,36.0,154.0,,-5.5,-9.6
Troy Brown Jr.,44.0,782.0,,0.431,0.505,0.352,0.516,0.76,0.535,0.133,0.484,,95.0,96.0,101.0,98.0,98.0,96.0,55.0,121.0,,-3.6,-9.5
Jalen Brunson,54.0,1708.0,,0.507,0.554,0.354,0.549,0.81,0.578,0.199,0.233,,111.0,105.0,101.0,104.0,105.0,103.0,83.0,58.0,,31.8,29.0
Thomas Bryant,11.0,177.0,,0.452,0.512,0.333,0.508,0.765,0.547,0.274,0.339,,99.0,97.0,95.0,97.0,99.0,98.0,114.0,85.0,,-2.2,-1.7
Shaq Buchanan,2.0,10.0,,0.25,0.5,0.0,0.25,,0.25,0.0,0.5,,55.0,95.0,,48.0,,45.0,,125.0,,-2.2,-2.5
Reggie Bullock,47.0,1164.0,,0.411,0.579,0.358,0.547,0.844,0.565,0.101,0.759,,90.0,110.0,103.0,104.0,109.0,101.0,42.0,189.0,,13.9,3.9
Trey Burke,30.0,334.0,,0.424,0.475,0.348,0.494,0.941,0.519,0.103,0.4,,93.0,90.0,100.0,94.0,122.0,93.0,43.0,100.0,,-10.4,-13.9
Alec Burks,54.0,1445.0,,0.382,0.377,0.388,0.484,0.832,0.549,0.37,0.524,,84.0,72.0,111.0,92.0,108.0,98.0,154.0,131.0,,-38.9,-11.5
Jared Butler,26.0,206.0,,0.407,0.463,0.356,0.5,0.583,0.509,0.14,0.523,,89.0,88.0,102.0,95.0,76.0,91.0,58.0,131.0,,-4.4,-9.1
Jimmy Butler,36.0,1215.0,,0.491,0.531,0.212,0.505,0.89,0.601,0.531,0.125,,108.0,101.0,61.0,96.0,115.0,107.0,222.0,31.0,,-22.0,54.2
Devontae Cacok,8.0,67.0,,0.696,0.696,,0.696,0.571,0.69,0.304,0.0,,153.0,132.0,,132.0,74.0,123.0,127.0,,,7.8,6.8
Kentavious Caldwell-Pope,50.0,1461.0,,0.404,0.444,0.368,0.5,0.887,0.53,0.142,0.522,,89.0,84.0,105.0,95.0,115.0,95.0,59.0,130.0,,-25.5,-31.1
Facundo Campazzo,51.0,1024.0,,0.38,0.5,0.313,0.48,0.803,0.525,0.259,0.639,,84.0,95.0,90.0,91.0,104.0,94.0,108.0,159.0,,-23.0,-19.6
Vlatko Čančar,14.0,152.0,,0.564,0.556,0.583,0.654,0.75,0.678,0.308,0.308,,124.0,106.0,167.0,124.0,97.0,121.0,128.0,77.0,,10.0,10.5
Clint Capela,46.0,1295.0,,0.58,0.581,0.0,0.58,0.455,0.573,0.289,0.003,,127.0,110.0,,110.0,59.0,102.0,120.0,1.0,,42.2,12.0
Vernon Carey Jr.,4.0,17.0,,0.5,0.5,,0.5,0.667,0.546,0.5,0.0,,110.0,95.0,,95.0,86.0,98.0,209.0,,,-0.3,-0.2
Jevon Carter,41.0,484.0,,0.327,0.293,0.34,0.449,0.75,0.458,0.054,0.721,,72.0,56.0,97.0,85.0,97.0,82.0,23.0,180.0,,-22.5,-30.3
Wendell Carter Jr.,47.0,1376.0,,0.504,0.597,0.329,0.561,0.715,0.59,0.299,0.346,,111.0,113.0,94.0,107.0,93.0,106.0,125.0,86.0,,34.4,34.1
,,,,,,,,,,,,,,,,,,,,,,,
,,,,,,,,,,,,,,,,,,,,,,,
Alex Caruso,28.0,775.0,,0.429,0.505,0.345,0.511,0.814,0.563,0.324,0.478,,94.0,96.0,99.0,97.0,105.0,101.0,135.0,119.0,,-5.3,1.4
Willie Cauley-Stein,18.0,177.0,,0.457,0.455,0.5,0.471,0.5,0.474,0.057,0.057,,100.0,86.0,143.0,90.0,65.0,85.0,24.0,14.0,,-3.8,-6.1
Ahmad Caver,1.0,1.0,,1.0,1.0,,1.0,,1.0,0.0,0.0,,220.0,190.0,,190.0,,179.0,,,,0.9,0.9
Justin Champagnie,30.0,252.0,,0.483,0.526,0.409,0.558,1.0,0.594,0.15,0.367,,106.0,100.0,117.0,106.0,129.0,106.0,63.0,91.0,,3.9,4.5
Zylan Cheatham,1.0,5.0,,0.0,0.0,0.0,0.0,,0.0,0.0,0.667,,,,,,,,,166.0,,-3.2,-3.4
Chris Chiozza,26.0,279.0,,0.292,0.136,0.372,0.415,1.0,0.42,0.015,0.662,,64.0,26.0,107.0,79.0,129.0,75.0,6.0,165.0,,-14.3,-18.2
Josh Christopher,46.0,765.0,,0.47,0.552,0.336,0.534,0.766,0.564,0.228,0.381,,103.0,105.0,96.0,102.0,99.0,101.0,95.0,95.0,,4.7,3.3
Marquese Chriss,22.0,251.0,,0.49,0.526,0.35,0.526,0.632,0.541,0.194,0.204,,108.0,100.0,100.0,100.0,82.0,97.0,81.0,51.0,,0.0,-3.9
Brandon Clarke,41.0,766.0,,0.654,0.685,0.222,0.662,0.711,0.678,0.279,0.066,,144.0,130.0,64.0,126.0,92.0,121.0,117.0,17.0,,74.1,72.4
Gary Clark,22.0,241.0,,0.364,0.3,0.378,0.518,0.667,0.529,0.109,0.818,,80.0,57.0,108.0,99.0,86.0,95.0,45.0,204.0,,-0.8,-3.5
Jordan Clarkson,52.0,1381.0,,0.401,0.508,0.321,0.492,0.819,0.519,0.144,0.573,,88.0,96.0,92.0,94.0,106.0,93.0,60.0,143.0,,-48.2,-62.9
Nic Claxton,25.0,530.0,,0.639,0.639,,0.639,0.566,0.639,0.342,0.0,,140.0,121.0,,122.0,73.0,114.0,143.0,,,35.1,28.6
Amir Coffey,43.0,949.0,,0.464,0.562,0.397,0.582,0.887,0.628,0.272,0.598,,102.0,107.0,114.0,111.0,115.0,112.0,113.0,149.0,,29.7,40.2
Darren Collison,3.0,37.0,,0.286,0.5,0.0,0.286,,0.286,0.0,0.429,,63.0,95.0,,54.0,,51.0,,107.0,,-3.4,-3.8
John Collins,49.0,1543.0,,0.541,0.593,0.395,0.593,0.794,0.626,0.268,0.263,,119.0,113.0,113.0,113.0,103.0,112.0,112.0,66.0,,80.6,88.7
Zach Collins,2.0,31.0,,0.462,0.455,0.5,0.5,0.5,0.508,0.308,0.154,,101.0,86.0,143.0,95.0,65.0,91.0,128.0,38.0,,-0.7,-1.5
Mike Conley,49.0,1395.0,,0.449,0.477,0.425,0.561,0.835,0.594,0.213,0.527,,99.0,91.0,122.0,107.0,108.0,106.0,89.0,131.0,,38.4,41.4
Pat Connaughton,53.0,1441.0,,0.473,0.639,0.413,0.625,0.811,0.636,0.091,0.735,,104.0,121.0,118.0,119.0,105.0,114.0,38.0,183.0,,81.2,65.5
Tyler Cook,18.0,192.0,,0.611,0.611,,0.611,0.645,0.645,0.861,0.0,,134.0,116.0,,116.0,84.0,115.0,359.0,,,6.2,8.5
Sharife Cooper,10.0,35.0,,0.214,0.25,0.167,0.25,,0.25,0.0,0.429,,47.0,47.0,48.0,48.0,,45.0,,107.0,,-7.7,-8.7
,,,,,,,,,,,,,,,,,,,,,,,
,,,,,,,,,,,,,,,,,,,,,,,
Petr Cornelie,13.0,38.0,,0.333,0.571,0.125,0.367,0.75,0.418,0.267,0.533,,73.0,109.0,36.0,70.0,97.0,75.0,111.0,133.0,,-4.8,-4.7
DeMarcus Cousins,22.0,353.0,,0.418,0.522,0.262,0.471,0.769,0.523,0.34,0.399,,92.0,99.0,75.0,90.0,100.0,94.0,142.0,99.0,,-16.8,-12.7
DeMarcus Cousins,17.0,287.0,,0.466,0.6,0.271,0.521,0.816,0.572,0.322,0.407,,102.0,114.0,78.0,99.0,106.0,102.0,134.0,101.0,,-1.0,3.3
DeMarcus Cousins,5.0,66.0,,0.257,0.273,0.231,0.3,0.643,0.364,0.4,0.371,,56.0,52.0,66.0,57.0,83.0,65.0,167.0,93.0,,-15.8,-16.0
Robert Covington,50.0,1483.0,,0.385,0.469,0.346,0.503,0.822,0.526,0.127,0.68,,85.0,89.0,99.0,96.0,106.0,94.0,53.0,170.0,,-16.0,-24.9
Robert Covington,48.0,1431.0,,0.381,0.462,0.343,0.499,0.833,0.519,0.107,0.685,,84.0,88.0,98.0,95.0,108.0,93.0,45.0,171.0,,-18.1,-28.5
Robert Covington,2.0,52.0,,0.471,0.571,0.4,0.588,0.778,0.644,0.529,0.588,,103.0,109.0,115.0,112.0,101.0,115.0,221.0,147.0,,2.1,3.6
Torrey Craig,51.0,1034.0,,0.456,0.573,0.333,0.537,0.771,0.555,0.125,0.491,,100.0,109.0,95.0,102.0,100.0,99.0,52.0,123.0,,6.7,-2.5
Jae Crowder,44.0,1244.0,,0.397,0.504,0.343,0.512,0.816,0.536,0.143,0.671,,87.0,96.0,98.0,97.0,106.0,96.0,60.0,167.0,,-9.5,-16.7
Jarrett Culver,25.0,233.0,,0.416,0.475,0.3,0.466,0.524,0.478,0.236,0.337,,91.0,90.0,86.0,89.0,68.0,86.0,98.0,84.0,,-10.5,-15.9
Jarron Cumberland,3.0,12.0,,0.5,1.0,0.0,0.5,,0.5,0.0,0.5,,110.0,190.0,,95.0,,89.0,,125.0,,-0.1,-0.2
Cade Cunningham,41.0,1314.0,,0.397,0.446,0.328,0.465,0.86,0.495,0.139,0.415,,87.0,85.0,94.0,89.0,111.0,88.0,58.0,104.0,,-74.5,-84.3
Seth Curry,45.0,1566.0,,0.485,0.561,0.4,0.58,0.877,0.603,0.138,0.473,,106.0,107.0,115.0,110.0,113.0,108.0,58.0,118.0,,57.1,49.6
Stephen Curry,50.0,1732.0,,0.422,0.492,0.381,0.542,0.911,0.589,0.24,0.632,,93.0,93.0,109.0,103.0,118.0,105.0,100.0,158.0,,33.1,65.6
Anthony Davis,35.0,1245.0,,0.537,0.579,0.172,0.546,0.712,0.581,0.351,0.104,,118.0,110.0,49.0,104.0,92.0,104.0,146.0,26.0,,24.7,30.7
Ed Davis,18.0,139.0,,0.643,0.643,,0.643,0.375,0.599,0.571,0.0,,141.0,122.0,,122.0,49.0,107.0,238.0,,,3.3,1.4
Terence Davis,30.0,536.0,,0.423,0.542,0.329,0.515,0.818,0.543,0.165,0.558,,93.0,103.0,94.0,98.0,106.0,97.0,69.0,139.0,,-5.6,-9.2
Gabriel Deck,7.0,56.0,,0.571,0.6,0.5,0.643,,0.643,0.0,0.286,,125.0,114.0,143.0,122.0,,115.0,,71.0,,3.3,2.3
Dewayne Dedmon,48.0,792.0,,0.582,0.589,0.536,0.617,0.781,0.649,0.3,0.131,,128.0,112.0,153.0,117.0,101.0,116.0,125.0,33.0,,39.1,43.3
Sam Dekker,1.0,1.0,,,,,,,,,,,,,,,,,,,,0.0,0.0
,,,,,,,,,,,,,,,,,,,,,,,
,,,,,,,,,,,,,,,,,,,,,,,
Javin DeLaurier,1.0,3.0,,,,,,,,,,,,,,,,,,,,0.0,0.0
DeMar DeRozan,51.0,1807.0,,0.51,0.527,0.344,0.526,0.859,0.594,0.405,0.096,,112.0,100.0,98.0,100.0,111.0,106.0,169.0,24.0,,1.2,82.3
Mamadi Diakite,13.0,188.0,,0.532,0.595,0.0,0.532,0.545,0.54,0.234,0.106,,117.0,113.0,,101.0,71.0,97.0,98.0,27.0,,0.6,-2.0
Cheick Diallo,3.0,31.0,,0.375,0.375,,0.375,0.833,0.517,0.75,0.0,,82.0,71.0,,71.0,108.0,92.0,313.0,,,-2.4,-0.9
Hamidou Diallo,47.0,1055.0,,0.496,0.55,0.25,0.519,0.667,0.543,0.253,0.178,,109.0,104.0,72.0,99.0,86.0,97.0,105.0,44.0,,-5.8,-15.6
Gorgui Dieng,35.0,323.0,,0.473,0.537,0.42,0.588,0.739,0.613,0.253,0.549,,104.0,102.0,120.0,112.0,96.0,110.0,105.0,137.0,,11.4,10.9
Spencer Dinwiddie,44.0,1330.0,,0.376,0.432,0.31,0.447,0.811,0.501,0.291,0.459,,83.0,82.0,89.0,85.0,105.0,90.0,121.0,115.0,,-77.1,-64.5
Donte DiVincenzo,17.0,341.0,,0.331,0.409,0.284,0.419,0.852,0.47,0.229,0.627,,73.0,78.0,81.0,80.0,110.0,84.0,95.0,156.0,,-25.0,-23.2
Luka Dončić,40.0,1403.0,,0.445,0.523,0.316,0.505,0.736,0.546,0.32,0.376,,98.0,99.0,91.0,96.0,95.0,98.0,134.0,94.0,,-34.8,-25.7
Luguentz Dort,49.0,1601.0,,0.404,0.491,0.332,0.494,0.851,0.542,0.254,0.542,,89.0,93.0,95.0,94.0,110.0,97.0,106.0,135.0,,-43.2,-26.7
Ayo Dosunmu,50.0,1237.0,,0.517,0.58,0.409,0.592,0.661,0.604,0.188,0.369,,113.0,110.0,117.0,113.0,86.0,108.0,78.0,92.0,,39.8,29.2
Damyean Dotson,2.0,21.0,,0.5,0.667,0.0,0.5,,0.5,0.0,0.25,,110.0,127.0,,95.0,,89.0,,62.0,,-0.2,-0.5
Devon Dotson,11.0,85.0,,0.478,0.643,0.222,0.522,0.556,0.538,0.391,0.391,,105.0,122.0,64.0,99.0,72.0,96.0,163.0,98.0,,-0.2,-1.1
Sekou Doumbouya,2.0,16.0,,0.625,0.667,0.5,0.688,0.75,0.717,0.5,0.25,,137.0,127.0,143.0,131.0,97.0,128.0,209.0,62.0,,2.6,3.1
Jeff Dowtin,5.0,31.0,,0.429,0.6,0.0,0.429,,0.429,0.0,0.286,,94.0,114.0,,82.0,,77.0,,71.0,,-1.4,-1.8
Jeff Dowtin,4.0,28.0,,0.5,0.6,0.0,0.5,,0.5,0.0,0.167,,110.0,114.0,,95.0,,89.0,,42.0,,-0.3,-0.7
Jeff Dowtin,1.0,3.0,,0.0,,0.0,0.0,,0.0,0.0,1.0,,,,,,,,,250.0,,-1.1,-1.1
PJ Dozier,18.0,340.0,,0.364,0.412,0.312,0.439,0.769,0.463,0.131,0.485,,80.0,78.0,89.0,84.0,100.0,83.0,55.0,121.0,,-17.0,-20.1
Goran Dragić,5.0,90.0,,0.382,0.45,0.286,0.441,1.0,0.521,0.294,0.412,,84.0,85.0,82.0,84.0,129.0,93.0,123.0,103.0,,-5.7,-2.9
Andre Drummond,49.0,902.0,,0.538,0.542,0.0,0.538,0.512,0.544,0.345,0.008,,118.0,103.0,,102.0,66.0,97.0,144.0,2.0,,5.9,-8.5
,,,,,,,,,,,,,,,,,,,,,,,
,,,,,,,,,,,,,,,,,,,,,,,
Chris Duarte,48.0,1392.0,,0.435,0.488,0.359,0.509,0.792,0.538,0.18,0.412,,95.0,93.0,103.0,97.0,103.0,96.0,75.0,103.0,,-18.6,-26.0
David Duke Jr.,15.0,273.0,,0.374,0.433,0.258,0.418,0.842,0.463,0.209,0.341,,82.0,82.0,74.0,79.0,109.0,83.0,87.0,85.0,,-19.6,-19.1
Kevin Durant,36.0,1313.0,,0.52,0.568,0.372,0.566,0.894,0.626,0.35,0.247,,114.0,108.0,107.0,108.0,116.0,112.0,146.0,62.0,,58.8,112.3
Jaime Echenique,1.0,3.0,,,,,,,,,,,,,,,,,,,,0.0,0.0
Anthony Edwards,49.0,1708.0,,0.436,0.509,0.357,0.521,0.806,0.555,0.209,0.48,,96.0,97.0,102.0,99.0,104.0,99.0,87.0,120.0,,-7.3,-8.5
Kessler Edwards,23.0,588.0,,0.425,0.474,0.373,0.516,0.75,0.524,0.052,0.49,,93.0,90.0,107.0,98.0,97.0,94.0,22.0,122.0,,-2.8,-11.0
Rob Edwards,2.0,11.0,,0.25,,0.25,0.375,,0.375,0.0,1.0,,55.0,,72.0,71.0,,67.0,,250.0,,-1.2,-1.5
CJ Elleby,32.0,441.0,,0.411,0.486,0.308,0.476,0.85,0.508,0.161,0.419,,90.0,92.0,88.0,91.0,110.0,91.0,67.0,105.0,,-12.3,-13.5
Wayne Ellington,34.0,657.0,,0.399,0.471,0.392,0.577,0.8,0.58,0.027,0.907,,88.0,89.0,112.0,110.0,104.0,104.0,11.0,226.0,,18.7,7.9
Joel Embiid,42.0,1384.0,,0.498,0.53,0.358,0.531,0.812,0.609,0.57,0.186,,109.0,101.0,102.0,101.0,105.0,109.0,238.0,47.0,,8.7,101.9
James Ennis III,7.0,56.0,,0.458,0.5,0.375,0.521,0.8,0.553,0.208,0.333,,101.0,95.0,107.0,99.0,104.0,99.0,87.0,83.0,,-0.2,-0.3
James Ennis III,2.0,14.0,,0.286,0.2,0.5,0.357,,0.357,0.0,0.286,,63.0,38.0,143.0,68.0,,64.0,,71.0,,-2.4,-2.8
James Ennis III,2.0,28.0,,0.636,0.714,0.5,0.727,1.0,0.784,0.364,0.364,,140.0,136.0,143.0,138.0,129.0,140.0,152.0,91.0,,4.4,5.7
James Ennis III,3.0,14.0,,0.333,0.5,0.0,0.333,0.0,0.311,0.167,0.333,,73.0,95.0,,63.0,,56.0,70.0,83.0,,-2.3,-3.2
Drew Eubanks,49.0,595.0,,0.528,0.55,0.125,0.531,0.747,0.588,0.497,0.05,,116.0,104.0,36.0,101.0,97.0,105.0,207.0,13.0,,1.9,11.3
Tacko Fall,11.0,59.0,,0.417,0.417,,0.417,0.286,0.398,0.583,0.0,,91.0,79.0,,79.0,37.0,71.0,243.0,,,-2.6,-4.9
Derrick Favors,35.0,575.0,,0.497,0.528,0.154,0.503,0.636,0.516,0.14,0.083,,109.0,100.0,44.0,96.0,82.0,92.0,58.0,21.0,,-7.0,-14.4
Bruno Fernando,20.0,58.0,,0.5,0.462,1.0,0.536,0.8,0.586,0.357,0.071,,110.0,88.0,286.0,102.0,104.0,105.0,149.0,18.0,,0.3,0.9
Dorian Finney-Smith,54.0,1753.0,,0.435,0.544,0.363,0.545,0.688,0.558,0.139,0.604,,95.0,103.0,104.0,104.0,89.0,100.0,58.0,151.0,,17.5,-0.9
Malik Fitts,7.0,35.0,,0.222,0.0,0.5,0.333,,0.333,0.0,0.444,,49.0,,143.0,63.0,,60.0,,111.0,,-3.5,-4.1
,,,,,,,,,,,,,,,,,,,,,,,
,,,,,,,,,,,,,,,,,,,,,,,
Malachi Flynn,31.0,268.0,,0.365,0.457,0.28,0.438,0.667,0.45,0.094,0.521,,80.0,87.0,80.0,83.0,86.0,81.0,39.0,130.0,,-16.9,-21.8
Bryn Forbes,51.0,901.0,,0.425,0.439,0.41,0.528,0.897,0.557,0.146,0.503,,93.0,83.0,117.0,100.0,116.0,100.0,61.0,125.0,,1.7,-1.6
Bryn Forbes,40.0,676.0,,0.432,0.448,0.417,0.539,0.898,0.572,0.166,0.51,,95.0,85.0,119.0,103.0,116.0,102.0,69.0,127.0,,7.9,7.9
Bryn Forbes,11.0,225.0,,0.402,0.415,0.388,0.495,0.889,0.514,0.088,0.48,,88.0,79.0,111.0,94.0,115.0,92.0,37.0,120.0,,-6.2,-9.5
Aleem Ford,5.0,74.0,,0.3,0.8,0.133,0.35,,0.35,0.0,0.75,,66.0,152.0,38.0,67.0,,63.0,,187.0,,-7.0,-8.4
Trent Forrest,43.0,514.0,,0.552,0.617,0.2,0.568,0.781,0.609,0.333,0.156,,121.0,117.0,57.0,108.0,101.0,109.0,139.0,39.0,,8.1,10.9
Evan Fournier,53.0,1538.0,,0.429,0.471,0.402,0.55,0.716,0.563,0.116,0.6,,94.0,89.0,115.0,105.0,93.0,101.0,48.0,150.0,,31.5,5.1
De'Aaron Fox,45.0,1540.0,,0.46,0.512,0.269,0.489,0.749,0.536,0.337,0.214,,101.0,97.0,77.0,93.0,97.0,96.0,141.0,53.0,,-56.8,-41.7
Tim Frazier,10.0,200.0,,0.302,0.269,0.353,0.372,0.556,0.394,0.209,0.395,,66.0,51.0,101.0,71.0,72.0,70.0,87.0,99.0,,-13.2,-15.5
Wenyen Gabriel,7.0,47.0,,0.385,0.375,0.4,0.462,0.5,0.474,0.308,0.385,,84.0,71.0,115.0,88.0,65.0,85.0,128.0,96.0,,-1.7,-2.5
Wenyen Gabriel,1.0,1.0,,,,,,,,,,,,,,,,,,,,0.0,0.0
Wenyen Gabriel,6.0,46.0,,0.385,0.375,0.4,0.462,0.5,0.474,0.308,0.385,,84.0,71.0,115.0,88.0,65.0,85.0,128.0,96.0,,-1.7,-2.5
Daniel Gafford,48.0,988.0,,0.678,0.678,,0.678,0.756,0.7,0.322,0.0,,149.0,129.0,,129.0,98.0,125.0,134.0,,,81.4,86.1
Danilo Gallinari,43.0,997.0,,0.421,0.459,0.387,0.523,0.913,0.585,0.315,0.524,,92.0,87.0,111.0,99.0,118.0,105.0,131.0,131.0,,-1.8,19.8
Langston Galloway,7.0,107.0,,0.231,0.4,0.125,0.269,,0.269,0.0,0.615,,51.0,76.0,36.0,51.0,,48.0,,154.0,,-13.3,-15.1
Langston Galloway,4.0,58.0,,0.385,0.6,0.25,0.462,,0.462,0.0,0.615,,84.0,114.0,72.0,88.0,,83.0,,154.0,,-1.7,-2.5
Langston Galloway,3.0,49.0,,0.077,0.2,0.0,0.077,,0.077,0.0,0.615,,17.0,38.0,,15.0,,14.0,,154.0,,-11.7,-12.5
Darius Garland,45.0,1556.0,,0.474,0.547,0.375,0.553,0.907,0.583,0.15,0.422,,104.0,104.0,107.0,105.0,117.0,104.0,62.0,105.0,,40.2,36.6
Marcus Garrett,12.0,128.0,,0.238,0.235,0.25,0.262,0.4,0.28,0.238,0.19,,52.0,45.0,72.0,50.0,52.0,50.0,99.0,48.0,,-11.1,-12.9
Usman Garuba,15.0,105.0,,0.333,0.545,0.154,0.375,0.5,0.382,0.083,0.542,,73.0,104.0,44.0,71.0,65.0,68.0,35.0,135.0,,-7.2,-8.8
,,,,,,,,,,,,,,,,,,,,,,,
,,,,,,,,,,,,,,,,,,,,,,,
Luka Garza,27.0,327.0,,0.436,0.494,0.325,0.491,0.643,0.524,0.359,0.342,,96.0,94.0,93.0,94.0,83.0,94.0,150.0,85.0,,-8.0,-9.5
Rudy Gay,35.0,699.0,,0.418,0.518,0.34,0.514,0.79,0.551,0.242,0.562,,92.0,98.0,97.0,98.0,102.0,98.0,101.0,140.0,,-6.1,-4.8
Paul George,26.0,924.0,,0.421,0.484,0.323,0.484,0.88,0.528,0.21,0.39,,92.0,92.0,92.0,92.0,114.0,94.0,88.0,97.0,,-46.4,-38.3
Taj Gibson,35.0,627.0,,0.516,0.558,0.333,0.547,0.742,0.584,0.326,0.189,,113.0,106.0,95.0,104.0,96.0,105.0,136.0,47.0,,4.2,5.5
Josh Giddey,49.0,1535.0,,0.416,0.497,0.253,0.458,0.697,0.474,0.11,0.331,,91.0,94.0,72.0,87.0,90.0,85.0,46.0,83.0,,-80.5,-107.2
Shai Gilgeous-Alexander,43.0,1487.0,,0.424,0.488,0.278,0.466,0.811,0.531,0.377,0.306,,93.0,93.0,80.0,89.0,105.0,95.0,157.0,76.0,,-93.2,-51.3
Anthony Gill,21.0,121.0,,0.667,0.65,0.714,0.759,0.857,0.799,0.519,0.259,,146.0,123.0,204.0,144.0,111.0,143.0,216.0,65.0,,12.6,15.9
Freddie Gillespie,9.0,119.0,,0.409,0.429,0.0,0.409,0.429,0.419,0.318,0.045,,90.0,81.0,,78.0,55.0,75.0,133.0,11.0,,-5.1,-7.0
Rudy Gobert,42.0,1364.0,,0.707,0.712,0.0,0.707,0.69,0.728,0.848,0.006,,155.0,135.0,,135.0,89.0,130.0,354.0,1.0,,121.9,155.6
Brandon Goodwin,15.0,251.0,,0.388,0.396,0.375,0.459,0.5,0.466,0.165,0.376,,85.0,75.0,107.0,87.0,65.0,83.0,69.0,94.0,,-11.3,-16.9
Jordan Goodwin,2.0,6.0,,0.0,0.0,0.0,0.0,,0.0,0.0,0.333,,,,,,,,,83.0,,-3.2,-3.4
Aaron Gordon,49.0,1555.0,,0.52,0.607,0.337,0.574,0.733,0.602,0.274,0.323,,114.0,115.0,97.0,109.0,95.0,108.0,114.0,81.0,,51.8,51.1
Eric Gordon,45.0,1326.0,,0.491,0.558,0.427,0.6,0.757,0.626,0.251,0.511,,108.0,106.0,122.0,114.0,98.0,112.0,105.0,127.0,,68.6,68.2
Devonte' Graham,50.0,1563.0,,0.363,0.396,0.348,0.481,0.845,0.514,0.168,0.679,,80.0,75.0,100.0,92.0,109.0,92.0,70.0,169.0,,-54.3,-59.3
Jerami Grant,29.0,945.0,,0.404,0.443,0.331,0.461,0.832,0.529,0.371,0.342,,89.0,84.0,95.0,88.0,108.0,95.0,155.0,85.0,,-57.9,-31.4
Hassani Gravett,8.0,171.0,,0.474,0.583,0.423,0.618,0.75,0.629,0.105,0.684,,104.0,111.0,121.0,118.0,97.0,112.0,44.0,171.0,,7.1,5.5
Danny Green,36.0,842.0,,0.412,0.545,0.386,0.574,0.9,0.583,0.049,0.838,,90.0,104.0,111.0,109.0,116.0,104.0,20.0,209.0,,19.6,10.0
Draymond Green,34.0,1018.0,,0.537,0.604,0.286,0.567,0.597,0.581,0.333,0.209,,118.0,115.0,82.0,108.0,77.0,104.0,139.0,52.0,,16.8,10.3
JaMychal Green,41.0,604.0,,0.46,0.611,0.264,0.517,0.873,0.569,0.275,0.435,,101.0,116.0,76.0,98.0,113.0,102.0,115.0,109.0,,-3.2,4.3
Javonte Green,39.0,922.0,,0.526,0.619,0.283,0.565,0.819,0.617,0.375,0.276,,115.0,118.0,81.0,108.0,106.0,110.0,156.0,69.0,,15.2,25.9
,,,,,,,,,,,,,,,,,,,,,,,
,,,,,,,,,,,,,,,,,,,,,,,
Jalen Green,39.0,1178.0,,0.377,0.458,0.29,0.447,0.838,0.504,0.289,0.485,,83.0,87.0,83.0,85.0,108.0,90.0,121.0,121.0,,-77.0,-60.9
Jeff Green,50.0,1228.0,,0.514,0.599,0.321,0.563,0.817,0.612,0.346,0.308,,113.0,114.0,92.0,107.0,106.0,109.0,144.0,77.0,,27.4,44.0
Josh Green,40.0,553.0,,0.518,0.579,0.312,0.554,0.714,0.58,0.252,0.23,,114.0,110.0,89.0,105.0,92.0,104.0,105.0,57.0,,7.9,6.3
Blake Griffin,43.0,799.0,,0.413,0.57,0.23,0.466,0.733,0.499,0.227,0.462,,91.0,108.0,66.0,89.0,95.0,89.0,95.0,115.0,,-31.5,-34.7
Quentin Grimes,35.0,556.0,,0.407,0.5,0.382,0.558,0.727,0.565,0.064,0.791,,89.0,95.0,109.0,106.0,94.0,101.0,27.0,197.0,,11.2,2.2
Kyle Guy,14.0,175.0,,0.433,0.48,0.4,0.55,0.7,0.567,0.167,0.583,,95.0,91.0,115.0,105.0,91.0,101.0,70.0,146.0,,2.9,1.0
Rui Hachimura,14.0,250.0,,0.436,0.462,0.379,0.495,0.762,0.528,0.223,0.309,,96.0,88.0,109.0,94.0,99.0,94.0,93.0,77.0,,-5.8,-6.5
Tyrese Haliburton,51.0,1757.0,,0.457,0.491,0.413,0.546,0.837,0.575,0.177,0.43,,100.0,93.0,118.0,104.0,108.0,103.0,74.0,107.0,,24.1,20.5
Tyler Hall,1.0,2.0,,,,,,,,,,,,,,,,,,,,0.0,0.0
R.J. Hampton,42.0,815.0,,0.382,0.393,0.364,0.452,0.608,0.478,0.282,0.382,,84.0,75.0,104.0,86.0,79.0,86.0,118.0,95.0,,-41.3,-51.0
Tim Hardaway Jr.,42.0,1245.0,,0.394,0.473,0.336,0.491,0.757,0.52,0.194,0.574,,87.0,90.0,96.0,93.0,98.0,93.0,81.0,143.0,,-37.0,-45.4
James Harden,44.0,1627.0,,0.414,0.476,0.332,0.486,0.869,0.576,0.496,0.435,,91.0,90.0,95.0,92.0,112.0,103.0,207.0,108.0,,-56.0,28.3
Maurice Harkless,38.0,737.0,,0.444,0.634,0.297,0.528,0.714,0.543,0.13,0.562,,98.0,120.0,85.0,100.0,92.0,97.0,54.0,140.0,,0.7,-5.5
Jared Harper,2.0,10.0,,0.429,0.4,0.5,0.5,,0.5,0.0,0.286,,94.0,76.0,143.0,95.0,,89.0,,71.0,,-0.4,-0.8
Montrezl Harrell,46.0,1117.0,,0.645,0.66,0.267,0.65,0.727,0.684,0.535,0.039,,142.0,125.0,76.0,124.0,94.0,122.0,223.0,10.0,,95.5,117.8
Gary Harris,48.0,1416.0,,0.444,0.505,0.388,0.545,0.844,0.574,0.169,0.521,,97.0,96.0,111.0,104.0,109.0,103.0,71.0,130.0,,17.8,14.3
Joe Harris,14.0,423.0,,0.452,0.417,0.466,0.617,0.833,0.624,0.048,0.71,,99.0,79.0,133.0,117.0,108.0,112.0,20.0,177.0,,22.7,16.4
Shaquille Harrison,2.0,23.0,,0.333,0.5,0.0,0.333,,0.333,0.0,0.333,,73.0,95.0,,63.0,,60.0,,83.0,,-2.3,-2.7
Tobias Harris,45.0,1595.0,,0.488,0.53,0.346,0.528,0.853,0.57,0.238,0.228,,107.0,101.0,99.0,100.0,110.0,102.0,99.0,57.0,,3.1,15.9
Isaiah Hartenstein,42.0,674.0,,0.624,0.628,0.5,0.631,0.681,0.65,0.338,0.028,,137.0,119.0,143.0,120.0,88.0,116.0,141.0,7.0,,45.1,44.4
,,,,,,,,,,,,,,,,,,,,,,,
,,,,,,,,,,,,,,,,,,,,,,,
Josh Hart,41.0,1374.0,,0.505,0.598,0.323,0.56,0.753,0.604,0.399,0.337,,111.0,114.0,92.0,106.0,97.0,108.0,166.0,84.0,,26.3,40.6
Udonis Haslem,9.0,57.0,,0.5,0.5,0.5,0.523,1.0,0.557,0.136,0.091,,110.0,95.0,143.0,99.0,129.0,100.0,57.0,23.0,,-0.1,-0.1
Sam Hauser,10.0,41.0,,0.286,,0.286,0.429,,0.429,0.0,1.0,,63.0,,82.0,82.0,,77.0,,250.0,,-2.7,-3.7
Jaxson Hayes,42.0,688.0,,0.63,0.677,0.28,0.647,0.771,0.688,0.498,0.118,,138.0,129.0,80.0,123.0,100.0,123.0,208.0,30.0,,51.2,66.4
Killian Hayes,42.0,1052.0,,0.365,0.422,0.278,0.42,0.809,0.455,0.172,0.394,,80.0,80.0,80.0,80.0,105.0,81.0,72.0,98.0,,-58.0,-61.5
Gordon Hayward,48.0,1547.0,,0.46,0.499,0.39,0.529,0.846,0.571,0.244,0.357,,101.0,95.0,112.0,101.0,109.0,102.0,102.0,89.0,,4.8,16.4
Aaron Henry,6.0,17.0,,0.2,0.25,0.0,0.2,,0.2,0.0,0.2,,44.0,47.0,,38.0,,36.0,,50.0,,-3.3,-3.6
Juancho Hernangómez,23.0,147.0,,0.212,0.333,0.143,0.258,0.692,0.336,0.394,0.636,,47.0,63.0,41.0,49.0,90.0,60.0,164.0,159.0,,-17.7,-17.3
Juancho Hernangómez,18.0,96.0,,0.185,0.222,0.167,0.241,0.667,0.307,0.333,0.667,,41.0,42.0,48.0,46.0,86.0,55.0,139.0,166.0,,-15.4,-15.6
Juancho Hernangómez,5.0,51.0,,0.333,0.667,0.0,0.333,0.75,0.451,0.667,0.5,,73.0,127.0,,63.0,97.0,81.0,278.0,125.0,,-2.3,-1.7
Willy Hernangómez,28.0,467.0,,0.536,0.54,0.429,0.544,0.753,0.592,0.421,0.038,,118.0,103.0,123.0,103.0,97.0,106.0,175.0,10.0,,6.7,14.5
Tyler Herro,45.0,1480.0,,0.428,0.46,0.378,0.502,0.873,0.536,0.171,0.391,,94.0,87.0,108.0,96.0,113.0,96.0,71.0,98.0,,-37.0,-38.8
Buddy Hield,55.0,1574.0,,0.382,0.419,0.368,0.514,0.87,0.54,0.133,0.714,,84.0,80.0,105.0,98.0,113.0,97.0,55.0,178.0,,-16.3,-28.2
Haywood Highsmith,4.0,42.0,,0.5,0.0,0.571,0.75,,0.75,0.0,0.875,,110.0,,164.0,143.0,,134.0,,218.0,,3.6,3.1
George Hill,41.0,1044.0,,0.436,0.556,0.316,0.515,0.96,0.564,0.214,0.5,,96.0,106.0,91.0,98.0,124.0,101.0,89.0,125.0,,-4.9,2.7
Malcolm Hill,14.0,176.0,,0.488,0.643,0.414,0.628,0.833,0.663,0.279,0.674,,107.0,122.0,118.0,119.0,108.0,119.0,116.0,168.0,,8.8,10.0
Malcolm Hill,3.0,46.0,,0.625,0.667,0.6,0.812,1.0,0.871,0.5,0.625,,137.0,127.0,172.0,155.0,129.0,156.0,209.0,156.0,,4.6,6.1
Malcolm Hill,11.0,130.0,,0.457,0.636,0.375,0.586,0.75,0.61,0.229,0.686,,100.0,121.0,107.0,111.0,97.0,109.0,95.0,171.0,,4.2,3.9
Solomon Hill,13.0,139.0,,0.15,0.143,0.154,0.2,,0.2,0.0,0.65,,33.0,27.0,44.0,38.0,,36.0,,162.0,,-13.0,-14.4
Nate Hinton,2.0,2.0,,0.0,0.0,,0.0,,0.0,0.0,0.0,,,,,,,,,,,-1.1,-1.1
,,,,,,,,,,,,,,,,,,,,,,,
,,,,,,,,,,,,,,,,,,,,,,,
Jaylen Hoard,1.0,2.0,,0.0,0.0,,0.0,,0.0,0.0,0.0,,,,,,,,,,,-1.1,-1.1
Aaron Holiday,41.0,663.0,,0.467,0.524,0.343,0.521,0.8,0.547,0.164,0.313,,103.0,99.0,98.0,99.0,104.0,98.0,68.0,78.0,,-1.9,-5.5
Jrue Holiday,43.0,1408.0,,0.503,0.554,0.395,0.566,0.76,0.586,0.163,0.319,,110.0,105.0,113.0,108.0,98.0,105.0,68.0,79.0,,49.8,35.4
Justin Holiday,50.0,1446.0,,0.409,0.512,0.371,0.545,0.837,0.561,0.092,0.729,,90.0,97.0,106.0,104.0,108.0,100.0,38.0,182.0,,18.1,1.4
Justin Holiday,49.0,1416.0,,0.415,0.516,0.378,0.553,0.829,0.568,0.09,0.734,,91.0,98.0,108.0,105.0,107.0,102.0,37.0,183.0,,25.6,8.7
Justin Holiday,1.0,30.0,,0.182,0.4,0.0,0.182,1.0,0.253,0.182,0.545,,40.0,76.0,,35.0,129.0,45.0,76.0,136.0,,-7.6,-7.3
Richaun Holmes,38.0,963.0,,0.684,0.689,0.4,0.688,0.765,0.709,0.312,0.018,,150.0,131.0,115.0,131.0,99.0,127.0,130.0,5.0,,88.1,93.0
Rodney Hood,39.0,581.0,,0.351,0.431,0.3,0.443,0.929,0.47,0.107,0.611,,77.0,82.0,86.0,84.0,120.0,84.0,45.0,152.0,,-21.7,-24.4
Scotty Hopson,1.0,18.0,,0.5,0.667,0.0,0.5,,0.5,0.0,0.25,,110.0,127.0,,95.0,,89.0,,62.0,,-0.2,-0.5
Al Horford,47.0,1335.0,,0.435,0.557,0.293,0.502,0.84,0.536,0.184,0.462,,95.0,106.0,84.0,96.0,109.0,96.0,77.0,115.0,,-18.8,-20.0
Talen Horton-Tucker,40.0,1028.0,,0.41,0.483,0.269,0.456,0.797,0.494,0.211,0.339,,90.0,92.0,77.0,87.0,103.0,88.0,88.0,85.0,,-48.9,-49.9
Danuel House Jr.,24.0,371.0,,0.386,0.436,0.339,0.474,0.818,0.525,0.289,0.518,,85.0,83.0,97.0,90.0,106.0,94.0,121.0,129.0,,-11.8,-8.7
Danuel House Jr.,16.0,233.0,,0.338,0.375,0.294,0.405,0.895,0.467,0.257,0.459,,74.0,71.0,84.0,77.0,116.0,84.0,107.0,115.0,,-17.8,-15.1
Danuel House Jr.,1.0,3.0,,0.0,,0.0,0.0,,0.0,0.0,1.0,,,,,,,,,250.0,,-1.1,-1.1
Danuel House Jr.,7.0,135.0,,0.487,0.6,0.417,0.615,0.714,0.642,0.359,0.615,,107.0,114.0,119.0,117.0,92.0,115.0,150.0,154.0,,7.0,7.5
Dwight Howard,41.0,594.0,,0.621,0.617,0.667,0.645,0.612,0.657,0.685,0.073,,136.0,117.0,191.0,123.0,79.0,117.0,286.0,18.0,,29.7,31.5
Markus Howard,22.0,134.0,,0.37,0.2,0.434,0.527,0.929,0.568,0.192,0.726,,81.0,38.0,124.0,100.0,120.0,102.0,80.0,181.0,,0.3,1.5
Kevin Huerter,47.0,1367.0,,0.463,0.554,0.377,0.56,0.8,0.571,0.076,0.513,,102.0,105.0,108.0,107.0,104.0,102.0,32.0,128.0,,31.5,11.4
Jay Huff,4.0,20.0,,0.0,0.0,0.0,0.0,,0.0,0.0,0.667,,,,,,,,,166.0,,-3.2,-3.4
Elijah Hughes,14.0,112.0,,0.417,0.625,0.357,0.556,1.0,0.576,0.083,0.778,,91.0,119.0,102.0,106.0,129.0,103.0,35.0,194.0,,2.2,1.3
,,,,,,,,,,,,,,,,,,,,,,,
,,,,,,,,,,,,,,,,,,,,,,,
De'Andre Hunter,26.0,747.0,,0.453,0.475,0.407,0.52,0.701,0.551,0.281,0.332,,99.0,90.0,116.0,99.0,91.0,98.0,117.0,83.0,,-3.0,-5.3
Chandler Hutchison,6.0,22.0,,0.5,0.5,,0.5,1.0,0.694,1.0,0.0,,110.0,95.0,,95.0,129.0,124.0,417.0,,,-0.1,0.8
Bones Hyland,42.0,742.0,,0.366,0.395,0.348,0.473,0.889,0.509,0.162,0.613,,80.0,75.0,100.0,90.0,115.0,91.0,68.0,153.0,,-35.0,-36.0
Serge Ibaka,35.0,538.0,,0.49,0.538,0.387,0.552,0.69,0.567,0.151,0.323,,107.0,102.0,111.0,105.0,89.0,101.0,63.0,81.0,,10.2,3.0
Andre Iguodala,26.0,518.0,,0.392,0.634,0.23,0.461,0.812,0.491,0.157,0.598,,86.0,120.0,66.0,88.0,105.0,88.0,65.0,149.0,,-13.2,-14.9
Joe Ingles,45.0,1122.0,,0.404,0.617,0.347,0.54,0.773,0.551,0.077,0.789,,89.0,117.0,99.0,103.0,100.0,99.0,32.0,197.0,,8.5,-4.5
Brandon Ingram,40.0,1379.0,,0.45,0.483,0.348,0.493,0.82,0.545,0.308,0.245,,99.0,92.0,100.0,94.0,106.0,97.0,128.0,61.0,,-48.7,-23.7
Kyrie Irving,12.0,427.0,,0.456,0.5,0.367,0.517,0.917,0.55,0.152,0.333,,100.0,95.0,105.0,98.0,119.0,98.0,63.0,83.0,,-4.1,-4.7
Wes Iwundu,3.0,82.0,,0.444,0.385,0.6,0.528,0.75,0.557,0.222,0.278,,98.0,73.0,172.0,100.0,97.0,100.0,93.0,69.0,,0.1,-0.1
Frank Jackson,41.0,931.0,,0.422,0.554,0.33,0.52,0.792,0.548,0.188,0.591,,93.0,105.0,95.0,99.0,102.0,98.0,78.0,147.0,,-4.6,-8.8
Isaiah Jackson,19.0,181.0,,0.526,0.536,0.429,0.546,0.677,0.58,0.408,0.092,,116.0,102.0,123.0,104.0,88.0,104.0,170.0,23.0,,3.1,3.8
Jaren Jackson Jr.,55.0,1536.0,,0.424,0.492,0.318,0.486,0.802,0.539,0.321,0.393,,93.0,94.0,91.0,92.0,104.0,96.0,134.0,98.0,,-59.4,-35.1
Josh Jackson,39.0,707.0,,0.41,0.529,0.265,0.47,0.714,0.501,0.223,0.45,,90.0,100.0,76.0,89.0,92.0,90.0,93.0,112.0,,-27.8,-32.2
Justin Jackson,7.0,37.0,,0.333,0.333,0.333,0.433,1.0,0.472,0.133,0.6,,73.0,63.0,95.0,82.0,129.0,84.0,56.0,150.0,,-2.8,-2.8
Justin Jackson,1.0,2.0,,0.0,0.0,,0.0,1.0,0.532,2.0,0.0,,,,,,129.0,95.0,834.0,,,-1.1,-0.1
Justin Jackson,6.0,35.0,,0.357,0.4,0.333,0.464,,0.464,0.0,0.643,,78.0,76.0,95.0,88.0,,83.0,,160.0,,-1.7,-2.7
Reggie Jackson,52.0,1586.0,,0.394,0.446,0.331,0.469,0.857,0.496,0.128,0.455,,86.0,85.0,95.0,89.0,111.0,89.0,54.0,113.0,,-92.7,-109.4
LeBron James,39.0,1430.0,,0.526,0.628,0.354,0.592,0.753,0.62,0.268,0.373,,115.0,119.0,101.0,113.0,98.0,111.0,112.0,93.0,,108.3,110.5
DeJon Jarreau,1.0,1.0,,,,,,,,,,,,,,,,,,,,0.0,0.0
DaQuan Jeffries,3.0,9.0,,0.5,1.0,0.0,0.5,,0.5,0.0,0.5,,110.0,190.0,,95.0,,89.0,,125.0,,-0.1,-0.2
,,,,,,,,,,,,,,,,,,,,,,,
,,,,,,,,,,,,,,,,,,,,,,,
Ty Jerome,45.0,745.0,,0.386,0.507,0.293,0.469,0.833,0.496,0.136,0.565,,85.0,96.0,84.0,89.0,108.0,89.0,57.0,141.0,,-34.7,-41.1
Isaiah Joe,38.0,491.0,,0.355,0.438,0.33,0.482,0.952,0.52,0.152,0.768,,78.0,83.0,95.0,92.0,123.0,93.0,63.0,192.0,,-12.0,-11.7
Alize Johnson,19.0,139.0,,0.483,0.56,0.0,0.483,0.5,0.492,0.276,0.138,,106.0,106.0,,92.0,65.0,88.0,115.0,34.0,,-2.5,-4.4
Alize Johnson,16.0,121.0,,0.522,0.571,0.0,0.522,0.571,0.537,0.304,0.087,,115.0,109.0,,99.0,74.0,96.0,127.0,22.0,,-0.2,-1.2
Alize Johnson,3.0,18.0,,0.333,0.5,0.0,0.333,0.0,0.311,0.167,0.333,,73.0,95.0,,63.0,,56.0,70.0,83.0,,-2.3,-3.2
B.J. Johnson,4.0,65.0,,0.44,0.467,0.4,0.52,,0.52,0.0,0.4,,97.0,89.0,115.0,99.0,,93.0,,100.0,,-0.3,-2.0
Cameron Johnson,51.0,1327.0,,0.456,0.506,0.429,0.595,0.849,0.62,0.16,0.649,,100.0,96.0,123.0,113.0,110.0,111.0,67.0,162.0,,63.7,59.2
David Johnson,2.0,2.0,,0.0,,0.0,0.0,,0.0,0.0,1.0,,,,,,,,,250.0,,-1.1,-1.1
James Johnson,39.0,735.0,,0.485,0.547,0.283,0.518,0.379,0.513,0.148,0.235,,106.0,104.0,81.0,99.0,49.0,92.0,62.0,59.0,,-3.0,-19.4
Jalen Johnson,13.0,58.0,,0.474,0.5,0.429,0.553,0.667,0.578,0.316,0.368,,104.0,95.0,123.0,105.0,86.0,103.0,132.0,92.0,,1.0,0.8
Joe Johnson,1.0,2.0,,1.0,1.0,,1.0,,1.0,0.0,0.0,,220.0,190.0,,190.0,,179.0,,,,0.9,0.9
Keldon Johnson,51.0,1588.0,,0.466,0.488,0.427,0.542,0.715,0.565,0.216,0.354,,102.0,93.0,122.0,103.0,93.0,101.0,90.0,88.0,,20.6,8.5
Keon Johnson,15.0,135.0,,0.333,0.35,0.273,0.363,0.762,0.44,0.412,0.216,,73.0,66.0,78.0,69.0,99.0,79.0,172.0,54.0,,-16.6,-14.4
Stanley Johnson,22.0,492.0,,0.487,0.619,0.32,0.558,0.677,0.58,0.274,0.442,,107.0,118.0,92.0,106.0,88.0,104.0,114.0,110.0,,7.2,5.4
Tyler Johnson,6.0,91.0,,0.3,0.143,0.385,0.425,,0.425,0.0,0.65,,66.0,27.0,110.0,81.0,,76.0,,162.0,,-4.0,-5.4
Tyler Johnson,3.0,38.0,,0.4,0.333,0.429,0.55,,0.55,0.0,0.7,,88.0,63.0,123.0,105.0,,98.0,,175.0,,0.5,-0.2
Tyler Johnson,3.0,53.0,,0.2,0.0,0.333,0.3,,0.3,0.0,0.6,,44.0,,95.0,57.0,,54.0,,150.0,,-4.5,-5.2
Nikola Jokić,48.0,1580.0,,0.578,0.644,0.375,0.624,0.816,0.662,0.324,0.244,,127.0,122.0,107.0,119.0,106.0,118.0,135.0,61.0,,161.2,192.1
Carlik Jones,5.0,23.0,,0.111,0.125,0.0,0.111,1.0,0.202,0.222,0.111,,24.0,24.0,,21.0,129.0,36.0,93.0,28.0,,-7.5,-7.0
Carlik Jones,3.0,19.0,,0.0,0.0,0.0,0.0,1.0,0.127,0.286,0.143,,,,,,129.0,23.0,119.0,36.0,,-7.4,-6.8
,,,,,,,,,,,,,,,,,,,,,,,
,,,,,,,,,,,,,,,,,,,,,,,
Carlik Jones,2.0,4.0,,0.5,0.5,,0.5,,0.5,0.0,0.0,,110.0,95.0,,95.0,,89.0,,,,-0.1,-0.2
Damian Jones,37.0,564.0,,0.638,0.669,0.357,0.656,0.727,0.685,0.468,0.099,,140.0,127.0,102.0,125.0,94.0,123.0,195.0,25.0,,36.8,42.8
Derrick Jones Jr.,31.0,533.0,,0.582,0.659,0.405,0.643,0.848,0.689,0.377,0.303,,128.0,125.0,116.0,122.0,110.0,123.0,157.0,76.0,,28.8,36.9
Herbert Jones,51.0,1520.0,,0.496,0.543,0.361,0.543,0.835,0.584,0.259,0.259,,109.0,103.0,103.0,103.0,108.0,104.0,108.0,65.0,,12.9,20.9
Jemerrio Jones,2.0,15.0,,0.667,0.667,,0.667,,0.667,0.0,0.0,,146.0,127.0,,127.0,,119.0,,,,0.8,0.6
Kai Jones,16.0,46.0,,0.667,0.714,0.5,0.722,0.25,0.651,0.444,0.222,,146.0,136.0,143.0,137.0,32.0,116.0,185.0,55.0,,3.5,2.0
Mason Jones,2.0,9.0,,0.25,0.333,0.0,0.25,0.5,0.282,0.25,0.25,,55.0,63.0,,48.0,65.0,50.0,104.0,62.0,,-4.4,-4.9
Tre Jones,43.0,575.0,,0.5,0.543,0.158,0.509,0.895,0.554,0.224,0.112,,110.0,103.0,45.0,97.0,116.0,99.0,93.0,28.0,,-5.7,-1.8
Tyus Jones,49.0,1011.0,,0.463,0.519,0.366,0.529,0.875,0.552,0.118,0.363,,102.0,98.0,105.0,101.0,113.0,99.0,49.0,91.0,,2.7,-4.8
DeAndre Jordan,31.0,399.0,,0.67,0.67,,0.67,0.48,0.657,0.284,0.0,,147.0,127.0,,128.0,62.0,117.0,118.0,,,25.5,19.3
Cory Joseph,43.0,1031.0,,0.458,0.47,0.437,0.541,0.848,0.589,0.292,0.38,,100.0,89.0,125.0,103.0,110.0,105.0,122.0,95.0,,8.2,18.1
Georgios Kalaitzakis,9.0,48.0,,0.455,0.429,0.5,0.545,0.444,0.535,0.818,0.364,,100.0,81.0,143.0,104.0,58.0,96.0,341.0,91.0,,0.4,-0.7
Frank Kaminsky,9.0,181.0,,0.545,0.608,0.333,0.583,0.9,0.635,0.303,0.227,,120.0,115.0,95.0,111.0,116.0,114.0,126.0,57.0,,7.6,11.4
Enes Freedom,35.0,411.0,,0.526,0.533,0.4,0.536,0.857,0.585,0.289,0.052,,115.0,101.0,115.0,102.0,111.0,105.0,120.0,13.0,,2.1,5.8
Luke Kennard,46.0,1294.0,,0.436,0.448,0.43,0.579,0.882,0.6,0.119,0.667,,96.0,85.0,123.0,110.0,114.0,107.0,50.0,166.0,,46.1,37.2
Braxton Key,2.0,6.0,,0.5,1.0,0.0,0.5,,0.5,0.0,0.5,,110.0,190.0,,95.0,,89.0,,125.0,,-0.1,-0.2
George King,4.0,19.0,,0.0,0.0,0.0,0.0,0.5,0.085,0.4,0.8,,,,,,65.0,15.0,167.0,200.0,,-5.3,-5.6
Louis King,10.0,104.0,,0.319,0.35,0.296,0.404,0.7,0.438,0.213,0.574,,70.0,66.0,85.0,77.0,91.0,78.0,89.0,143.0,,-11.4,-12.5
Corey Kispert,48.0,890.0,,0.436,0.593,0.317,0.526,0.878,0.558,0.164,0.568,,96.0,113.0,91.0,100.0,114.0,100.0,68.0,142.0,,0.3,-0.7
Maxi Kleber,38.0,952.0,,0.424,0.567,0.374,0.563,0.771,0.582,0.152,0.74,,93.0,108.0,107.0,107.0,100.0,104.0,63.0,185.0,,17.2,11.5
,,,,,,,,,,,,,,,,,,,,,,,
,,,,,,,,,,,,,,,,,,,,,,,
Brandon Knight,3.0,54.0,,0.45,0.714,0.308,0.55,1.0,0.638,0.4,0.65,,99.0,136.0,88.0,105.0,129.0,114.0,167.0,162.0,,1.0,3.7
Nathan Knight,28.0,194.0,,0.482,0.521,0.25,0.5,0.711,0.58,0.804,0.143,,106.0,99.0,72.0,95.0,92.0,104.0,335.0,36.0,,-2.9,3.2
Kevin Knox,19.0,153.0,,0.364,0.529,0.289,0.464,0.7,0.488,0.182,0.691,,80.0,101.0,83.0,88.0,91.0,87.0,76.0,172.0,,-6.8,-8.4
Kevin Knox,13.0,111.0,,0.375,0.417,0.357,0.5,0.7,0.529,0.25,0.7,,82.0,79.0,102.0,95.0,91.0,95.0,104.0,175.0,,-2.0,-2.7
Kevin Knox,6.0,42.0,,0.333,0.8,0.1,0.367,,0.367,0.0,0.667,,73.0,152.0,29.0,70.0,,66.0,,166.0,,-4.8,-5.8
John Konchar,48.0,884.0,,0.506,0.584,0.422,0.608,0.606,0.614,0.192,0.483,,111.0,111.0,121.0,116.0,78.0,110.0,80.0,120.0,,28.2,20.4
Furkan Korkmaz,47.0,1130.0,,0.39,0.52,0.287,0.47,0.838,0.505,0.176,0.558,,86.0,99.0,82.0,89.0,108.0,90.0,73.0,139.0,,-42.7,-45.2
Luke Kornet,3.0,18.0,,0.167,0.2,0.0,0.167,0.667,0.273,0.5,0.167,,37.0,38.0,,32.0,86.0,49.0,209.0,42.0,,-4.3,-4.2
Luke Kornet,2.0,15.0,,0.2,0.25,0.0,0.2,0.667,0.316,0.6,0.2,,44.0,47.0,,38.0,86.0,57.0,250.0,50.0,,-3.3,-3.1
Luke Kornet,1.0,3.0,,0.0,0.0,,0.0,,0.0,0.0,0.0,,,,,,,,,,,-1.1,-1.1
Vit Krejci,3.0,9.0,,0.0,,0.0,0.0,1.0,0.347,1.0,1.0,,,,,,129.0,62.0,417.0,250.0,,-2.1,-1.2
Arnoldas Kulboka,1.0,3.0,,,,,,,,,,,,,,,,,,,,0.0,0.0
Jonathan Kuminga,43.0,569.0,,0.489,0.583,0.304,0.54,0.636,0.569,0.421,0.336,,107.0,111.0,87.0,103.0,82.0,102.0,176.0,84.0,,7.0,5.5
Kyle Kuzma,50.0,1646.0,,0.456,0.541,0.335,0.525,0.692,0.55,0.24,0.415,,100.0,103.0,96.0,100.0,90.0,98.0,100.0,103.0,,-0.8,-13.6
Anthony Lamb,2.0,8.0,,0.0,,0.0,0.0,,0.0,0.0,1.0,,,,,,,,,250.0,,-2.1,-2.2
Jeremy Lamb,40.0,644.0,,0.372,0.412,0.336,0.46,0.843,0.526,0.347,0.523,,82.0,78.0,96.0,88.0,109.0,94.0,145.0,130.0,,-31.2,-18.1
Jeremy Lamb,39.0,613.0,,0.373,0.414,0.333,0.458,0.838,0.524,0.351,0.513,,82.0,79.0,95.0,87.0,108.0,94.0,146.0,128.0,,-30.6,-18.3
Jeremy Lamb,1.0,31.0,,0.364,0.333,0.375,0.5,1.0,0.568,0.273,0.727,,80.0,63.0,107.0,95.0,129.0,102.0,114.0,181.0,,-0.6,0.2
Jock Landale,34.0,343.0,,0.496,0.6,0.365,0.577,0.87,0.61,0.197,0.444,,109.0,114.0,105.0,110.0,113.0,109.0,82.0,111.0,,12.0,12.8
Romeo Langford,44.0,728.0,,0.429,0.495,0.349,0.508,0.588,0.52,0.185,0.451,,94.0,94.0,100.0,97.0,76.0,93.0,77.0,113.0,,-6.4,-15.5
,,,,,,,,,,,,,,,,,,,,,,,
,,,,,,,,,,,,,,,,,,,,,,,
Zach LaVine,46.0,1587.0,,0.484,0.536,0.404,0.564,0.876,0.61,0.269,0.396,,106.0,102.0,116.0,107.0,113.0,109.0,112.0,99.0,,64.2,94.6
Jake Layman,23.0,169.0,,0.367,0.609,0.154,0.408,0.75,0.438,0.163,0.531,,81.0,116.0,44.0,78.0,97.0,78.0,68.0,132.0,,-11.5,-12.7
Damion Lee,44.0,902.0,,0.451,0.535,0.366,0.542,0.851,0.571,0.165,0.5,,99.0,102.0,105.0,103.0,110.0,102.0,69.0,125.0,,9.5,7.3
Saben Lee,27.0,403.0,,0.38,0.442,0.273,0.43,0.767,0.49,0.355,0.364,,83.0,84.0,78.0,82.0,99.0,88.0,148.0,91.0,,-23.2,-19.5
Alex Len,33.0,557.0,,0.529,0.559,0.316,0.548,0.643,0.573,0.361,0.123,,116.0,106.0,90.0,104.0,83.0,103.0,151.0,31.0,,7.1,5.1
Caris LeVert,40.0,1242.0,,0.445,0.499,0.323,0.494,0.764,0.529,0.234,0.303,,98.0,95.0,92.0,94.0,99.0,95.0,98.0,76.0,,-39.3,-41.7
Caris LeVert,39.0,1214.0,,0.447,0.501,0.323,0.496,0.76,0.53,0.235,0.304,,98.0,95.0,92.0,94.0,98.0,95.0,98.0,76.0,,-36.7,-39.4
Caris LeVert,1.0,28.0,,0.364,0.375,0.333,0.409,1.0,0.463,0.182,0.273,,80.0,71.0,95.0,78.0,129.0,83.0,76.0,68.0,,-2.6,-2.3
Kira Lewis Jr.,24.0,341.0,,0.404,0.523,0.224,0.449,0.833,0.466,0.082,0.397,,89.0,99.0,64.0,85.0,108.0,83.0,34.0,99.0,,-22.4,-28.2
Scottie Lewis,2.0,7.0,,,,,,0.5,0.568,,,,,,,,65.0,102.0,,,,0.0,0.0
Damian Lillard,29.0,1056.0,,0.402,0.485,0.324,0.486,0.878,0.55,0.328,0.514,,88.0,92.0,93.0,92.0,114.0,98.0,137.0,128.0,,-44.1,-11.3
Nassir Little,42.0,1088.0,,0.46,0.584,0.331,0.541,0.734,0.575,0.298,0.489,,101.0,111.0,95.0,103.0,95.0,103.0,124.0,122.0,,9.9,11.5
Isaiah Livers,1.0,5.0,,0.0,,0.0,0.0,,0.0,0.0,1.0,,,,,,,,,250.0,,-2.1,-2.2
Kevon Looney,55.0,1169.0,,0.55,0.553,0.0,0.55,0.663,0.577,0.345,0.004,,121.0,105.0,,105.0,86.0,103.0,144.0,1.0,,12.8,10.7
Brook Lopez,1.0,28.0,,0.333,0.2,0.5,0.444,,0.444,0.0,0.444,,73.0,38.0,143.0,85.0,,79.0,,111.0,,-1.5,-2.1
Robin Lopez,25.0,444.0,,0.576,0.582,0.4,0.582,0.588,0.59,0.215,0.032,,126.0,110.0,115.0,111.0,76.0,105.0,90.0,8.0,,17.9,10.6
Didi Louzada,2.0,7.0,,0.0,,0.0,0.0,,0.0,0.0,1.0,,,,,,,,,250.0,,-3.2,-3.4
Kevin Love,47.0,1047.0,,0.427,0.478,0.393,0.545,0.855,0.595,0.302,0.596,,94.0,91.0,113.0,104.0,111.0,106.0,126.0,149.0,,19.4,40.7
Kyle Lowry,42.0,1420.0,,0.416,0.531,0.337,0.516,0.85,0.562,0.26,0.593,,91.0,101.0,97.0,98.0,110.0,101.0,108.0,148.0,,-8.2,3.0
Timothé Luwawu-Cabarrot,34.0,443.0,,0.387,0.447,0.36,0.512,0.85,0.542,0.161,0.694,,85.0,85.0,103.0,97.0,110.0,97.0,67.0,173.0,,-3.3,-4.5
,,,,,,,,,,,,,,,,,,,,,,,
,,,,,,,,,,,,,,,,,,,,,,,
Trey Lyles,51.0,990.0,,0.456,0.55,0.301,0.513,0.784,0.576,0.458,0.38,,100.0,105.0,86.0,98.0,101.0,103.0,191.0,95.0,,-9.6,16.0
Théo Maledon,28.0,387.0,,0.318,0.423,0.218,0.374,0.848,0.444,0.308,0.514,,70.0,80.0,62.0,71.0,110.0,79.0,129.0,128.0,,-32.5,-27.9
Sandro Mamukelashvili,30.0,295.0,,0.439,0.488,0.385,0.53,0.75,0.55,0.146,0.476,,96.0,93.0,110.0,101.0,97.0,98.0,61.0,119.0,,0.8,-1.6
Terance Mann,55.0,1570.0,,0.474,0.534,0.358,0.535,0.758,0.563,0.213,0.338,,104.0,101.0,102.0,102.0,98.0,101.0,89.0,84.0,,8.2,3.4
Tre Mann,41.0,792.0,,0.377,0.39,0.363,0.461,0.733,0.483,0.142,0.459,,83.0,74.0,104.0,88.0,95.0,86.0,59.0,115.0,,-41.2,-51.8
Boban Marjanović,17.0,98.0,,0.632,0.648,0.333,0.64,0.5,0.632,0.281,0.053,,139.0,123.0,95.0,122.0,65.0,113.0,117.0,13.0,,13.1,9.4
Lauri Markkanen,38.0,1148.0,,0.436,0.539,0.342,0.526,0.863,0.557,0.169,0.522,,96.0,102.0,98.0,100.0,112.0,100.0,71.0,130.0,,0.0,-1.9
Naji Marshall,29.0,285.0,,0.358,0.491,0.158,0.389,0.857,0.471,0.368,0.4,,79.0,93.0,45.0,74.0,111.0,84.0,154.0,100.0,,-25.8,-19.5
Caleb Martin,44.0,1009.0,,0.506,0.579,0.379,0.575,0.739,0.599,0.217,0.365,,111.0,110.0,109.0,110.0,96.0,107.0,90.0,91.0,,31.8,27.4
Cody Martin,49.0,1334.0,,0.454,0.48,0.41,0.53,0.671,0.554,0.259,0.369,,100.0,91.0,117.0,101.0,87.0,99.0,108.0,92.0,,2.8,-3.8
Kelan Martin,27.0,444.0,,0.417,0.511,0.297,0.482,0.692,0.492,0.077,0.44,,91.0,97.0,85.0,92.0,90.0,88.0,32.0,110.0,,-14.6,-23.3
Kenyon Martin Jr.,51.0,999.0,,0.525,0.618,0.29,0.566,0.635,0.582,0.261,0.285,,115.0,117.0,83.0,108.0,82.0,104.0,109.0,71.0,,26.4,16.6
Garrison Mathews,37.0,1014.0,,0.412,0.58,0.377,0.568,0.819,0.622,0.395,0.83,,90.0,110.0,108.0,108.0,106.0,111.0,165.0,207.0,,25.0,43.2
Dakota Mathias,6.0,16.0,,0.333,,0.333,0.5,,0.5,0.0,1.0,,73.0,,95.0,95.0,,89.0,,250.0,,-0.3,-0.7
Wesley Matthews,27.0,524.0,,0.413,0.583,0.344,0.536,0.6,0.541,0.079,0.714,,91.0,111.0,99.0,102.0,78.0,97.0,33.0,178.0,,2.6,-4.8
Tyrese Maxey,47.0,1681.0,,0.471,0.497,0.398,0.523,0.871,0.566,0.231,0.261,,103.0,94.0,114.0,99.0,113.0,101.0,97.0,65.0,,-3.4,9.6
Skylar Mays,21.0,198.0,,0.517,0.657,0.32,0.583,0.889,0.61,0.15,0.417,,113.0,125.0,92.0,111.0,115.0,109.0,63.0,104.0,,6.9,6.5
Miles McBride,21.0,151.0,,0.259,0.37,0.161,0.302,0.75,0.318,0.069,0.534,,57.0,70.0,46.0,57.0,97.0,57.0,29.0,133.0,,-26.0,-28.8
Mac McClung,1.0,3.0,,1.0,1.0,,1.0,,1.0,0.0,0.0,,220.0,190.0,,190.0,,179.0,,,,0.9,0.9
CJ McCollum,36.0,1267.0,,0.436,0.476,0.384,0.52,0.706,0.532,0.102,0.435,,96.0,90.0,110.0,99.0,91.0,95.0,43.0,108.0,,-7.9,-38.1
,,,,,,,,,,,,,,,,,,,,,,,
,,,,,,,,,,,,,,,,,,,,,,,
T.J. McConnell,24.0,581.0,,0.503,0.538,0.28,0.522,0.8,0.536,0.083,0.138,,110.0,102.0,80.0,99.0,104.0,96.0,35.0,34.0,,-1.2,-8.8
Jalen McDaniels,39.0,685.0,,0.492,0.586,0.372,0.574,0.674,0.592,0.234,0.437,,108.0,111.0,107.0,109.0,87.0,106.0,97.0,109.0,,19.0,14.1
Jaden McDaniels,52.0,1351.0,,0.438,0.545,0.308,0.507,0.773,0.524,0.109,0.453,,96.0,104.0,88.0,97.0,100.0,94.0,46.0,113.0,,-14.5,-29.2
Doug McDermott,39.0,953.0,,0.465,0.509,0.429,0.582,0.704,0.589,0.073,0.549,,102.0,97.0,123.0,111.0,91.0,105.0,30.0,137.0,,42.1,23.0
JaVale McGee,48.0,782.0,,0.658,0.662,0.4,0.661,0.68,0.675,0.332,0.016,,144.0,126.0,115.0,126.0,88.0,121.0,139.0,4.0,,84.2,82.7
Cameron McGriff,3.0,46.0,,0.357,0.375,0.333,0.429,1.0,0.47,0.143,0.429,,78.0,71.0,95.0,82.0,129.0,84.0,60.0,107.0,,-2.7,-2.6
Rodney McGruder,29.0,386.0,,0.433,0.488,0.393,0.548,0.714,0.563,0.135,0.587,,95.0,93.0,113.0,104.0,92.0,101.0,56.0,146.0,,4.7,0.8
Alfonzo McKinnie,17.0,206.0,,0.393,0.441,0.333,0.467,0.25,0.457,0.131,0.443,,86.0,84.0,95.0,89.0,32.0,82.0,55.0,110.0,,-7.1,-13.2
JaQuori McLaughlin,4.0,11.0,,0.0,0.0,0.0,0.0,,0.0,0.0,0.5,,,,,,,,,125.0,,-2.1,-2.2
Jordan McLaughlin,37.0,451.0,,0.383,0.493,0.2,0.421,0.741,0.463,0.252,0.374,,84.0,94.0,57.0,80.0,96.0,83.0,105.0,93.0,,-22.5,-22.9
Ben McLemore,39.0,715.0,,0.392,0.448,0.378,0.544,0.781,0.56,0.108,0.804,,86.0,85.0,108.0,104.0,101.0,100.0,45.0,201.0,,10.9,0.2
De'Anthony Melton,47.0,1078.0,,0.384,0.435,0.335,0.469,0.69,0.49,0.161,0.509,,84.0,83.0,96.0,89.0,89.0,88.0,67.0,127.0,,-49.4,-65.0
Sam Merrill,6.0,58.0,,0.333,1.0,0.304,0.479,0.5,0.485,0.167,0.958,,73.0,190.0,87.0,91.0,65.0,87.0,70.0,239.0,,-2.2,-3.8
Chimezie Metu,39.0,876.0,,0.433,0.552,0.271,0.49,0.732,0.515,0.178,0.424,,95.0,105.0,77.0,93.0,95.0,92.0,74.0,106.0,,-22.0,-29.7
Khris Middleton,44.0,1402.0,,0.442,0.488,0.377,0.52,0.881,0.576,0.294,0.419,,97.0,93.0,108.0,99.0,114.0,103.0,123.0,104.0,,-6.6,24.6
C.J. Miles,1.0,2.0,,,,,,,,,,,,,,,,,,,,0.0,0.0
Paul Millsap,24.0,270.0,,0.376,0.448,0.222,0.412,0.706,0.443,0.2,0.318,,83.0,85.0,64.0,78.0,91.0,79.0,83.0,79.0,,-19.3,-21.4
Patty Mills,53.0,1635.0,,0.434,0.456,0.424,0.581,0.884,0.594,0.073,0.694,,95.0,87.0,121.0,111.0,114.0,106.0,30.0,173.0,,65.0,42.3
Shake Milton,27.0,668.0,,0.429,0.48,0.316,0.478,0.854,0.516,0.189,0.311,,94.0,91.0,91.0,91.0,111.0,92.0,79.0,78.0,,-24.0,-23.7
Davion Mitchell,51.0,1330.0,,0.408,0.47,0.32,0.474,0.558,0.479,0.081,0.41,,90.0,89.0,92.0,90.0,72.0,86.0,34.0,102.0,,-55.2,-88.3
,,,,,,,,,,,,,,,,,,,,,,,
,,,,,,,,,,,,,,,,,,,,,,,
Donovan Mitchell,43.0,1431.0,,0.454,0.548,0.346,0.534,0.872,0.572,0.205,0.462,,100.0,104.0,99.0,102.0,113.0,102.0,86.0,115.0,,15.3,24.8
Evan Mobley,47.0,1606.0,,0.498,0.527,0.277,0.514,0.667,0.542,0.299,0.114,,109.0,100.0,79.0,98.0,86.0,97.0,125.0,28.0,,-13.2,-21.8
Malik Monk,50.0,1358.0,,0.47,0.556,0.403,0.583,0.787,0.602,0.148,0.559,,103.0,106.0,115.0,111.0,102.0,108.0,62.0,140.0,,58.2,46.3
Greg Monroe,8.0,126.0,,0.526,0.526,,0.526,0.429,0.523,0.184,0.0,,116.0,100.0,,100.0,55.0,94.0,77.0,,,0.1,-2.9
Greg Monroe,3.0,63.0,,0.643,0.643,,0.643,0.4,0.617,0.357,0.0,,141.0,122.0,,122.0,52.0,110.0,149.0,,,3.3,1.9
Greg Monroe,2.0,18.0,,0.5,0.5,,0.5,,0.5,0.0,0.0,,110.0,95.0,,95.0,,89.0,,,,-0.4,-0.9
Greg Monroe,3.0,45.0,,0.438,0.438,,0.438,0.5,0.444,0.125,0.0,,96.0,83.0,,83.0,65.0,79.0,52.0,,,-2.8,-3.9
Moses Moody,32.0,306.0,,0.389,0.5,0.316,0.484,0.824,0.517,0.179,0.6,,86.0,95.0,90.0,92.0,107.0,92.0,75.0,150.0,,-7.8,-8.6
Matt Mooney,1.0,2.0,,0.0,,0.0,0.0,,0.0,0.0,1.0,,,,,,,,,250.0,,-1.1,-1.1
Xavier Moon,6.0,83.0,,0.412,0.458,0.3,0.456,0.667,0.467,0.088,0.294,,90.0,87.0,86.0,87.0,86.0,84.0,37.0,73.0,,-4.7,-6.5
Ja Morant,43.0,1425.0,,0.493,0.535,0.344,0.531,0.756,0.572,0.325,0.22,,108.0,102.0,98.0,101.0,98.0,102.0,135.0,55.0,,9.5,25.6
Juwan Morgan,1.0,27.0,,0.667,1.0,0.5,0.833,,0.833,0.0,0.667,,146.0,190.0,143.0,159.0,,149.0,,166.0,,1.8,1.6
Jaylen Morris,3.0,16.0,,0.0,0.0,0.0,0.0,0.5,0.129,0.667,0.333,,,,,,65.0,23.0,278.0,83.0,,-6.3,-6.7
Markieff Morris,10.0,187.0,,0.457,0.5,0.364,0.514,1.0,0.533,0.071,0.314,,100.0,95.0,104.0,98.0,129.0,95.0,30.0,78.0,,-1.6,-3.7
Marcus Morris,31.0,927.0,,0.424,0.452,0.383,0.502,0.83,0.541,0.217,0.411,,93.0,86.0,110.0,96.0,107.0,97.0,90.0,103.0,,-18.7,-16.3
Monte Morris,51.0,1529.0,,0.474,0.541,0.373,0.548,0.843,0.564,0.093,0.401,,104.0,103.0,107.0,104.0,109.0,101.0,39.0,100.0,,25.0,6.0
Emmanuel Mudiay,2.0,11.0,,0.0,0.0,,0.0,0.75,0.399,2.0,0.0,,,,,,97.0,71.0,834.0,,,-2.1,-1.2
Mychal Mulder,15.0,195.0,,0.299,0.333,0.283,0.396,1.0,0.405,0.03,0.687,,66.0,63.0,81.0,75.0,129.0,72.0,12.0,171.0,,-17.4,-20.9
Ade Murkey,1.0,1.0,,,,,,,,,,,,,,,,,,,,0.0,0.0
Trey Murphy III,40.0,514.0,,0.338,0.341,0.336,0.459,0.857,0.499,0.189,0.723,,74.0,65.0,96.0,87.0,111.0,89.0,79.0,180.0,,-19.5,-19.3
,,,,,,,,,,,,,,,,,,,,,,,
,,,,,,,,,,,,,,,,,,,,,,,
Dejounte Murray,48.0,1652.0,,0.453,0.495,0.315,0.49,0.744,0.512,0.15,0.23,,100.0,94.0,90.0,93.0,96.0,92.0,63.0,57.0,,-61.7,-86.9
Mike Muscala,43.0,592.0,,0.456,0.506,0.429,0.597,0.842,0.63,0.23,0.657,,100.0,96.0,123.0,114.0,109.0,113.0,96.0,164.0,,35.4,38.6
Svi Mykhailiuk,41.0,648.0,,0.407,0.527,0.31,0.493,0.844,0.523,0.157,0.554,,89.0,100.0,89.0,94.0,109.0,93.0,65.0,138.0,,-13.4,-15.9
Abdel Nader,14.0,145.0,,0.343,0.381,0.286,0.4,0.6,0.431,0.286,0.4,,75.0,72.0,82.0,76.0,78.0,77.0,119.0,100.0,,-8.8,-10.1
Larry Nance Jr.,37.0,858.0,,0.515,0.61,0.306,0.563,0.653,0.581,0.247,0.313,,113.0,116.0,88.0,107.0,85.0,104.0,103.0,78.0,,14.9,9.5
RJ Nembhard Jr.,7.0,44.0,,0.455,0.5,0.0,0.455,0.5,0.463,0.182,0.091,,100.0,95.0,,86.0,65.0,83.0,76.0,23.0,,-1.6,-2.3
Aaron Nesmith,39.0,398.0,,0.354,0.604,0.207,0.419,0.812,0.445,0.123,0.631,,78.0,115.0,59.0,80.0,105.0,80.0,51.0,157.0,,-27.6,-31.2
Raul Neto,44.0,855.0,,0.44,0.517,0.227,0.47,0.731,0.504,0.236,0.264,,97.0,98.0,65.0,89.0,95.0,90.0,98.0,66.0,,-31.5,-34.6
Malik Newman,1.0,8.0,,0.6,0.75,0.0,0.6,1.0,0.68,0.4,0.2,,132.0,142.0,,114.0,129.0,122.0,167.0,50.0,,0.7,1.4
Georges Niang,50.0,1153.0,,0.438,0.5,0.402,0.565,0.864,0.585,0.114,0.632,,96.0,95.0,115.0,107.0,112.0,105.0,48.0,158.0,,30.3,20.7
Daishen Nix,8.0,67.0,,0.65,0.769,0.429,0.725,0.333,0.704,0.15,0.35,,143.0,146.0,123.0,138.0,43.0,126.0,63.0,87.0,,8.0,6.2
Zeke Nnaji,38.0,623.0,,0.547,0.588,0.493,0.653,0.613,0.659,0.365,0.429,,120.0,112.0,141.0,124.0,79.0,118.0,152.0,107.0,,43.3,39.4
Nerlens Noel,25.0,562.0,,0.533,0.561,0.0,0.533,0.7,0.581,0.5,0.05,,117.0,107.0,,101.0,91.0,104.0,209.0,12.0,,0.9,3.1
Jaylen Nowell,40.0,603.0,,0.464,0.521,0.365,0.53,0.745,0.557,0.209,0.365,,102.0,99.0,104.0,101.0,96.0,100.0,87.0,91.0,,2.6,-1.2
Frank Ntilikina,44.0,567.0,,0.378,0.419,0.34,0.467,0.958,0.501,0.133,0.522,,83.0,80.0,97.0,89.0,124.0,90.0,56.0,130.0,,-21.2,-22.1
Jusuf Nurkić,53.0,1481.0,,0.533,0.564,0.231,0.544,0.681,0.582,0.445,0.093,,117.0,107.0,66.0,104.0,88.0,104.0,186.0,23.0,,20.6,30.1
David Nwaba,34.0,477.0,,0.475,0.538,0.286,0.511,0.714,0.551,0.348,0.248,,104.0,102.0,82.0,97.0,92.0,98.0,145.0,62.0,,-4.2,-2.8
Jordan Nwora,42.0,805.0,,0.408,0.449,0.366,0.5,0.762,0.51,0.066,0.505,,89.0,85.0,105.0,95.0,99.0,91.0,27.0,126.0,,-16.3,-32.1
Semi Ojeleye,20.0,308.0,,0.257,0.241,0.268,0.336,0.769,0.376,0.186,0.586,,56.0,46.0,77.0,64.0,100.0,67.0,77.0,146.0,,-26.6,-27.7
Chuma Okeke,45.0,1064.0,,0.387,0.51,0.301,0.476,0.846,0.498,0.112,0.59,,85.0,97.0,86.0,91.0,110.0,89.0,47.0,147.0,,-34.8,-44.5
,,,,,,,,,,,,,,,,,,,,,,,
,,,,,,,,,,,,,,,,,,,,,,,
Josh Okogie,33.0,408.0,,0.347,0.41,0.278,0.413,0.622,0.466,0.493,0.48,,76.0,78.0,80.0,79.0,80.0,83.0,206.0,120.0,,-16.8,-17.1
Onyeka Okongwu,22.0,486.0,,0.731,0.731,,0.731,0.736,0.75,0.491,0.0,,161.0,139.0,,139.0,95.0,134.0,205.0,,,44.5,50.1
Isaac Okoro,40.0,1148.0,,0.465,0.561,0.312,0.525,0.764,0.567,0.316,0.387,,102.0,106.0,89.0,100.0,99.0,101.0,132.0,96.0,,-0.4,4.9
KZ Okpala,21.0,244.0,,0.435,0.488,0.346,0.5,0.727,0.521,0.159,0.377,,95.0,93.0,99.0,95.0,94.0,93.0,66.0,94.0,,-3.5,-5.6
Cameron Oliver,2.0,43.0,,0.667,0.75,0.333,0.7,0.667,0.705,0.2,0.2,,146.0,142.0,95.0,133.0,86.0,126.0,83.0,50.0,,5.2,4.7
Kelly Olynyk,17.0,351.0,,0.403,0.484,0.286,0.461,0.636,0.49,0.286,0.409,,88.0,92.0,82.0,88.0,82.0,88.0,119.0,102.0,,-19.9,-23.9
Eugene Omoruyi,4.0,18.0,,0.4,0.333,0.5,0.5,0.5,0.518,0.8,0.4,,88.0,63.0,143.0,95.0,65.0,93.0,334.0,100.0,,-0.3,-0.6
Royce O'Neale,51.0,1600.0,,0.482,0.656,0.397,0.615,0.786,0.632,0.149,0.67,,106.0,125.0,114.0,117.0,102.0,113.0,62.0,167.0,,50.6,44.0
Miye Oni,16.0,44.0,,0.222,1.0,0.125,0.278,0.0,0.265,0.111,0.889,,49.0,190.0,36.0,53.0,,47.0,46.0,222.0,,-4.5,-5.6
Cedi Osman,43.0,998.0,,0.419,0.524,0.358,0.532,0.633,0.547,0.202,0.629,,92.0,100.0,102.0,101.0,82.0,98.0,84.0,157.0,,5.1,-10.1
Daniel Oturu,3.0,27.0,,0.5,0.6,0.0,0.5,0.6,0.549,0.833,0.167,,110.0,114.0,,95.0,78.0,98.0,348.0,42.0,,-0.3,-0.2
Kelly Oubre Jr.,50.0,1423.0,,0.441,0.571,0.351,0.545,0.688,0.563,0.188,0.589,,97.0,109.0,100.0,104.0,89.0,101.0,78.0,147.0,,26.2,5.4
Jaysean Paige,1.0,7.0,,0.0,0.0,0.0,0.0,,0.0,0.0,0.667,,,,,,,,,166.0,,-3.2,-3.4
Trayvon Palmer,1.0,17.0,,0.0,0.0,,0.0,,0.0,0.0,0.0,,,,,,,,,,,-1.1,-1.1
Kevin Pangos,24.0,166.0,,0.326,0.45,0.231,0.391,0.75,0.408,0.087,0.565,,72.0,85.0,66.0,74.0,97.0,73.0,36.0,141.0,,-12.3,-14.4
Jabari Parker,12.0,112.0,,0.474,0.455,0.5,0.579,1.0,0.632,0.237,0.421,,104.0,86.0,143.0,110.0,129.0,113.0,99.0,105.0,,4.1,6.1
Eric Paschall,41.0,544.0,,0.485,0.605,0.372,0.581,0.754,0.619,0.365,0.515,,106.0,115.0,107.0,111.0,98.0,111.0,152.0,128.0,,18.5,23.2
Chris Paul,54.0,1798.0,,0.489,0.544,0.339,0.534,0.83,0.578,0.273,0.268,,107.0,103.0,97.0,102.0,107.0,103.0,114.0,67.0,,11.1,26.8
Cameron Payne,40.0,815.0,,0.404,0.44,0.336,0.462,0.864,0.498,0.169,0.343,,89.0,84.0,96.0,88.0,112.0,89.0,70.0,86.0,,-49.9,-51.7
Elfrid Payton,34.0,397.0,,0.387,0.411,0.167,0.395,0.455,0.404,0.177,0.097,,85.0,78.0,48.0,75.0,59.0,72.0,74.0,24.0,,-32.3,-41.5
,,,,,,,,,,,,,,,,,,,,,,,
,,,,,,,,,,,,,,,,,,,,,,,
Gary Payton II,52.0,872.0,,0.623,0.761,0.375,0.69,0.587,0.689,0.186,0.356,,137.0,145.0,107.0,131.0,76.0,123.0,78.0,89.0,,81.4,69.2
Norvel Pelle,3.0,19.0,,0.6,0.6,,0.6,,0.6,0.0,0.0,,132.0,114.0,,114.0,,107.0,,,,0.7,0.4
Reggie Perry,3.0,51.0,,0.5,0.5,0.5,0.55,1.0,0.597,0.2,0.2,,110.0,95.0,143.0,105.0,129.0,107.0,83.0,50.0,,0.5,0.8
Reggie Perry,2.0,41.0,,0.444,0.429,0.5,0.5,1.0,0.557,0.222,0.222,,98.0,81.0,143.0,95.0,129.0,100.0,93.0,55.0,,-0.5,-0.0
Reggie Perry,1.0,10.0,,1.0,1.0,,1.0,,1.0,0.0,0.0,,220.0,190.0,,190.0,,179.0,,,,0.9,0.9
Jamorko Pickett,6.0,47.0,,0.1,0.0,0.143,0.15,,0.15,0.0,0.7,,22.0,,41.0,29.0,,27.0,,175.0,,-7.5,-8.2
Theo Pinson,16.0,120.0,,0.281,0.429,0.24,0.375,1.0,0.415,0.125,0.781,,62.0,81.0,69.0,71.0,129.0,74.0,52.0,195.0,,-9.6,-9.8
Mason Plumlee,47.0,1196.0,,0.631,0.636,0.0,0.631,0.34,0.589,0.464,0.009,,138.0,121.0,,120.0,44.0,105.0,193.0,2.0,,46.7,16.1
Jakob Poeltl,45.0,1296.0,,0.614,0.614,,0.614,0.459,0.604,0.28,0.0,,135.0,117.0,,117.0,59.0,108.0,117.0,,,76.8,43.5
Aleksej Pokusevski,38.0,601.0,,0.384,0.482,0.268,0.445,0.5,0.449,0.066,0.46,,84.0,92.0,77.0,85.0,65.0,80.0,28.0,115.0,,-33.8,-47.8
Yves Pons,7.0,22.0,,0.333,0.0,1.0,0.5,0.0,0.387,0.667,0.333,,73.0,,286.0,95.0,,69.0,278.0,83.0,,-0.2,-1.3
Jordan Poole,49.0,1430.0,,0.438,0.556,0.342,0.532,0.923,0.583,0.247,0.551,,96.0,106.0,98.0,101.0,119.0,104.0,103.0,137.0,,8.8,33.5
Kevin Porter Jr.,37.0,1108.0,,0.392,0.417,0.368,0.485,0.619,0.508,0.271,0.505,,86.0,79.0,105.0,92.0,80.0,91.0,113.0,126.0,,-35.2,-49.6
Michael Porter Jr.,9.0,265.0,,0.359,0.491,0.208,0.408,0.556,0.416,0.087,0.466,,79.0,93.0,60.0,78.0,72.0,74.0,36.0,116.0,,-24.3,-30.6
Otto Porter Jr.,45.0,972.0,,0.475,0.576,0.399,0.589,0.727,0.599,0.108,0.567,,104.0,109.0,114.0,112.0,94.0,107.0,45.0,142.0,,38.4,25.7
Bobby Portis,47.0,1351.0,,0.489,0.526,0.427,0.569,0.77,0.588,0.149,0.377,,107.0,100.0,122.0,108.0,100.0,105.0,62.0,94.0,,51.3,36.2
Kristaps Porziņģis,34.0,1002.0,,0.451,0.537,0.283,0.499,0.865,0.561,0.335,0.341,,99.0,102.0,81.0,95.0,112.0,100.0,140.0,85.0,,-26.9,2.3
Micah Potter,3.0,31.0,,0.455,0.556,0.0,0.455,1.0,0.505,0.182,0.182,,100.0,106.0,,86.0,129.0,90.0,76.0,45.0,,-1.6,-1.3
Dwight Powell,55.0,1116.0,,0.644,0.683,0.387,0.669,0.748,0.702,0.504,0.131,,141.0,130.0,111.0,127.0,97.0,126.0,210.0,33.0,,68.0,82.5
Myles Powell,11.0,52.0,,0.294,0.364,0.167,0.324,1.0,0.364,0.118,0.353,,65.0,69.0,48.0,62.0,129.0,65.0,49.0,88.0,,-6.9,-7.0
,,,,,,,,,,,,,,,,,,,,,,,
,,,,,,,,,,,,,,,,,,,,,,,
Norman Powell,42.0,1380.0,,0.46,0.497,0.408,0.546,0.808,0.597,0.365,0.421,,101.0,94.0,117.0,104.0,105.0,107.0,152.0,105.0,,22.9,50.2
Norman Powell,40.0,1333.0,,0.456,0.492,0.406,0.542,0.803,0.593,0.365,0.423,,100.0,93.0,116.0,103.0,104.0,106.0,152.0,105.0,,17.4,42.5
Norman Powell,2.0,47.0,,0.536,0.588,0.455,0.625,0.9,0.679,0.357,0.393,,118.0,112.0,130.0,119.0,116.0,121.0,149.0,98.0,,5.6,7.8
Joshua Primo,26.0,400.0,,0.364,0.414,0.317,0.446,0.778,0.473,0.149,0.521,,80.0,79.0,91.0,85.0,101.0,85.0,62.0,130.0,,-19.2,-22.2
Taurean Prince,44.0,685.0,,0.455,0.551,0.393,0.575,0.757,0.596,0.185,0.61,,100.0,105.0,113.0,109.0,98.0,107.0,77.0,152.0,,19.8,16.1
Payton Pritchard,45.0,548.0,,0.385,0.407,0.371,0.498,1.0,0.516,0.068,0.605,,85.0,77.0,106.0,95.0,129.0,92.0,28.0,151.0,,-11.5,-18.1
Trevelin Queen,8.0,69.0,,0.448,0.714,0.364,0.586,1.0,0.61,0.103,0.759,,98.0,136.0,104.0,112.0,129.0,109.0,43.0,189.0,,3.5,3.1
Neemias Queta,10.0,56.0,,0.391,0.391,,0.391,0.6,0.417,0.217,0.0,,86.0,74.0,,74.0,78.0,75.0,91.0,,,-6.2,-7.2
Immanuel Quickley,51.0,1108.0,,0.367,0.415,0.331,0.461,0.912,0.509,0.207,0.572,,81.0,79.0,95.0,88.0,118.0,91.0,86.0,143.0,,-56.4,-47.7
Jahmi'us Ramsey,19.0,134.0,,0.414,0.475,0.278,0.457,0.5,0.468,0.241,0.31,,91.0,90.0,80.0,87.0,65.0,84.0,101.0,77.0,,-8.0,-11.7
Julius Randle,53.0,1874.0,,0.42,0.473,0.31,0.47,0.752,0.514,0.291,0.325,,92.0,90.0,89.0,89.0,97.0,92.0,121.0,81.0,,-96.6,-89.3
Austin Reaves,37.0,780.0,,0.471,0.672,0.322,0.564,0.824,0.61,0.325,0.573,,103.0,128.0,92.0,107.0,107.0,109.0,135.0,143.0,,12.0,18.3
Cam Reddish,39.0,847.0,,0.396,0.421,0.364,0.478,0.912,0.534,0.253,0.451,,87.0,80.0,104.0,91.0,118.0,95.0,106.0,113.0,,-34.3,-20.2
Cam Reddish,34.0,797.0,,0.402,0.421,0.379,0.487,0.9,0.537,0.233,0.446,,88.0,80.0,109.0,93.0,116.0,96.0,97.0,111.0,,-26.5,-16.9
Cam Reddish,5.0,50.0,,0.25,0.429,0.111,0.281,1.0,0.48,0.688,0.562,,55.0,81.0,32.0,54.0,129.0,86.0,287.0,140.0,,-7.8,-3.3
Davon Reed,28.0,399.0,,0.474,0.524,0.434,0.595,0.8,0.602,0.053,0.558,,104.0,99.0,124.0,113.0,104.0,108.0,22.0,139.0,,13.2,8.3
Paul Reed,21.0,185.0,,0.465,0.513,0.0,0.465,0.375,0.462,0.186,0.093,,102.0,97.0,,89.0,49.0,83.0,78.0,23.0,,-5.2,-9.0
Naz Reid,52.0,830.0,,0.467,0.532,0.345,0.527,0.728,0.563,0.308,0.347,,103.0,101.0,99.0,100.0,94.0,101.0,129.0,87.0,,1.0,2.8
Josh Richardson,44.0,1087.0,,0.443,0.481,0.397,0.534,0.859,0.57,0.207,0.455,,97.0,91.0,114.0,102.0,111.0,102.0,86.0,113.0,,5.5,8.5
Nick Richards,40.0,340.0,,0.679,0.679,,0.679,0.732,0.707,0.506,0.0,,149.0,129.0,,129.0,95.0,126.0,211.0,,,24.9,29.2
,,,,,,,,,,,,,,,,,,,,,,,
,,,,,,,,,,,,,,,,,,,,,,,
Austin Rivers,40.0,845.0,,0.406,0.514,0.352,0.523,0.704,0.537,0.123,0.662,,89.0,98.0,101.0,99.0,91.0,96.0,51.0,165.0,,-1.2,-10.2
Duncan Robinson,52.0,1425.0,,0.394,0.566,0.362,0.546,0.822,0.56,0.087,0.84,,87.0,108.0,104.0,104.0,106.0,100.0,36.0,210.0,,21.5,1.4
Jeremiah Robinson-Earl,44.0,1014.0,,0.401,0.472,0.333,0.486,0.714,0.506,0.144,0.514,,88.0,90.0,95.0,93.0,92.0,90.0,60.0,128.0,,-22.9,-33.2
Justin Robinson,25.0,304.0,,0.301,0.312,0.295,0.398,0.5,0.404,0.086,0.656,,66.0,59.0,84.0,76.0,65.0,72.0,36.0,164.0,,-23.7,-29.9
Justin Robinson,17.0,198.0,,0.316,0.4,0.27,0.404,1.0,0.415,0.035,0.649,,69.0,76.0,77.0,77.0,129.0,74.0,15.0,162.0,,-13.9,-16.7
Justin Robinson,3.0,15.0,,0.125,0.2,0.0,0.125,,0.125,0.0,0.375,,27.0,38.0,,24.0,,22.0,,94.0,,-6.4,-6.9
Justin Robinson,5.0,91.0,,0.321,0.143,0.381,0.464,0.333,0.457,0.214,0.75,,71.0,27.0,109.0,88.0,43.0,82.0,89.0,187.0,,-3.4,-6.3
Mitchell Robinson,49.0,1243.0,,0.781,0.781,,0.781,0.516,0.743,0.553,0.0,,171.0,148.0,,149.0,67.0,133.0,230.0,,,116.4,104.0
Isaiah Roby,18.0,246.0,,0.56,0.581,0.5,0.625,0.762,0.649,0.25,0.262,,123.0,110.0,143.0,119.0,99.0,116.0,104.0,65.0,,16.7,16.7
Rajon Rondo,29.0,515.0,,0.343,0.37,0.313,0.418,0.824,0.444,0.121,0.479,,75.0,70.0,90.0,80.0,107.0,79.0,51.0,119.0,,-30.1,-33.9
Rajon Rondo,18.0,289.0,,0.324,0.366,0.267,0.38,0.5,0.383,0.028,0.423,,71.0,69.0,76.0,72.0,65.0,68.0,12.0,105.0,,-20.6,-25.4
Rajon Rondo,11.0,226.0,,0.362,0.375,0.351,0.457,0.867,0.503,0.217,0.536,,80.0,71.0,101.0,87.0,112.0,90.0,91.0,134.0,,-9.5,-8.5
Derrick Rose,26.0,636.0,,0.445,0.467,0.402,0.513,0.968,0.541,0.113,0.336,,98.0,89.0,115.0,98.0,125.0,97.0,47.0,84.0,,-7.0,-10.7
Terrence Ross,47.0,1150.0,,0.405,0.487,0.308,0.476,0.874,0.528,0.255,0.462,,89.0,93.0,88.0,91.0,113.0,94.0,106.0,115.0,,-43.2,-30.1
Terry Rozier,47.0,1566.0,,0.43,0.497,0.366,0.524,0.806,0.548,0.146,0.516,,94.0,94.0,105.0,100.0,104.0,98.0,61.0,129.0,,-1.7,-17.7
Ricky Rubio,34.0,970.0,,0.363,0.38,0.339,0.434,0.854,0.488,0.251,0.423,,80.0,72.0,97.0,83.0,111.0,87.0,105.0,106.0,,-75.0,-65.3
D'Angelo Russell,41.0,1314.0,,0.412,0.479,0.353,0.506,0.806,0.542,0.22,0.535,,90.0,91.0,101.0,96.0,104.0,97.0,92.0,134.0,,-25.4,-24.4
Domantas Sabonis,48.0,1665.0,,0.578,0.636,0.321,0.608,0.739,0.646,0.442,0.185,,127.0,121.0,92.0,116.0,96.0,115.0,184.0,46.0,,96.9,121.8
Domantas Sabonis,47.0,1632.0,,0.58,0.639,0.324,0.61,0.74,0.649,0.452,0.189,,127.0,121.0,93.0,116.0,96.0,116.0,188.0,47.0,,96.9,122.5
Domantas Sabonis,1.0,33.0,,0.526,0.556,0.0,0.526,0.667,0.541,0.158,0.053,,116.0,106.0,,100.0,86.0,97.0,66.0,13.0,,0.0,-0.7
,,,,,,,,,,,,,,,,,,,,,,,
,,,,,,,,,,,,,,,,,,,,,,,
Olivier Sarr,2.0,14.0,,0.333,0.5,0.0,0.333,1.0,0.515,0.667,0.333,,73.0,95.0,,63.0,129.0,92.0,278.0,83.0,,-1.2,-0.3
Tomáš Satoranský,32.0,481.0,,0.299,0.355,0.161,0.322,0.76,0.373,0.234,0.29,,66.0,67.0,46.0,61.0,98.0,67.0,97.0,72.0,,-43.5,-44.0
Jordan Schakel,2.0,14.0,,0.0,0.0,0.0,0.0,,0.0,0.0,0.5,,,,,,,,,125.0,,-6.3,-6.7
Admiral Schofield,20.0,235.0,,0.491,0.727,0.333,0.591,0.6,0.594,0.091,0.6,,108.0,138.0,95.0,112.0,78.0,106.0,38.0,150.0,,7.2,4.0
Dennis Schröder,49.0,1433.0,,0.44,0.485,0.349,0.497,0.848,0.543,0.248,0.329,,97.0,92.0,100.0,95.0,110.0,97.0,104.0,82.0,,-32.8,-20.4
Tre Scott,2.0,11.0,,0.5,0.6,0.0,0.5,,0.5,0.0,0.167,,110.0,114.0,,95.0,,89.0,,42.0,,-0.3,-0.7
Jay Scrubb,18.0,121.0,,0.391,0.48,0.286,0.457,0.7,0.486,0.217,0.457,,86.0,91.0,82.0,87.0,91.0,87.0,91.0,114.0,,-6.3,-7.4
Wayne Selden,3.0,19.0,,0.25,0.0,0.5,0.375,0.5,0.434,1.0,0.5,,55.0,,143.0,71.0,65.0,78.0,417.0,125.0,,-1.2,-1.4
Alperen Şengün,46.0,858.0,,0.481,0.536,0.259,0.507,0.707,0.561,0.508,0.197,,106.0,102.0,74.0,96.0,91.0,100.0,212.0,49.0,,-11.0,1.3
Collin Sexton,11.0,316.0,,0.45,0.538,0.244,0.487,0.744,0.523,0.258,0.298,,99.0,102.0,70.0,93.0,96.0,94.0,108.0,74.0,,-11.7,-12.0
Landry Shamet,45.0,891.0,,0.37,0.409,0.353,0.493,0.852,0.529,0.187,0.696,,81.0,78.0,101.0,94.0,110.0,95.0,78.0,174.0,,-18.7,-18.7
Day'Ron Sharpe,26.0,326.0,,0.563,0.574,0.25,0.567,0.6,0.578,0.238,0.032,,124.0,109.0,72.0,108.0,78.0,103.0,99.0,8.0,,10.6,5.3
Pascal Siakam,40.0,1516.0,,0.487,0.517,0.355,0.52,0.736,0.56,0.326,0.184,,107.0,98.0,102.0,99.0,95.0,100.0,136.0,46.0,,-7.4,0.9
Chris Silva,10.0,91.0,,0.533,0.533,,0.533,0.833,0.641,0.8,0.0,,117.0,101.0,,101.0,108.0,115.0,334.0,,,0.2,3.3
Chris Silva,1.0,3.0,,,,,,,,,,,,,,,,,,,,0.0,0.0
Chris Silva,9.0,88.0,,0.533,0.533,,0.533,0.833,0.641,0.8,0.0,,117.0,101.0,,101.0,108.0,115.0,334.0,,,0.2,3.3
Anfernee Simons,50.0,1449.0,,0.439,0.497,0.392,0.547,0.888,0.573,0.134,0.552,,96.0,94.0,112.0,104.0,115.0,102.0,56.0,138.0,,29.1,19.6
Marko Simonovic,9.0,35.0,,0.267,0.3,0.2,0.3,0.727,0.428,0.733,0.333,,59.0,57.0,57.0,57.0,94.0,77.0,306.0,83.0,,-6.8,-5.2
Jericho Sims,17.0,111.0,,0.727,0.727,,0.727,0.75,0.745,0.364,0.0,,160.0,138.0,,138.0,97.0,133.0,152.0,,,4.4,4.7
Deividas Sirvydis,3.0,27.0,,0.1,0.0,0.143,0.15,,0.15,0.0,0.7,,22.0,,41.0,29.0,,27.0,,175.0,,-7.5,-8.2
,,,,,,,,,,,,,,,,,,,,,,,
,,,,,,,,,,,,,,,,,,,,,,,
Javonte Smart,13.0,160.0,,0.256,0.28,0.222,0.302,0.833,0.34,0.14,0.419,,56.0,53.0,64.0,58.0,108.0,61.0,58.0,104.0,,-19.2,-20.0
Marcus Smart,47.0,1549.0,,0.414,0.509,0.316,0.491,0.791,0.532,0.251,0.49,,91.0,97.0,90.0,93.0,102.0,95.0,104.0,122.0,,-31.4,-27.9
Dennis Smith Jr.,37.0,638.0,,0.418,0.451,0.222,0.434,0.656,0.474,0.339,0.143,,92.0,86.0,64.0,83.0,85.0,85.0,141.0,36.0,,-34.6,-36.8
Ish Smith,37.0,511.0,,0.395,0.394,0.4,0.422,0.632,0.434,0.103,0.135,,87.0,75.0,115.0,80.0,82.0,78.0,43.0,34.0,,-38.4,-48.2
Jalen Smith,29.0,382.0,,0.46,0.551,0.231,0.493,0.769,0.547,0.38,0.285,,101.0,105.0,66.0,94.0,100.0,98.0,158.0,71.0,,-9.0,-3.8
Xavier Sneed,2.0,8.0,,0.0,,0.0,0.0,,0.0,0.0,1.0,,,,,,,,,250.0,,-2.1,-2.2
Tony Snell,38.0,546.0,,0.371,0.545,0.32,0.495,1.0,0.503,0.031,0.773,,81.0,104.0,92.0,94.0,129.0,90.0,13.0,193.0,,-5.9,-10.9
Jaden Springer,2.0,6.0,,1.0,1.0,,1.0,,1.0,0.0,0.0,,220.0,190.0,,190.0,,179.0,,,,0.9,0.9
Cassius Stanley,9.0,155.0,,0.413,0.517,0.235,0.457,1.0,0.516,0.217,0.37,,91.0,98.0,67.0,87.0,129.0,92.0,91.0,92.0,,-6.3,-4.4
Nik Stauskas,2.0,24.0,,0.375,0.25,0.5,0.5,0.75,0.564,0.5,0.5,,82.0,47.0,143.0,95.0,97.0,101.0,209.0,125.0,,-0.4,0.1
Lance Stephenson,26.0,445.0,,0.451,0.538,0.259,0.491,0.786,0.53,0.243,0.312,,99.0,102.0,74.0,93.0,102.0,95.0,101.0,78.0,,-11.8,-11.1
Lance Stephenson,6.0,70.0,,0.385,0.5,0.0,0.385,0.5,0.396,0.154,0.231,,84.0,95.0,,73.0,65.0,71.0,64.0,58.0,,-3.7,-4.5
Lance Stephenson,20.0,375.0,,0.456,0.541,0.275,0.5,0.8,0.541,0.25,0.319,,100.0,103.0,79.0,95.0,104.0,97.0,104.0,80.0,,-8.2,-6.6
Lamar Stevens,39.0,576.0,,0.477,0.534,0.302,0.514,0.625,0.532,0.23,0.247,,105.0,101.0,87.0,98.0,81.0,95.0,96.0,62.0,,-3.9,-10.3
Isaiah Stewart,46.0,1194.0,,0.518,0.551,0.125,0.523,0.657,0.542,0.217,0.078,,114.0,105.0,36.0,99.0,85.0,97.0,90.0,19.0,,-1.8,-11.5
Max Strus,43.0,1038.0,,0.444,0.548,0.41,0.598,0.775,0.611,0.106,0.753,,98.0,104.0,117.0,114.0,100.0,109.0,44.0,188.0,,54.8,40.8
Jalen Suggs,35.0,979.0,,0.366,0.433,0.245,0.41,0.773,0.463,0.29,0.359,,80.0,82.0,70.0,78.0,100.0,83.0,121.0,89.0,,-94.9,-89.0
Craig Sword,3.0,19.0,,0.75,1.0,0.0,0.75,,0.75,0.0,0.25,,165.0,190.0,,143.0,,134.0,,62.0,,1.8,1.5
Keifer Sykes,18.0,353.0,,0.367,0.422,0.304,0.438,0.857,0.464,0.117,0.467,,80.0,80.0,87.0,83.0,111.0,83.0,49.0,116.0,,-21.1,-24.1
Jae'Sean Tate,52.0,1418.0,,0.5,0.574,0.301,0.541,0.7,0.569,0.279,0.271,,110.0,109.0,86.0,103.0,91.0,102.0,116.0,68.0,,15.4,10.7
,,,,,,,,,,,,,,,,,,,,,,,
,,,,,,,,,,,,,,,,,,,,,,,
Jayson Tatum,52.0,1874.0,,0.431,0.501,0.328,0.497,0.84,0.548,0.286,0.406,,95.0,95.0,94.0,95.0,109.0,98.0,119.0,101.0,,-60.8,-26.2
Terry Taylor,10.0,166.0,,0.552,0.55,0.571,0.582,0.8,0.602,0.149,0.104,,121.0,104.0,164.0,111.0,104.0,108.0,62.0,26.0,,7.6,6.2
Garrett Temple,50.0,984.0,,0.382,0.48,0.319,0.479,0.718,0.5,0.149,0.611,,84.0,91.0,91.0,91.0,93.0,89.0,62.0,152.0,,-24.4,-33.2
Emanuel Terry,3.0,18.0,,0.0,0.0,,0.0,,0.0,0.0,0.0,,,,,,,,,,,-5.3,-5.6
Tyrell Terry,2.0,3.0,,1.0,1.0,,1.0,,1.0,0.0,0.0,,220.0,190.0,,190.0,,179.0,,,,0.9,0.9
Jon Teske,3.0,8.0,,0.0,0.0,,0.0,0.0,0.0,2.0,0.0,,,,,,,,834.0,,,-1.1,-2.1
Daniel Theis,26.0,584.0,,0.469,0.61,0.291,0.534,0.675,0.554,0.223,0.441,,103.0,116.0,83.0,102.0,87.0,99.0,93.0,110.0,,2.9,-1.9
Brodric Thomas,7.0,28.0,,0.111,0.333,0.0,0.111,1.0,0.202,0.222,0.667,,24.0,63.0,,21.0,129.0,36.0,93.0,166.0,,-7.5,-7.0
Cam Thomas,43.0,785.0,,0.438,0.541,0.258,0.485,0.783,0.515,0.182,0.365,,96.0,103.0,74.0,92.0,101.0,92.0,76.0,91.0,,-26.8,-31.4
Isaiah Thomas,5.0,114.0,,0.319,0.455,0.2,0.372,0.727,0.415,0.234,0.532,,70.0,86.0,57.0,71.0,94.0,74.0,98.0,133.0,,-14.4,-15.0
Isaiah Thomas,4.0,101.0,,0.308,0.412,0.227,0.372,0.727,0.422,0.282,0.564,,68.0,78.0,65.0,71.0,94.0,75.0,118.0,141.0,,-12.0,-12.0
Isaiah Thomas,1.0,13.0,,0.375,0.6,0.0,0.375,,0.375,0.0,0.375,,82.0,114.0,,71.0,,67.0,,94.0,,-2.4,-2.9
Matt Thomas,32.0,417.0,,0.413,0.436,0.402,0.55,0.765,0.568,0.14,0.678,,91.0,83.0,115.0,105.0,99.0,102.0,59.0,169.0,,5.8,2.3
Klay Thompson,12.0,287.0,,0.426,0.481,0.378,0.527,1.0,0.56,0.13,0.533,,94.0,91.0,108.0,100.0,129.0,100.0,54.0,133.0,,0.4,0.2
Tristan Thompson,30.0,455.0,,0.503,0.5,1.0,0.507,0.533,0.521,0.397,0.007,,110.0,95.0,286.0,96.0,69.0,93.0,166.0,2.0,,-5.7,-13.4
JT Thor,15.0,128.0,,0.344,0.5,0.25,0.422,0.7,0.467,0.312,0.625,,75.0,95.0,72.0,80.0,91.0,84.0,130.0,156.0,,-6.6,-6.7
Matisse Thybulle,39.0,1034.0,,0.503,0.709,0.316,0.586,0.684,0.594,0.105,0.525,,110.0,135.0,90.0,111.0,89.0,106.0,44.0,131.0,,21.8,13.2
Killian Tillie,32.0,427.0,,0.362,0.41,0.338,0.474,0.625,0.481,0.069,0.664,,79.0,78.0,97.0,90.0,81.0,86.0,29.0,166.0,,-11.9,-18.7
Xavier Tillman Sr.,39.0,510.0,,0.451,0.525,0.2,0.474,0.646,0.505,0.314,0.229,,99.0,100.0,57.0,90.0,84.0,90.0,131.0,57.0,,-15.8,-18.7
Isaiah Todd,9.0,35.0,,0.333,0.2,0.4,0.467,0.5,0.477,0.267,0.667,,73.0,38.0,115.0,89.0,65.0,85.0,111.0,166.0,,-1.8,-2.7
,,,,,,,,,,,,,,,,,,,,,,,
,,,,,,,,,,,,,,,,,,,,,,,
Obi Toppin,50.0,775.0,,0.523,0.646,0.238,0.559,0.75,0.593,0.301,0.301,,115.0,123.0,68.0,106.0,97.0,106.0,126.0,75.0,,18.8,21.7
Juan Toscano-Anderson,53.0,799.0,,0.49,0.594,0.306,0.545,0.596,0.56,0.285,0.36,,108.0,113.0,87.0,104.0,77.0,100.0,119.0,90.0,,7.8,0.3
Karl-Anthony Towns,48.0,1648.0,,0.521,0.574,0.406,0.585,0.817,0.632,0.357,0.315,,114.0,109.0,116.0,111.0,106.0,113.0,149.0,79.0,,95.4,134.1
Gary Trent Jr.,44.0,1533.0,,0.431,0.463,0.401,0.534,0.818,0.558,0.147,0.514,,95.0,88.0,115.0,102.0,106.0,100.0,61.0,128.0,,11.6,-1.5
P.J. Tucker,48.0,1359.0,,0.503,0.535,0.469,0.618,0.723,0.631,0.156,0.487,,110.0,102.0,134.0,118.0,94.0,113.0,65.0,121.0,,55.6,46.2
Rayjon Tucker,3.0,29.0,,0.5,,0.5,0.75,0.75,0.798,2.0,1.0,,110.0,,143.0,143.0,97.0,143.0,834.0,250.0,,0.9,1.8
Myles Turner,42.0,1235.0,,0.509,0.662,0.333,0.587,0.752,0.615,0.267,0.466,,112.0,126.0,95.0,112.0,97.0,110.0,111.0,116.0,,48.0,48.9
Jonas Valančiūnas,48.0,1503.0,,0.529,0.556,0.402,0.564,0.814,0.608,0.309,0.178,,116.0,106.0,115.0,107.0,105.0,109.0,129.0,44.0,,49.0,69.3
Denzel Valentine,24.0,222.0,,0.379,0.316,0.404,0.523,,0.523,0.0,0.712,,83.0,60.0,116.0,99.0,,93.0,,178.0,,-0.4,-4.8
Denzel Valentine,22.0,204.0,,0.371,0.278,0.409,0.516,,0.516,0.0,0.71,,81.0,53.0,117.0,98.0,,92.0,,177.0,,-1.2,-5.3
Denzel Valentine,2.0,18.0,,0.5,1.0,0.333,0.625,,0.625,0.0,0.75,,110.0,190.0,95.0,119.0,,112.0,,187.0,,0.8,0.5
Jarred Vanderbilt,50.0,1301.0,,0.592,0.611,0.182,0.596,0.663,0.617,0.349,0.043,,130.0,116.0,52.0,113.0,86.0,110.0,146.0,11.0,,36.0,34.0
Fred VanVleet,48.0,1851.0,,0.418,0.445,0.397,0.532,0.873,0.568,0.197,0.574,,92.0,85.0,114.0,101.0,113.0,102.0,82.0,143.0,,10.3,16.7
Devin Vassell,47.0,1195.0,,0.432,0.521,0.345,0.519,0.792,0.537,0.112,0.502,,95.0,99.0,99.0,99.0,103.0,96.0,47.0,125.0,,-6.2,-22.1
Gabe Vincent,46.0,1099.0,,0.431,0.496,0.392,0.554,0.8,0.57,0.11,0.627,,95.0,94.0,112.0,105.0,104.0,102.0,46.0,156.0,,20.5,8.5
Nikola Vučević,48.0,1618.0,,0.466,0.525,0.329,0.516,0.727,0.529,0.101,0.303,,102.0,100.0,94.0,98.0,94.0,95.0,42.0,76.0,,-14.9,-48.0
Dean Wade,40.0,763.0,,0.449,0.618,0.366,0.572,0.609,0.579,0.138,0.671,,99.0,117.0,105.0,109.0,79.0,103.0,57.0,167.0,,15.5,6.9
Franz Wagner,56.0,1795.0,,0.464,0.503,0.359,0.512,0.85,0.553,0.222,0.27,,102.0,96.0,103.0,98.0,110.0,99.0,92.0,67.0,,-18.8,-10.1
Moritz Wagner,45.0,564.0,,0.5,0.684,0.331,0.586,0.797,0.627,0.332,0.521,,110.0,130.0,95.0,112.0,103.0,112.0,138.0,130.0,,28.9,37.0
Ish Wainright,27.0,201.0,,0.362,0.444,0.29,0.44,0.4,0.44,0.086,0.534,,79.0,84.0,83.0,84.0,52.0,79.0,36.0,133.0,,-10.0,-14.3
,,,,,,,,,,,,,,,,,,,,,,,
,,,,,,,,,,,,,,,,,,,,,,,
Kemba Walker,33.0,853.0,,0.401,0.442,0.365,0.499,0.817,0.53,0.18,0.533,,88.0,84.0,105.0,95.0,106.0,95.0,75.0,133.0,,-18.0,-21.0
Lonnie Walker IV,50.0,1133.0,,0.388,0.466,0.294,0.455,0.831,0.489,0.171,0.457,,85.0,89.0,84.0,87.0,108.0,87.0,71.0,114.0,,-73.6,-78.4
M.J. Walker,2.0,8.0,,0.0,0.0,0.0,0.0,,0.0,0.0,0.5,,,,,,,,,125.0,,-4.2,-4.5
Derrick Walton,3.0,108.0,,0.231,0.231,0.231,0.288,1.0,0.342,0.154,0.5,,51.0,44.0,66.0,55.0,129.0,61.0,64.0,125.0,,-12.3,-12.0
Brad Wanamaker,23.0,320.0,,0.364,0.4,0.235,0.39,0.92,0.472,0.325,0.221,,80.0,76.0,67.0,74.0,119.0,84.0,135.0,55.0,,-20.9,-15.4
Brad Wanamaker,22.0,293.0,,0.361,0.4,0.235,0.389,0.909,0.465,0.306,0.236,,79.0,76.0,67.0,74.0,118.0,83.0,127.0,59.0,,-19.7,-15.3
Brad Wanamaker,1.0,27.0,,0.4,0.4,,0.4,1.0,0.554,0.6,0.0,,88.0,76.0,,76.0,129.0,99.0,250.0,,,-1.3,-0.1
Duane Washington Jr.,24.0,505.0,,0.384,0.422,0.348,0.473,0.808,0.495,0.116,0.513,,84.0,80.0,100.0,90.0,105.0,88.0,48.0,128.0,,-23.4,-30.3
P.J. Washington,39.0,958.0,,0.446,0.537,0.386,0.562,0.729,0.583,0.193,0.603,,98.0,102.0,110.0,107.0,94.0,104.0,81.0,151.0,,22.4,15.9
Yuta Watanabe,23.0,353.0,,0.398,0.457,0.351,0.495,0.538,0.507,0.252,0.553,,87.0,87.0,100.0,94.0,70.0,91.0,105.0,138.0,,-6.3,-12.0
Tremont Waters,3.0,50.0,,0.286,0.4,0.222,0.357,,0.357,0.0,0.643,,63.0,76.0,64.0,68.0,,64.0,,160.0,,-4.7,-5.7
Tremont Waters,2.0,42.0,,0.25,0.333,0.222,0.333,,0.333,0.0,0.75,,55.0,63.0,64.0,63.0,,60.0,,187.0,,-4.6,-5.4
Tremont Waters,1.0,8.0,,0.5,0.5,,0.5,,0.5,0.0,0.0,,110.0,95.0,,95.0,,89.0,,,,-0.1,-0.2
Trendon Watford,30.0,364.0,,0.583,0.651,0.0,0.583,0.677,0.607,0.323,0.104,,128.0,124.0,,111.0,88.0,108.0,135.0,26.0,,11.1,10.4
Paul Watson,9.0,156.0,,0.343,0.667,0.231,0.429,0.5,0.432,0.057,0.743,,75.0,127.0,66.0,82.0,65.0,77.0,24.0,185.0,,-6.8,-9.1
Quinndary Weatherspoon,5.0,33.0,,0.6,0.667,0.0,0.6,1.0,0.643,0.2,0.1,,132.0,127.0,,114.0,129.0,115.0,83.0,25.0,,1.5,1.8
Russell Westbrook,55.0,1902.0,,0.435,0.473,0.298,0.467,0.665,0.503,0.321,0.218,,95.0,90.0,85.0,89.0,86.0,90.0,134.0,54.0,,-101.7,-111.9
Coby White,35.0,961.0,,0.437,0.523,0.362,0.533,0.841,0.562,0.168,0.531,,96.0,99.0,104.0,101.0,109.0,101.0,70.0,132.0,,5.9,2.7
Derrick White,49.0,1486.0,,0.426,0.519,0.314,0.497,0.869,0.551,0.281,0.453,,94.0,99.0,90.0,95.0,112.0,99.0,117.0,113.0,,-32.1,-10.1
Hassan Whiteside,43.0,786.0,,0.627,0.627,,0.627,0.655,0.647,0.485,0.0,,138.0,119.0,,119.0,85.0,116.0,202.0,,,47.1,49.8
,,,,,,,,,,,,,,,,,,,,,,,
,,,,,,,,,,,,,,,,,,,,,,,
Joe Wieskamp,14.0,88.0,,0.481,0.556,0.444,0.63,0.429,0.615,0.259,0.667,,106.0,106.0,127.0,120.0,55.0,110.0,108.0,166.0,,5.6,3.4
Aaron Wiggins,31.0,680.0,,0.486,0.615,0.329,0.56,0.702,0.585,0.269,0.451,,107.0,117.0,94.0,107.0,91.0,105.0,112.0,113.0,,12.1,10.2
Andrew Wiggins,50.0,1580.0,,0.484,0.528,0.415,0.565,0.669,0.583,0.233,0.392,,106.0,100.0,119.0,108.0,87.0,104.0,97.0,98.0,,55.3,36.9
Lindell Wigginton,6.0,25.0,,1.0,1.0,1.0,1.167,,1.167,0.0,0.333,,220.0,190.0,286.0,222.0,,209.0,,83.0,,7.7,7.3
Brandon Williams,2.0,12.0,,0.667,0.667,,0.667,0.571,0.658,2.333,0.0,,146.0,127.0,,127.0,74.0,118.0,973.0,,,0.8,1.2
Grant Williams,51.0,1165.0,,0.483,0.595,0.429,0.627,0.896,0.657,0.185,0.676,,106.0,113.0,123.0,119.0,116.0,117.0,77.0,169.0,,52.8,54.8
Kenrich Williams,46.0,995.0,,0.448,0.508,0.351,0.515,0.523,0.52,0.147,0.381,,98.0,96.0,100.0,98.0,68.0,93.0,61.0,95.0,,-6.2,-25.0
Lou Williams,37.0,541.0,,0.398,0.422,0.354,0.46,0.889,0.512,0.239,0.35,,87.0,80.0,101.0,88.0,115.0,92.0,100.0,87.0,,-29.5,-23.3
Patrick Williams,5.0,125.0,,0.565,0.588,0.5,0.63,1.0,0.666,0.174,0.261,,124.0,112.0,143.0,120.0,129.0,119.0,73.0,65.0,,4.8,5.3
Robert Williams,45.0,1335.0,,0.737,0.74,0.0,0.737,0.708,0.744,0.271,0.004,,162.0,140.0,,140.0,92.0,133.0,113.0,1.0,,112.4,110.1
Ziaire Williams,36.0,775.0,,0.433,0.644,0.281,0.515,0.864,0.533,0.092,0.579,,95.0,122.0,80.0,98.0,112.0,95.0,38.0,145.0,,-5.2,-13.2
D.J. Wilson,3.0,48.0,,0.727,0.889,0.0,0.727,0.8,0.779,0.909,0.182,,160.0,169.0,,138.0,104.0,139.0,379.0,45.0,,4.4,6.8
Dylan Windler,37.0,344.0,,0.429,0.522,0.389,0.565,0.778,0.581,0.117,0.701,,94.0,99.0,111.0,108.0,101.0,104.0,49.0,175.0,,6.1,3.5
Justise Winslow,40.0,565.0,,0.45,0.539,0.171,0.47,0.605,0.492,0.254,0.243,,99.0,102.0,49.0,90.0,78.0,88.0,106.0,61.0,,-18.6,-25.1
Justise Winslow,37.0,479.0,,0.447,0.518,0.172,0.465,0.61,0.49,0.291,0.206,,98.0,98.0,49.0,88.0,79.0,88.0,121.0,51.0,,-17.2,-21.8
Justise Winslow,3.0,86.0,,0.464,0.688,0.167,0.5,0.5,0.502,0.071,0.429,,102.0,131.0,48.0,95.0,65.0,90.0,30.0,107.0,,-1.4,-3.3
Cassius Winston,2.0,7.0,,0.0,,0.0,0.0,1.0,0.347,1.0,1.0,,,,,,129.0,62.0,417.0,250.0,,-2.1,-1.2
Robert Woodard II,12.0,42.0,,0.125,0.083,0.25,0.156,1.0,0.207,0.125,0.25,,27.0,16.0,72.0,30.0,129.0,37.0,52.0,62.0,,-11.8,-11.9
Christian Wood,51.0,1584.0,,0.483,0.546,0.374,0.552,0.617,0.572,0.35,0.37,,106.0,104.0,107.0,105.0,80.0,102.0,146.0,92.0,,36.0,19.8
Delon Wright,49.0,893.0,,0.439,0.472,0.388,0.514,0.825,0.554,0.231,0.387,,96.0,90.0,111.0,98.0,107.0,99.0,96.0,97.0,,-3.8,-2.1
,,,,,,,,,,,,,,,,,,,,,,,
,,,,,,,,,,,,,,,,,,,,,,,
McKinley Wright IV,3.0,9.0,,0.667,1.0,0.5,0.833,,0.833,0.0,0.667,,146.0,190.0,143.0,159.0,,149.0,,166.0,,1.8,1.6
Moses Wright,1.0,1.0,,,,,,,,,,,,,,,,,,,,0.0,0.0
Thaddeus Young,26.0,370.0,,0.578,0.602,0.0,0.578,0.455,0.574,0.172,0.039,,127.0,114.0,,110.0,59.0,103.0,72.0,10.0,,13.5,4.0
Trae Young,49.0,1692.0,,0.458,0.506,0.379,0.529,0.894,0.591,0.328,0.377,,101.0,96.0,108.0,101.0,116.0,106.0,137.0,94.0,,7.6,72.8
Omer Yurtseven,39.0,558.0,,0.523,0.538,0.143,0.526,0.64,0.547,0.259,0.036,,115.0,102.0,41.0,100.0,83.0,98.0,108.0,9.0,,0.2,-5.4
Cody Zeller,27.0,355.0,,0.567,0.593,0.0,0.567,0.776,0.627,0.544,0.044,,124.0,113.0,,108.0,100.0,112.0,227.0,11.0,,7.4,15.2
Ivica Zubac,50.0,1197.0,,0.649,0.649,,0.649,0.735,0.686,0.562,0.0,,142.0,123.0,,123.0,95.0,123.0,234.0,,,67.9,87.1
