Player,G,GS,MP,FG,FGA,FG%,3P,3PA,3P%,2P,2PA,2P%,FT,FTA,FT%,ORB,DRB,TRB,AST,STL,BLK,TOV,PF,PTS
Precious Achiuwa,44,22,1047,4.8,11.4,0.422,0.6,1.9,0.296,4.3,9.6,0.446,1.3,2.4,0.557,3.5,7.4,10.8,1.8,0.8,0.9,1.5,3.0,11.5
Steven Adams,52,51,1354,3.6,6.7,0.53,0.0,0.0,,3.6,6.7,0.53,2.1,3.6,0.582,6.0,7.1,13.1,4.3,1.3,0.9,2.2,2.4,9.2
Bam Adebayo,30,30,985,7.5,14.5,0.518,0.0,0.1,0.0,7.5,14.4,0.522,5.1,6.6,0.772,2.9,8.0,10.9,3.9,1.7,0.7,3.3,3.5,20.1
Santi Aldama,27,0,277,4.8,12.6,0.381,0.5,5.1,0.103,4.3,7.5,0.569,1.6,2.6,0.6,3.0,5.3,8.3,1.8,0.3,0.9,1.2,3.5,11.7
LaMarcus Aldridge,36,11,825,9.0,16.3,0.555,0.5,1.7,0.316,8.5,14.6,0.582,2.5,3.0,0.853,2.4,6.5,8.8,1.4,0.6,1.7,1.4,2.7,21.1
Nickeil Alexander-Walker,50,19,1317,6.5,17.3,0.375,2.6,8.3,0.311,3.9,8.9,0.434,1.9,2.7,0.722,1.0,3.5,4.5,3.8,1.1,0.5,2.3,2.4,17.5
Grayson Allen,46,45,1298,5.2,12.1,0.428,3.2,8.2,0.394,1.9,3.9,0.5,1.3,1.6,0.857,0.7,3.7,4.4,1.9,1.1,0.4,0.8,1.8,14.9
Jarrett Allen,47,47,1531,7.3,10.9,0.667,0.0,0.2,0.1,7.3,10.7,0.679,3.3,4.8,0.686,4.0,8.3,12.3,2.0,0.8,1.5,2.0,2.0,17.9
Jose Alvarado,27,1,335,5.4,12.8,0.42,1.6,5.3,0.306,3.8,7.5,0.5,1.5,2.3,0.667,1.0,2.9,3.9,5.8,3.2,0.3,1.1,4.0,13.9
Justin Anderson,6,0,77,2.8,8.9,0.316,1.4,7.0,0.2,1.4,1.9,0.75,2.8,3.3,0.857,0.9,3.7,4.7,4.2,0.9,0.5,1.4,4.2,9.8
Kyle Anderson,43,8,955,5.1,11.7,0.431,1.0,2.9,0.342,4.1,8.9,0.46,1.7,2.6,0.657,1.5,7.0,8.5,4.2,1.8,1.0,1.6,2.4,12.8
Giannis Antetokounmpo,46,46,1499,11.1,20.4,0.544,1.3,4.3,0.303,9.8,16.1,0.607,8.8,12.2,0.722,2.1,10.4,12.5,6.6,1.1,1.6,3.7,3.6,32.3
Thanasis Antetokounmpo,33,5,347,3.9,8.6,0.458,0.1,1.1,0.091,3.8,7.5,0.514,1.6,2.5,0.625,3.1,4.9,8.0,2.0,1.3,0.8,2.0,5.8,9.5
Carmelo Anthony,50,3,1327,6.2,14.2,0.437,3.1,8.0,0.392,3.1,6.2,0.496,2.7,3.2,0.824,1.1,4.5,5.6,1.4,1.0,1.1,1.2,3.0,18.2
Cole Anthony,42,42,1396,6.6,16.7,0.392,2.3,7.2,0.327,4.2,9.5,0.441,3.8,4.5,0.851,0.7,5.7,6.4,6.6,1.0,0.3,3.0,2.9,19.3
OG Anunoby,38,38,1413,6.7,15.0,0.446,2.4,6.8,0.358,4.3,8.3,0.517,2.0,2.7,0.743,1.6,4.0,5.6,2.6,1.6,0.6,1.8,2.9,17.8
Trevor Ariza,18,8,350,2.6,7.1,0.362,2.0,5.9,0.333,0.6,1.2,0.5,0.7,1.0,0.7,0.5,5.7,6.2,2.4,1.0,0.4,0.8,1.9,7.8
D.J. Augustin,34,2,510,3.9,9.6,0.404,2.8,6.8,0.406,1.1,2.8,0.4,2.3,2.7,0.868,0.5,2.4,2.9,5.2,0.7,0.0,3.2,1.2,12.8
Deni Avdija,53,6,1206,4.3,9.6,0.444,1.3,4.3,0.306,3.0,5.3,0.556,1.7,2.2,0.747,1.0,6.7,7.7,2.6,1.2,0.9,1.4,3.6,11.5
Joel Ayayi,7,0,20,1.8,10.8,0.167,0.0,1.8,0.0,1.8,9.0,0.2,0.0,0.0,,1.8,3.6,5.4,7.2,0.0,0.0,0.0,0.0,3.6
Deandre Ayton,33,33,967,8.6,13.6,0.635,0.1,0.3,0.25,8.5,13.3,0.643,2.5,3.4,0.725,3.4,9.3,12.7,1.9,1.0,0.9,2.1,2.8,19.7
Udoka Azubuike,13,5,149,5.6,8.2,0.676,0.0,0.0,,5.6,8.2,0.676,1.0,2.2,0.444,3.1,9.4,12.6,0.0,0.2,2.4,2.4,4.1,12.1
Marvin Bagley III,30,17,656,6.3,13.5,0.463,0.8,3.4,0.242,5.4,10.1,0.538,1.9,2.6,0.745,3.7,8.1,11.8,0.9,0.5,0.6,1.2,2.7,15.3
LaMelo Ball,49,49,1589,7.9,18.6,0.423,2.9,7.9,0.361,5.0,10.7,0.468,3.4,3.9,0.865,1.8,6.1,7.9,8.3,1.7,0.5,3.5,3.5,22.0
Lonzo Ball,35,35,1212,4.8,11.4,0.423,3.3,7.7,0.423,1.5,3.7,0.423,0.6,0.8,0.75,1.0,4.6,5.6,5.3,1.9,0.9,2.4,2.5,13.5
Mo Bamba,45,43,1180,5.5,11.6,0.47,1.7,5.1,0.343,3.7,6.6,0.567,1.2,1.5,0.792,2.9,8.1,11.0,1.8,0.9,2.7,1.7,3.5,13.8
Desmond Bane,52,52,1564,7.9,17.3,0.459,3.4,8.2,0.408,4.6,9.0,0.505,1.8,2.0,0.897,0.7,4.6,5.3,2.9,1.4,0.6,1.8,2.9,21.0
Dalano Banton,43,1,505,4.3,10.6,0.403,0.8,2.7,0.289,3.5,7.9,0.441,1.3,2.0,0.643,1.9,4.8,6.7,5.0,1.5,0.6,3.2,3.7,10.6
Cat Barber,3,0,13,0.0,11.1,0.0,0.0,0.0,,0.0,11.1,0.0,0.0,11.1,0.0,2.8,5.5,8.3,8.3,0.0,0.0,2.8,2.8,0.0
Harrison Barnes,52,52,1755,5.6,12.0,0.462,2.2,5.3,0.412,3.4,6.7,0.502,5.0,6.0,0.829,1.2,5.4,6.5,2.7,0.8,0.2,1.7,1.3,18.3
Scottie Barnes,45,45,1620,5.8,12.3,0.475,0.9,2.7,0.325,5.0,9.6,0.516,2.3,3.1,0.741,2.5,5.1,7.7,3.4,1.0,0.8,1.9,2.8,14.8
RJ Barrett,48,48,1587,6.9,16.9,0.412,2.2,6.1,0.354,4.8,10.7,0.445,3.5,5.1,0.695,0.9,5.2,6.2,2.8,0.6,0.3,2.1,2.2,19.6
Will Barton,47,47,1533,6.6,14.7,0.444,2.6,6.9,0.375,4.0,7.9,0.504,1.5,1.9,0.778,0.8,4.7,5.5,4.6,1.0,0.6,2.1,1.7,17.2
Paris Bass,2,0,7,10.3,30.9,0.333,0.0,10.3,0.0,10.3,20.6,0.5,10.3,10.3,1.0,10.3,10.3,20.6,0.0,5.1,0.0,10.3,10.3,30.9
Charles Bassey,22,0,161,6.3,9.6,0.651,0.0,0.9,0.0,6.3,8.7,0.718,1.8,2.5,0.727,4.5,8.9,13.4,1.6,0.9,3.8,1.8,6.9,14.3
Keita Bates-Diop,42,12,701,4.7,9.4,0.5,0.7,2.2,0.333,4.0,7.3,0.549,1.5,2.2,0.69,2.4,6.4,8.7,1.3,1.0,0.7,1.5,2.2,11.7
Nicolas Batum,35,30,871,4.6,9.6,0.483,2.8,6.9,0.405,1.8,2.6,0.688,0.7,1.0,0.667,0.7,5.7,6.4,2.3,1.4,1.1,1.1,2.1,12.7
Kent Bazemore,31,14,455,3.1,9.4,0.328,1.8,5.1,0.354,1.3,4.3,0.296,1.0,1.3,0.765,0.7,3.6,4.3,2.3,1.6,0.5,0.8,4.4,9.0
Darius Bazley,49,33,1309,4.7,11.7,0.401,1.4,4.7,0.292,3.3,7.0,0.474,2.1,3.1,0.685,1.5,7.1,8.6,1.6,1.1,1.5,1.8,1.3,12.8
Bradley Beal,40,40,1439,8.7,19.3,0.451,1.6,5.3,0.3,7.1,14.0,0.508,4.2,5.1,0.833,1.0,3.8,4.7,6.6,0.9,0.4,3.4,2.4,23.2
Malik Beasley,55,10,1421,6.1,16.1,0.38,4.1,11.5,0.358,2.0,4.6,0.434,0.8,1.0,0.75,0.5,3.7,4.2,2.1,0.7,0.2,0.9,1.7,17.2
Jordan Bell,1,0,2,0.0,0.0,,0.0,0.0,,0.0,0.0,,0.0,0.0,,18.0,0.0,18.0,0.0,18.0,0.0,0.0,36.0,0.0
DeAndre' Bembry,48,20,949,4.6,8.1,0.568,0.6,1.4,0.417,4.0,6.7,0.599,0.8,1.3,0.6,1.4,4.3,5.8,2.3,1.8,0.9,1.1,3.9,10.5
Dāvis Bertāns,34,0,501,4.3,12.3,0.351,3.3,10.3,0.319,1.0,1.9,0.519,2.0,2.2,0.933,0.4,4.0,4.4,1.1,0.8,0.4,1.0,4.0,13.9
Patrick Beverley,36,32,931,4.3,10.7,0.406,1.9,5.6,0.333,2.5,5.1,0.485,1.9,2.6,0.706,1.5,4.7,6.2,7.0,1.5,1.2,1.5,4.0,12.4
Saddiq Bey,54,54,1807,5.7,15.0,0.381,2.7,7.9,0.338,3.1,7.1,0.43,2.6,3.1,0.827,1.4,4.7,6.2,2.9,1.0,0.2,1.4,1.8,16.7
Khem Birch,27,7,508,3.6,7.5,0.481,0.0,0.6,0.0,3.6,6.9,0.52,2.3,3.1,0.75,4.5,4.3,8.9,2.1,1.3,0.9,1.2,3.0,9.6
Goga Bitadze,32,5,359,5.8,13.1,0.443,0.8,4.5,0.178,5.0,8.6,0.581,2.9,4.6,0.63,4.4,4.7,9.1,1.9,1.2,2.1,2.5,5.5,15.3
Bismack Biyombo,15,3,290,6.7,11.0,0.607,0.0,0.0,,6.7,11.0,0.607,3.2,5.8,0.553,5.5,7.4,12.9,1.7,1.1,1.7,1.5,3.8,16.6
Nemanja Bjelica,49,0,755,5.5,12.1,0.453,1.9,5.6,0.342,3.6,6.5,0.547,2.1,3.0,0.71,2.0,7.5,9.5,4.3,1.5,0.8,2.7,3.8,15.0
Eric Bledsoe,54,29,1361,5.2,12.4,0.421,1.3,4.3,0.313,3.9,8.1,0.479,2.4,3.1,0.761,0.7,4.1,4.8,6.0,1.8,0.5,3.1,2.2,14.1
Keljin Blevins,12,0,73,4.4,11.3,0.391,3.0,6.9,0.429,1.5,4.4,0.333,0.0,1.0,0.0,1.0,3.0,3.9,2.0,0.0,0.0,3.0,2.5,11.8
Bogdan Bogdanović,36,26,1027,5.7,13.8,0.417,3.0,8.2,0.363,2.8,5.6,0.497,1.3,1.6,0.8,0.4,4.3,4.7,3.7,1.1,0.2,1.3,2.5,15.7
Bojan Bogdanović,53,53,1641,7.1,15.5,0.459,2.8,7.4,0.382,4.3,8.1,0.53,3.8,4.4,0.871,1.0,4.1,5.1,2.0,0.5,0.0,1.9,2.0,20.9
Bol Bol,14,0,81,6.7,12.0,0.556,0.4,1.8,0.25,6.2,10.2,0.609,0.9,2.2,0.4,1.8,7.1,8.9,2.2,0.4,0.9,1.8,1.8,14.7
Leandro Bolmaro,25,2,188,1.7,6.1,0.281,0.4,2.3,0.167,1.3,3.8,0.35,1.5,1.7,0.889,2.9,3.8,6.7,2.1,1.0,0.0,2.3,4.0,5.4
Isaac Bonga,13,0,66,1.6,7.1,0.231,0.5,2.2,0.25,1.1,4.9,0.222,2.2,3.3,0.667,2.2,1.6,3.8,1.6,3.8,1.1,1.1,5.5,6.0
Devin Booker,47,47,1598,9.9,22.0,0.45,2.8,7.5,0.373,7.1,14.4,0.49,4.6,5.4,0.857,0.8,4.8,5.6,4.6,1.0,0.3,2.5,2.7,27.2
Brandon Boston Jr.,39,0,605,5.5,15.2,0.363,1.5,5.4,0.289,4.0,9.9,0.404,2.8,3.3,0.855,0.8,4.7,5.5,2.0,1.2,0.6,1.5,2.0,15.4
Chris Boucher,51,8,1028,5.8,12.5,0.461,1.4,4.9,0.279,4.4,7.6,0.578,3.2,4.2,0.767,3.7,6.8,10.5,0.6,1.2,1.9,1.1,3.9,16.1
James Bouknight,25,0,249,6.1,16.5,0.368,2.0,5.9,0.341,4.0,10.6,0.384,3.3,3.9,0.852,2.5,3.0,5.5,2.7,0.7,0.0,1.4,3.2,17.5
Avery Bradley,48,41,1139,3.8,9.3,0.41,2.1,5.5,0.376,1.7,3.8,0.458,0.4,0.4,0.857,0.8,2.7,3.5,1.3,1.4,0.3,1.0,2.9,10.0
Tony Bradley,41,7,474,4.6,8.0,0.581,0.0,0.0,,4.6,8.0,0.581,1.1,1.5,0.7,4.1,7.7,11.8,1.6,0.8,2.1,2.0,4.1,10.3
Ignas Brazdeikis,25,0,228,4.1,11.2,0.366,1.6,5.2,0.303,2.5,6.0,0.421,1.4,1.9,0.75,1.6,3.8,5.4,3.0,0.9,0.2,1.3,3.9,11.2
Mikal Bridges,54,54,1877,5.4,10.3,0.522,1.4,3.9,0.369,4.0,6.4,0.615,1.3,1.5,0.875,1.1,3.4,4.4,2.2,1.3,0.5,0.8,2.0,13.6
Miles Bridges,54,54,1941,7.4,15.3,0.485,1.8,5.9,0.31,5.6,9.4,0.593,3.2,4.0,0.797,1.2,6.0,7.1,3.6,1.1,0.9,1.8,2.7,19.9
Oshae Brissett,43,1,822,4.2,10.4,0.403,1.6,4.7,0.333,2.6,5.7,0.462,2.1,3.2,0.658,2.5,5.8,8.2,1.4,1.1,0.6,1.4,2.6,12.1
Malcolm Brogdon,28,28,934,7.1,15.8,0.448,1.8,5.8,0.307,5.3,10.1,0.529,4.0,4.7,0.861,0.9,4.6,5.6,6.4,0.9,0.4,2.4,2.2,20.0
Armoni Brooks,41,8,690,4.5,13.1,0.347,3.3,11.1,0.3,1.2,2.0,0.605,0.8,1.0,0.842,0.6,3.6,4.2,2.6,1.1,0.4,1.2,3.1,13.3
Dillon Brooks,21,20,587,8.9,20.9,0.426,2.0,6.2,0.327,6.9,14.7,0.469,3.9,4.4,0.889,1.0,3.2,4.2,3.5,1.7,0.2,2.3,4.2,23.7
Bruce Brown,45,19,924,4.5,9.4,0.477,0.4,1.4,0.297,4.1,7.9,0.51,1.2,1.6,0.738,2.1,5.3,7.5,2.1,1.6,0.9,1.2,4.1,10.6
Charlie Brown Jr.,17,2,166,2.0,7.8,0.25,0.2,2.6,0.083,1.7,5.2,0.333,1.5,1.7,0.875,3.0,3.7,6.7,1.1,2.0,0.9,1.1,3.9,5.6
Chaundee Brown Jr.,5,2,104,3.5,11.1,0.313,2.1,6.2,0.333,1.4,4.8,0.286,1.7,2.1,0.833,0.3,5.2,5.5,1.4,0.7,0.0,0.3,2.4,10.7
Greg Brown III,25,0,173,6.7,14.6,0.457,0.8,4.0,0.211,5.8,10.6,0.549,3.5,5.8,0.607,3.3,5.8,9.2,1.2,1.2,1.5,1.9,4.4,17.7
Jaylen Brown,42,42,1435,9.2,19.9,0.461,2.8,8.1,0.349,6.4,11.9,0.537,4.0,5.1,0.783,0.9,6.0,6.9,3.4,1.1,0.4,3.1,2.7,25.2
Moses Brown,26,1,169,5.8,10.7,0.54,0.0,0.0,,5.8,10.7,0.54,5.8,9.2,0.628,3.4,9.6,13.0,0.2,0.6,1.9,3.0,6.0,17.3
Sterling Brown,36,3,513,3.6,9.0,0.398,1.9,5.5,0.342,1.7,3.4,0.49,0.7,0.8,0.909,1.5,7.3,8.8,2.0,0.8,0.4,1.5,3.0,9.8
Troy Brown Jr.,44,5,782,3.7,8.7,0.431,1.5,4.2,0.352,2.3,4.5,0.505,0.9,1.2,0.76,1.3,5.2,6.6,2.4,1.2,0.2,0.9,2.3,9.8
Jalen Brunson,54,36,1708,7.4,14.5,0.507,1.2,3.4,0.354,6.2,11.1,0.554,2.3,2.9,0.81,0.6,3.7,4.3,6.2,1.0,0.1,2.0,2.1,18.3
Thomas Bryant,11,4,177,5.7,12.6,0.452,1.4,4.3,0.333,4.3,8.3,0.512,2.6,3.5,0.765,2.2,5.3,7.5,1.2,0.6,1.0,1.6,3.9,15.5
Shaq Buchanan,2,0,10,3.6,14.4,0.25,0.0,7.2,0.0,3.6,7.2,0.5,0.0,0.0,,3.6,3.6,7.2,7.2,3.6,0.0,7.2,3.6,7.2
Reggie Bullock,47,16,1164,4.0,9.8,0.411,2.7,7.4,0.358,1.4,2.4,0.579,0.8,1.0,0.844,0.6,4.4,5.0,1.5,0.8,0.2,0.8,1.9,11.5
Trey Burke,30,0,334,7.5,17.8,0.424,2.5,7.1,0.348,5.1,10.7,0.475,1.7,1.8,0.941,0.3,2.7,3.0,4.9,1.1,0.0,2.3,3.2,19.3
Alec Burks,54,21,1445,4.5,11.7,0.382,2.4,6.1,0.388,2.1,5.6,0.377,3.6,4.3,0.832,0.8,5.0,5.8,3.4,1.5,0.4,1.3,3.2,14.9
Jared Butler,26,1,206,6.1,15.0,0.407,2.8,7.9,0.356,3.3,7.2,0.463,1.2,2.1,0.583,0.5,3.3,3.8,5.1,1.4,1.2,3.8,4.7,16.3
Jimmy Butler,36,36,1215,7.7,15.7,0.491,0.4,2.0,0.212,7.3,13.7,0.531,7.4,8.3,0.89,2.0,4.6,6.6,6.6,1.9,0.5,2.2,1.5,23.2
Devontae Cacok,8,0,67,8.6,12.4,0.696,0.0,0.0,,8.6,12.4,0.696,2.1,3.8,0.571,2.7,11.8,14.5,1.1,2.1,3.8,0.5,4.3,19.3
Kentavious Caldwell-Pope,50,50,1461,5.0,12.3,0.404,2.4,6.4,0.368,2.6,5.9,0.444,1.6,1.7,0.887,0.6,3.6,4.2,2.1,1.3,0.5,1.5,2.1,13.9
Facundo Campazzo,51,4,1024,3.4,9.0,0.38,1.8,5.7,0.313,1.6,3.2,0.5,1.9,2.3,0.803,0.6,2.7,3.3,6.7,1.9,0.7,2.1,3.6,10.5
Vlatko Čančar,14,1,152,5.2,9.2,0.564,1.7,2.8,0.583,3.6,6.4,0.556,2.1,2.8,0.75,1.4,4.0,5.4,3.1,0.5,0.7,1.9,3.1,14.2
Clint Capela,46,45,1295,6.3,10.8,0.58,0.0,0.0,0.0,6.3,10.8,0.581,1.4,3.1,0.455,4.9,10.6,15.5,1.8,1.0,1.7,0.7,2.9,13.9
Vernon Carey Jr.,4,1,17,6.4,12.7,0.5,0.0,0.0,,6.4,12.7,0.5,4.2,6.4,0.667,6.4,4.2,10.6,0.0,2.1,0.0,2.1,2.1,16.9
Jevon Carter,41,1,484,3.6,10.9,0.327,2.7,7.9,0.34,0.9,3.0,0.293,0.4,0.6,0.75,0.5,3.7,4.2,3.0,1.0,0.7,1.4,3.0,10.3
Wendell Carter Jr.,47,46,1376,6.4,12.6,0.504,1.4,4.4,0.329,4.9,8.2,0.597,2.7,3.8,0.715,2.5,10.0,12.5,3.3,0.8,0.9,2.1,3.3,16.8
Alex Caruso,28,9,775,3.6,8.5,0.429,1.4,4.0,0.345,2.2,4.4,0.505,2.2,2.7,0.814,1.2,3.9,5.0,5.1,2.5,0.5,1.9,3.2,10.9
Willie Cauley-Stein,18,2,177,3.3,7.1,0.457,0.2,0.4,0.5,3.1,6.7,0.455,0.2,0.4,0.5,2.6,5.1,7.7,1.8,1.2,0.6,1.4,3.5,6.9
Ahmad Caver,1,0,1,36.0,36.0,1.0,0.0,0.0,,36.0,36.0,1.0,0.0,0.0,,0.0,0.0,0.0,0.0,0.0,0.0,0.0,0.0,72.0
Justin Champagnie,30,0,252,4.1,8.6,0.483,1.3,3.1,0.409,2.9,5.4,0.526,1.3,1.3,1.0,5.3,3.9,9.1,1.3,1.0,0.6,1.0,4.6,10.9
Zylan Cheatham,1,0,5,0.0,21.6,0.0,0.0,14.4,0.0,0.0,7.2,0.0,0.0,0.0,,0.0,0.0,0.0,0.0,0.0,0.0,0.0,0.0,0.0
Chris Chiozza,26,1,279,2.5,8.4,0.292,2.1,5.5,0.372,0.4,2.8,0.136,0.1,0.1,1.0,1.0,2.8,3.9,6.1,1.2,0.0,2.8,3.1,7.1
Marquese Chriss,22,0,251,6.9,14.1,0.49,1.0,2.9,0.35,5.9,11.2,0.526,1.7,2.7,0.632,2.9,8.3,11.2,1.7,1.6,1.4,2.4,7.0,16.5
Josh Christopher,46,2,765,6.2,13.2,0.47,1.7,5.0,0.336,4.5,8.2,0.552,2.3,3.0,0.766,1.5,2.9,4.4,3.8,1.8,0.3,3.2,2.4,16.4
Gary Clark,22,1,241,3.0,8.2,0.364,2.5,6.7,0.378,0.4,1.5,0.3,0.6,0.9,0.667,2.1,5.8,7.9,1.2,1.0,0.9,0.7,2.1,9.1
Brandon Clarke,41,1,766,8.4,12.8,0.654,0.2,0.8,0.222,8.2,11.9,0.685,2.5,3.6,0.711,3.7,6.3,10.1,2.7,0.9,2.1,0.9,3.2,19.5
Jordan Clarkson,52,1,1381,7.6,19.0,0.401,3.5,10.9,0.321,4.1,8.1,0.508,2.2,2.7,0.819,1.1,3.6,4.6,3.2,0.9,0.3,2.2,2.6,21.0
Nic Claxton,25,18,530,6.7,10.5,0.639,0.0,0.0,,6.7,10.5,0.639,2.0,3.6,0.566,3.7,5.8,9.5,1.4,0.8,1.9,1.2,3.8,15.5
Amir Coffey,43,20,949,4.6,9.9,0.464,2.4,5.9,0.397,2.2,4.0,0.562,2.4,2.7,0.887,0.8,4.2,5.0,2.6,0.8,0.4,0.8,2.1,13.9
John Collins,49,49,1543,7.5,13.9,0.541,1.4,3.7,0.395,6.1,10.3,0.593,3.0,3.7,0.794,2.1,7.1,9.2,2.2,0.7,1.3,1.3,3.5,19.5
Zach Collins,2,0,31,7.0,15.1,0.462,1.2,2.3,0.5,5.8,12.8,0.455,2.3,4.6,0.5,8.1,8.1,16.3,7.0,3.5,0.0,4.6,7.0,17.4
Darren Collison,3,0,37,1.9,6.8,0.286,0.0,2.9,0.0,1.9,3.9,0.5,0.0,0.0,,0.0,3.9,3.9,1.9,1.0,0.0,1.0,4.9,3.9
Mike Conley,49,49,1395,6.3,14.0,0.449,3.1,7.4,0.425,3.1,6.6,0.477,2.5,3.0,0.835,0.8,3.1,3.9,6.6,1.5,0.4,2.1,2.3,18.1
Pat Connaughton,53,18,1441,4.8,10.2,0.473,3.1,7.5,0.413,1.7,2.7,0.639,0.7,0.9,0.811,0.9,4.9,5.8,1.6,1.2,0.3,0.8,1.8,13.5
Tyler Cook,18,2,192,4.1,6.8,0.611,0.0,0.0,,4.1,6.8,0.611,3.7,5.8,0.645,3.0,6.6,9.6,0.6,0.7,0.7,1.3,4.5,12.0
Sharife Cooper,10,0,35,3.1,14.4,0.214,1.0,6.2,0.167,2.1,8.2,0.25,0.0,0.0,,0.0,5.1,5.1,5.1,0.0,0.0,5.1,1.0,7.2
Petr Cornelie,13,0,38,4.7,14.2,0.333,0.9,7.6,0.125,3.8,6.6,0.571,2.8,3.8,0.75,6.6,6.6,13.3,2.8,0.9,0.9,3.8,6.6,13.3
DeMarcus Cousins,22,5,353,6.5,15.6,0.418,1.6,6.2,0.262,4.9,9.4,0.522,4.1,5.3,0.769,3.5,10.1,13.6,2.3,2.0,0.9,3.0,6.2,18.8
Robert Covington,50,40,1483,3.3,8.6,0.385,2.0,5.8,0.346,1.3,2.7,0.469,0.9,1.1,0.822,1.1,5.8,6.9,1.7,1.8,1.6,1.5,3.3,9.5
Torrey Craig,51,14,1034,4.5,9.8,0.456,1.6,4.8,0.333,2.9,5.0,0.573,0.9,1.2,0.771,2.1,4.7,6.8,2.0,0.8,0.7,1.4,3.3,11.5
Jae Crowder,44,44,1244,3.9,9.9,0.397,2.3,6.7,0.343,1.6,3.3,0.504,1.2,1.4,0.816,0.5,6.1,6.7,1.9,1.6,0.6,1.1,3.1,11.3
Jarrett Culver,25,0,233,5.7,13.8,0.416,1.4,4.6,0.3,4.3,9.1,0.475,1.7,3.2,0.524,1.2,4.5,5.7,3.9,2.2,0.5,1.7,4.0,14.5
Jarron Cumberland,3,0,12,3.0,6.0,0.5,0.0,3.0,0.0,3.0,3.0,1.0,0.0,0.0,,3.0,6.0,9.0,3.0,0.0,0.0,0.0,6.0,6.0
Cade Cunningham,41,41,1314,6.7,16.9,0.397,2.3,7.0,0.328,4.4,9.9,0.446,2.0,2.4,0.86,1.0,5.1,6.1,5.9,1.5,0.8,3.9,3.3,17.8
Seth Curry,45,45,1566,5.9,12.1,0.485,2.3,5.7,0.4,3.6,6.4,0.561,1.5,1.7,0.877,0.4,3.1,3.5,4.2,0.8,0.3,1.9,2.3,15.5
Stephen Curry,50,50,1732,8.6,20.3,0.422,4.9,12.9,0.381,3.7,7.5,0.492,4.4,4.9,0.911,0.6,5.1,5.7,6.6,1.5,0.4,3.4,2.1,26.5
Anthony Davis,35,35,1245,9.5,17.7,0.537,0.3,1.9,0.172,9.2,15.9,0.579,4.4,6.2,0.712,2.9,7.2,10.1,2.9,1.3,2.3,2.2,2.6,23.8
Ed Davis,18,3,139,2.3,3.6,0.643,0.0,0.0,,2.3,3.6,0.643,0.8,2.1,0.375,1.8,9.3,11.1,0.8,0.8,1.8,1.3,6.7,5.4
Terence Davis,30,11,536,7.6,17.9,0.423,3.3,10.0,0.329,4.3,7.9,0.542,2.4,3.0,0.818,0.7,5.6,6.3,2.7,1.7,0.7,2.2,4.7,20.9
Gabriel Deck,7,0,56,5.1,9.0,0.571,1.3,2.6,0.5,3.9,6.4,0.6,0.0,0.0,,0.6,3.2,3.9,3.2,0.6,0.0,1.3,1.3,11.6
Dewayne Dedmon,48,15,792,5.6,9.7,0.582,0.7,1.3,0.536,5.0,8.4,0.589,2.3,2.9,0.781,4.0,9.5,13.5,1.7,0.9,1.1,2.4,5.2,14.2
Sam Dekker,1,0,1,0.0,0.0,,0.0,0.0,,0.0,0.0,,0.0,0.0,,0.0,0.0,0.0,0.0,0.0,0.0,0.0,0.0,0.0
Javin DeLaurier,1,0,3,0.0,0.0,,0.0,0.0,,0.0,0.0,,0.0,0.0,,0.0,12.0,12.0,0.0,12.0,0.0,0.0,12.0,0.0
DeMar DeRozan,51,51,1807,10.1,19.9,0.51,0.7,1.9,0.344,9.5,18.0,0.527,6.9,8.0,0.859,0.9,4.4,5.3,5.2,0.9,0.3,2.4,2.3,27.8
Mamadi Diakite,13,3,188,4.8,9.0,0.532,0.0,1.0,0.0,4.8,8.0,0.595,1.1,2.1,0.545,3.3,8.0,11.3,0.4,1.0,1.7,1.3,6.3,10.7
Cheick Diallo,3,0,31,3.5,9.3,0.375,0.0,0.0,,3.5,9.3,0.375,5.8,7.0,0.833,4.6,9.3,13.9,0.0,1.2,0.0,1.2,7.0,12.8
Hamidou Diallo,47,28,1055,7.2,14.6,0.496,0.6,2.6,0.25,6.6,12.0,0.55,2.5,3.7,0.667,2.0,5.6,7.6,1.9,1.9,0.5,1.6,4.2,17.6
Gorgui Dieng,35,3,323,4.8,10.1,0.473,2.3,5.6,0.42,2.5,4.6,0.537,1.9,2.6,0.739,3.5,8.7,12.1,3.1,1.0,1.3,2.1,5.0,13.8
Spencer Dinwiddie,44,44,1330,5.0,13.3,0.376,1.9,6.1,0.31,3.1,7.2,0.432,3.1,3.9,0.811,1.0,4.6,5.6,6.9,0.7,0.2,2.0,2.9,15.0
Donte DiVincenzo,17,0,341,4.1,12.5,0.331,2.2,7.8,0.284,1.9,4.6,0.409,2.4,2.9,0.852,1.9,4.4,6.3,3.1,1.2,0.3,3.0,2.7,12.9
Luka Dončić,40,40,1403,9.6,21.6,0.445,2.6,8.1,0.316,7.0,13.4,0.523,5.1,6.9,0.736,0.9,8.2,9.1,9.4,1.3,0.5,4.4,2.4,26.8
Luguentz Dort,49,49,1601,6.3,15.5,0.404,2.8,8.4,0.332,3.5,7.1,0.491,3.4,3.9,0.851,0.9,3.8,4.6,1.9,1.0,0.4,1.9,3.2,18.7
Ayo Dosunmu,50,16,1237,4.5,8.7,0.517,1.3,3.2,0.409,3.2,5.5,0.58,1.1,1.6,0.661,0.5,3.3,3.8,4.0,0.9,0.5,1.7,3.1,11.4
Damyean Dotson,2,0,21,3.4,6.9,0.5,0.0,1.7,0.0,3.4,5.1,0.667,0.0,0.0,,0.0,3.4,3.4,1.7,0.0,0.0,0.0,0.0,6.9
Devon Dotson,11,0,85,4.7,9.7,0.478,0.8,3.8,0.222,3.8,5.9,0.643,2.1,3.8,0.556,0.4,3.4,3.8,6.4,0.4,0.0,2.1,4.7,12.3
Sekou Doumbouya,2,0,16,11.3,18.0,0.625,2.3,4.5,0.5,9.0,13.5,0.667,6.8,9.0,0.75,4.5,9.0,13.5,0.0,6.8,4.5,4.5,2.3,31.5
Jeff Dowtin,5,0,31,3.5,8.1,0.429,0.0,2.3,0.0,3.5,5.8,0.6,0.0,0.0,,1.2,7.0,8.1,3.5,0.0,1.2,1.2,2.3,7.0
PJ Dozier,18,0,340,3.8,10.5,0.364,1.6,5.1,0.313,2.2,5.4,0.412,1.1,1.4,0.769,1.5,5.2,6.7,3.1,1.2,0.6,1.4,3.5,10.3
Goran Dragić,5,2,90,5.2,13.6,0.382,1.6,5.6,0.286,3.6,8.0,0.45,4.0,4.0,1.0,0.8,4.8,5.6,3.6,2.0,0.4,0.4,3.2,16.0
Andre Drummond,49,12,902,5.1,9.5,0.538,0.0,0.1,0.0,5.1,9.4,0.542,1.7,3.3,0.512,5.4,11.9,17.3,3.9,2.2,1.8,3.2,4.8,11.9
Chris Duarte,48,36,1392,6.3,14.5,0.435,2.1,6.0,0.359,4.2,8.5,0.488,2.1,2.6,0.792,0.9,4.3,5.2,2.8,1.3,0.3,2.0,2.1,16.8
David Duke Jr.,15,7,273,4.5,12.0,0.374,1.1,4.1,0.258,3.4,7.9,0.433,2.1,2.5,0.842,3.7,4.2,7.9,2.0,1.5,0.8,1.1,3.8,12.1
Kevin Durant,36,36,1313,10.4,20.0,0.52,1.8,4.9,0.372,8.6,15.1,0.568,6.3,7.0,0.894,0.5,6.8,7.3,5.7,0.8,0.9,2.9,1.9,28.9
Jaime Echenique,1,0,3,0.0,0.0,,0.0,0.0,,0.0,0.0,,0.0,0.0,,0.0,0.0,0.0,0.0,0.0,0.0,0.0,0.0,0.0
Anthony Edwards,49,49,1708,8.2,18.7,0.436,3.2,9.0,0.357,5.0,9.7,0.509,3.2,3.9,0.806,0.9,4.0,5.0,3.7,1.6,0.7,2.9,2.4,22.7
Kessler Edwards,23,16,588,4.0,9.4,0.425,1.7,4.6,0.373,2.3,4.8,0.474,0.4,0.5,0.75,1.7,4.5,6.2,1.0,1.2,0.9,1.6,2.8,10.0
Rob Edwards,2,0,11,3.3,13.1,0.25,3.3,13.1,0.25,0.0,0.0,,0.0,0.0,,0.0,9.8,9.8,0.0,0.0,0.0,3.3,0.0,9.8
CJ Elleby,32,4,441,4.2,10.1,0.411,1.3,4.2,0.308,2.9,5.9,0.486,1.4,1.6,0.85,2.2,5.1,7.3,2.8,1.4,0.4,1.2,3.8,11.0
Wayne Ellington,34,9,657,4.0,10.0,0.399,3.6,9.1,0.392,0.4,0.9,0.471,0.2,0.3,0.8,0.5,2.7,3.2,1.3,1.0,0.1,0.8,1.9,11.8
Joel Embiid,42,42,1384,10.5,21.1,0.498,1.4,3.9,0.358,9.1,17.1,0.53,9.8,12.0,0.812,2.2,9.7,11.9,4.7,1.1,1.6,3.1,2.8,32.1
James Ennis III,7,0,56,7.1,15.4,0.458,1.9,5.1,0.375,5.1,10.3,0.5,2.6,3.2,0.8,3.2,4.5,7.7,1.9,1.3,1.3,1.3,3.2,18.6
Drew Eubanks,49,9,595,5.1,9.6,0.528,0.1,0.5,0.125,5.0,9.1,0.55,3.6,4.8,0.747,3.9,8.0,11.9,3.0,0.8,1.8,2.8,3.7,13.8
Tacko Fall,11,1,59,3.1,7.3,0.417,0.0,0.0,,3.1,7.3,0.417,1.2,4.3,0.286,4.3,9.8,14.0,1.2,0.0,3.7,1.8,1.8,7.3
Derrick Favors,35,16,575,4.9,9.8,0.497,0.1,0.8,0.154,4.8,9.0,0.528,0.9,1.4,0.636,3.2,7.1,10.3,1.5,0.9,0.5,0.4,3.4,10.8
Bruno Fernando,20,0,58,4.3,8.7,0.5,0.6,0.6,1.0,3.7,8.1,0.462,2.5,3.1,0.8,4.3,5.0,9.3,2.5,0.0,1.9,3.1,3.7,11.8
Dorian Finney-Smith,54,54,1753,4.1,9.4,0.435,2.1,5.7,0.363,2.0,3.7,0.544,0.9,1.3,0.688,1.8,3.6,5.4,2.2,1.3,0.6,1.2,2.5,11.2
Malik Fitts,7,0,35,2.1,9.3,0.222,2.1,4.1,0.5,0.0,5.1,0.0,0.0,0.0,,0.0,10.3,10.3,0.0,0.0,0.0,2.1,3.1,6.2
Malachi Flynn,31,1,268,4.7,12.9,0.365,1.9,6.7,0.28,2.8,6.2,0.457,0.8,1.2,0.667,0.8,3.4,4.2,4.0,1.5,0.4,1.2,3.6,12.1
Bryn Forbes,51,1,901,6.8,15.9,0.425,3.3,8.0,0.41,3.5,7.9,0.439,2.1,2.3,0.897,0.2,2.8,3.0,2.2,0.7,0.1,1.6,2.6,18.9
Aleem Ford,5,0,74,2.9,9.7,0.3,1.0,7.3,0.133,1.9,2.4,0.8,0.0,0.0,,1.0,6.3,7.3,1.0,0.5,0.0,1.9,3.4,6.8
Trent Forrest,43,4,514,3.7,6.7,0.552,0.2,1.1,0.2,3.5,5.7,0.617,1.8,2.2,0.781,1.1,4.1,5.1,4.3,1.4,0.2,2.4,2.2,9.4
Evan Fournier,53,53,1538,6.4,14.9,0.429,3.6,9.0,0.402,2.8,6.0,0.471,1.2,1.7,0.716,0.7,3.0,3.7,2.2,1.2,0.3,1.7,2.6,17.7
De'Aaron Fox,45,45,1540,8.4,18.2,0.46,1.1,3.9,0.269,7.3,14.3,0.512,4.6,6.1,0.749,0.5,3.6,4.1,5.4,1.2,0.4,2.9,3.0,22.4
Tim Frazier,10,3,200,2.3,7.7,0.302,1.1,3.1,0.353,1.3,4.7,0.269,0.9,1.6,0.556,0.9,2.5,3.4,5.9,0.5,0.2,2.3,4.3,6.7
Enes Freedom,35,1,411,4.5,8.5,0.526,0.2,0.4,0.4,4.3,8.1,0.533,2.1,2.5,0.857,5.3,8.7,14.0,0.7,0.4,1.2,1.8,3.7,11.2
Wenyen Gabriel,7,0,47,3.8,10.0,0.385,1.5,3.8,0.4,2.3,6.1,0.375,1.5,3.1,0.5,3.8,7.7,11.5,1.5,0.8,1.5,2.3,8.4,10.7
Daniel Gafford,48,46,988,6.6,9.7,0.678,0.0,0.0,,6.6,9.7,0.678,2.4,3.1,0.756,3.9,6.6,10.5,1.7,0.7,2.7,1.6,4.1,15.6
Danilo Gallinari,43,1,997,5.0,11.9,0.421,2.4,6.2,0.387,2.6,5.7,0.459,3.4,3.8,0.913,0.8,6.1,6.9,2.2,0.7,0.3,0.9,2.3,15.9
Langston Galloway,7,0,107,2.0,8.7,0.231,0.7,5.4,0.125,1.3,3.4,0.4,0.0,0.0,,1.0,5.0,6.1,4.0,0.3,0.0,2.0,2.4,4.7
Darius Garland,45,45,1556,7.9,16.7,0.474,2.6,7.0,0.375,5.3,9.6,0.547,2.3,2.5,0.907,0.5,2.9,3.5,8.4,1.3,0.1,3.8,1.8,20.7
Marcus Garrett,12,0,128,1.4,5.9,0.238,0.3,1.1,0.25,1.1,4.8,0.235,0.6,1.4,0.4,2.5,3.9,6.5,2.0,1.4,0.8,0.6,4.5,3.7
Usman Garuba,15,0,105,2.7,8.2,0.333,0.7,4.5,0.154,2.1,3.8,0.545,0.3,0.7,0.5,3.1,8.6,11.7,2.7,2.4,2.1,1.0,3.1,6.5
Luka Garza,27,5,327,5.6,12.9,0.436,1.4,4.4,0.325,4.2,8.5,0.494,3.0,4.6,0.643,5.2,4.0,9.1,1.7,0.9,0.4,1.8,5.1,15.6
Rudy Gay,35,1,699,5.5,13.2,0.418,2.5,7.4,0.34,3.0,5.8,0.518,2.5,3.2,0.79,1.8,6.5,8.3,2.0,1.0,0.6,1.5,3.4,16.1
Paul George,26,26,924,9.1,21.7,0.421,2.7,8.5,0.323,6.4,13.2,0.484,4.0,4.6,0.88,0.4,6.8,7.2,5.5,2.1,0.4,4.2,2.5,25.0
Taj Gibson,35,4,627,2.8,5.5,0.516,0.3,1.0,0.333,2.5,4.4,0.558,1.3,1.8,0.742,3.0,5.5,8.6,1.3,0.9,1.6,1.3,5.5,7.3
Josh Giddey,49,49,1535,5.8,14.0,0.416,1.2,4.6,0.253,4.7,9.4,0.498,1.1,1.5,0.697,2.0,6.7,8.7,7.1,1.1,0.4,3.5,1.9,13.9
Shai Gilgeous-Alexander,43,43,1487,8.1,19.1,0.424,1.6,5.8,0.278,6.5,13.2,0.488,5.8,7.2,0.811,0.7,4.2,4.9,5.7,1.2,0.8,2.5,2.4,23.6
Anthony Gill,21,0,121,5.4,8.0,0.667,1.5,2.1,0.714,3.9,6.0,0.65,3.6,4.2,0.857,2.4,5.1,7.4,2.4,0.3,0.9,1.5,5.7,15.8
Freddie Gillespie,9,2,119,2.7,6.7,0.409,0.0,0.3,0.0,2.7,6.4,0.429,0.9,2.1,0.429,3.9,7.0,10.9,1.5,0.9,2.7,1.5,5.4,6.4
Rudy Gobert,42,42,1364,6.3,8.8,0.707,0.0,0.1,0.0,6.3,8.8,0.712,5.2,7.5,0.69,4.1,12.6,16.7,1.3,0.9,2.5,2.0,3.0,17.7
Brandon Goodwin,15,3,251,4.7,12.2,0.388,1.7,4.6,0.375,3.0,7.6,0.396,1.0,2.0,0.5,1.0,4.3,5.3,7.0,2.3,0.0,2.4,3.2,12.2
Jordan Goodwin,2,0,6,0.0,18.0,0.0,0.0,6.0,0.0,0.0,12.0,0.0,0.0,0.0,,0.0,6.0,6.0,0.0,0.0,0.0,0.0,6.0,0.0
Aaron Gordon,49,49,1555,6.4,12.3,0.52,1.3,4.0,0.337,5.1,8.4,0.607,2.5,3.4,0.733,1.9,4.5,6.5,2.9,0.7,0.6,2.0,2.1,16.6
Eric Gordon,45,34,1326,6.1,12.4,0.491,2.7,6.4,0.427,3.4,6.1,0.558,2.4,3.1,0.757,0.4,2.1,2.4,3.7,0.6,0.4,2.4,1.2,17.3
Devonte' Graham,50,50,1563,5.1,14.1,0.363,3.3,9.6,0.348,1.8,4.5,0.396,2.0,2.4,0.845,0.5,2.4,2.9,5.2,1.1,0.2,1.8,1.6,15.6
Jerami Grant,29,29,945,6.9,17.1,0.404,1.9,5.9,0.331,5.0,11.3,0.443,5.3,6.4,0.832,0.9,4.1,5.0,2.8,1.1,1.1,2.2,2.5,21.1
Hassani Gravett,8,3,171,3.8,8.0,0.474,2.3,5.5,0.423,1.5,2.5,0.583,0.6,0.8,0.75,0.2,4.2,4.4,4.2,1.1,0.2,1.9,2.7,10.5
Danny Green,36,23,842,3.6,8.7,0.412,2.8,7.3,0.386,0.8,1.4,0.545,0.4,0.4,0.9,0.8,3.1,3.9,1.5,1.8,1.2,1.5,2.7,10.4
Draymond Green,34,34,1018,3.8,7.1,0.537,0.4,1.5,0.286,3.4,5.6,0.604,1.4,2.4,0.597,1.3,7.7,9.1,8.8,1.7,1.4,3.7,3.3,9.5
Jalen Green,39,39,1178,5.7,15.0,0.377,2.1,7.3,0.29,3.5,7.7,0.458,3.6,4.3,0.838,0.5,3.5,4.0,2.9,0.7,0.2,2.7,1.7,17.1
JaMychal Green,41,7,604,5.5,11.9,0.46,1.4,5.2,0.264,4.1,6.7,0.611,2.9,3.3,0.873,2.3,6.6,8.8,2.1,1.8,1.0,2.1,5.5,15.2
Javonte Green,39,28,922,3.9,7.5,0.526,0.6,2.1,0.283,3.4,5.4,0.619,2.3,2.8,0.819,2.4,4.1,6.4,1.7,1.4,0.9,0.8,3.3,10.8
Jeff Green,50,38,1228,5.5,10.7,0.514,1.1,3.3,0.321,4.4,7.4,0.599,3.0,3.7,0.817,0.8,3.8,4.6,1.7,0.4,0.6,1.3,3.3,15.0
Josh Green,40,0,553,4.7,9.0,0.518,0.7,2.1,0.313,4.0,7.0,0.579,1.6,2.3,0.714,1.8,3.6,5.4,3.3,1.7,0.5,1.3,4.2,11.7
Blake Griffin,43,22,799,4.9,11.9,0.413,1.3,5.5,0.23,3.6,6.4,0.57,2.0,2.7,0.733,2.3,6.4,8.7,4.1,1.0,0.5,0.9,3.6,13.1
Quentin Grimes,35,2,556,4.5,11.1,0.407,3.4,8.8,0.382,1.2,2.3,0.5,0.5,0.7,0.727,1.0,2.9,3.9,2.1,1.5,0.4,1.4,3.0,12.9
Kyle Guy,14,0,175,5.3,12.3,0.433,2.9,7.2,0.4,2.5,5.1,0.48,1.4,2.1,0.7,0.4,2.3,2.7,3.5,1.4,0.2,2.5,2.5,15.0
Rui Hachimura,14,0,250,5.9,13.5,0.436,1.6,4.2,0.379,4.3,9.4,0.462,2.3,3.0,0.762,0.7,6.6,7.3,1.9,0.6,0.4,1.3,2.0,15.7
Tyrese Haliburton,51,51,1757,5.5,12.0,0.457,2.1,5.2,0.413,3.4,6.8,0.491,1.8,2.1,0.837,0.8,3.3,4.1,7.8,1.8,0.7,2.4,1.5,14.9
Tyler Hall,1,0,2,0.0,0.0,,0.0,0.0,,0.0,0.0,,0.0,0.0,,0.0,0.0,0.0,0.0,0.0,0.0,0.0,0.0,0.0
R.J. Hampton,42,1,815,4.7,12.4,0.382,1.7,4.7,0.364,3.0,7.6,0.393,2.1,3.5,0.608,0.6,4.8,5.4,4.5,1.3,0.4,2.5,2.7,13.3
Tim Hardaway Jr.,42,20,1245,6.0,15.3,0.394,2.9,8.8,0.336,3.1,6.5,0.473,2.3,3.0,0.757,0.4,4.1,4.5,2.7,1.1,0.2,1.0,2.1,17.3
James Harden,44,44,1627,6.5,15.6,0.414,2.3,6.8,0.332,4.2,8.8,0.476,6.7,7.7,0.869,0.9,6.8,7.8,9.9,1.2,0.7,4.7,2.3,21.9
Maurice Harkless,38,19,737,3.5,7.9,0.444,1.3,4.4,0.297,2.2,3.5,0.634,0.7,1.0,0.714,0.6,4.0,4.5,1.1,1.2,1.1,1.3,3.1,9.1
Jared Harper,2,0,10,10.8,25.2,0.429,3.6,7.2,0.5,7.2,18.0,0.4,0.0,0.0,,3.6,0.0,3.6,10.8,0.0,3.6,3.6,7.2,25.2
Montrezl Harrell,46,3,1117,8.0,12.3,0.645,0.1,0.5,0.267,7.8,11.9,0.66,4.8,6.6,0.727,3.1,6.9,10.0,3.1,0.6,1.0,1.6,2.8,20.9
Gary Harris,48,30,1416,5.1,11.6,0.444,2.3,6.0,0.388,2.8,5.5,0.505,1.7,2.0,0.844,0.8,1.9,2.7,2.3,1.0,0.2,1.3,2.3,14.3
Joe Harris,14,14,423,4.8,10.6,0.452,3.5,7.5,0.466,1.3,3.1,0.417,0.4,0.5,0.833,0.4,4.3,4.8,1.2,0.6,0.2,1.4,2.6,13.4
Tobias Harris,45,45,1595,7.5,15.4,0.488,1.2,3.5,0.346,6.3,11.9,0.53,3.1,3.7,0.853,1.1,6.3,7.4,3.8,0.7,0.6,1.9,2.1,19.4
Shaquille Harrison,2,0,23,3.1,9.4,0.333,0.0,3.1,0.0,3.1,6.3,0.5,0.0,0.0,,1.6,4.7,6.3,4.7,1.6,1.6,3.1,4.7,6.3
Josh Hart,41,40,1374,5.1,10.1,0.505,1.1,3.4,0.323,4.0,6.7,0.598,3.0,4.0,0.753,1.4,6.9,8.3,4.4,1.2,0.3,2.1,3.1,14.4
Isaiah Hartenstein,42,0,674,7.1,11.4,0.624,0.2,0.3,0.5,6.9,11.1,0.628,2.6,3.8,0.681,3.5,6.1,9.6,4.2,1.6,2.5,2.4,5.6,17.0
Udonis Haslem,9,0,57,6.9,13.9,0.5,0.6,1.3,0.5,6.3,12.6,0.5,1.9,1.9,1.0,2.5,8.8,11.4,1.9,0.6,0.6,1.9,6.9,16.4
Sam Hauser,10,0,41,3.5,12.3,0.286,3.5,12.3,0.286,0.0,0.0,,0.0,0.0,,0.9,4.4,5.3,0.9,0.9,0.9,0.0,3.5,10.5
Jaxson Hayes,42,4,688,7.0,11.0,0.63,0.4,1.3,0.28,6.6,9.7,0.677,4.2,5.5,0.771,3.0,5.9,8.8,1.0,0.9,1.7,1.7,4.9,18.5
Killian Hayes,42,33,1052,3.4,9.4,0.365,1.0,3.7,0.278,2.4,5.7,0.422,1.3,1.6,0.809,0.7,3.6,4.3,5.7,1.5,0.8,2.4,3.7,9.2
Gordon Hayward,48,48,1547,6.5,14.2,0.46,2.0,5.1,0.39,4.6,9.1,0.499,2.9,3.5,0.846,0.9,4.3,5.1,4.0,1.1,0.5,1.9,2.0,18.0
Aaron Henry,6,0,17,2.1,10.6,0.2,0.0,2.1,0.0,2.1,8.5,0.25,0.0,0.0,,0.0,2.1,2.1,0.0,0.0,4.2,4.2,4.2,4.2
Juancho Hernangómez,23,0,147,1.7,8.1,0.212,0.7,5.1,0.143,1.0,2.9,0.333,2.2,3.2,0.692,3.2,6.6,9.8,1.5,1.2,0.7,2.0,1.7,6.4
Willy Hernangómez,28,6,467,7.6,14.1,0.536,0.2,0.5,0.429,7.3,13.6,0.54,4.5,5.9,0.753,6.0,9.3,15.3,2.9,0.8,0.7,2.2,4.0,19.8
Tyler Herro,45,10,1480,8.2,19.1,0.428,2.8,7.5,0.378,5.4,11.6,0.46,2.8,3.3,0.873,0.7,4.6,5.2,4.4,0.7,0.2,3.1,1.7,22.0
Buddy Hield,55,6,1574,6.1,15.9,0.382,4.2,11.3,0.368,1.9,4.5,0.419,1.8,2.1,0.87,1.0,4.1,5.1,2.4,1.1,0.3,2.1,2.6,18.1
Haywood Highsmith,4,0,42,3.4,6.9,0.5,3.4,6.0,0.571,0.0,0.9,0.0,0.0,0.0,,1.7,2.6,4.3,0.0,0.0,0.9,0.0,2.6,10.3
George Hill,41,16,1044,3.5,8.1,0.436,1.3,4.0,0.316,2.2,4.0,0.556,1.7,1.7,0.96,1.2,3.3,4.6,3.5,1.1,0.2,1.2,2.0,10.0
Malcolm Hill,14,0,176,4.3,8.8,0.488,2.5,5.9,0.414,1.8,2.9,0.643,2.0,2.5,0.833,2.0,3.5,5.5,0.8,1.2,0.6,0.4,4.1,13.1
Solomon Hill,13,1,139,0.8,5.2,0.15,0.5,3.4,0.154,0.3,1.8,0.143,0.0,0.0,,1.6,4.4,6.0,3.1,1.0,0.5,0.3,4.1,2.1
Nate Hinton,2,0,2,0.0,18.0,0.0,0.0,0.0,,0.0,18.0,0.0,0.0,0.0,,0.0,0.0,0.0,0.0,0.0,0.0,18.0,0.0,0.0
Jaylen Hoard,1,0,2,0.0,18.0,0.0,0.0,0.0,,0.0,18.0,0.0,0.0,0.0,,18.0,18.0,36.0,0.0,0.0,0.0,0.0,0.0,0.0
Aaron Holiday,41,14,663,5.4,11.6,0.467,1.2,3.6,0.343,4.2,8.0,0.524,1.5,1.9,0.8,0.5,3.1,3.6,4.2,1.3,0.5,2.1,3.3,13.6
Jrue Holiday,43,40,1408,7.9,15.6,0.503,2.0,5.0,0.395,5.9,10.7,0.554,1.9,2.6,0.76,1.0,4.1,5.1,7.4,1.7,0.6,2.9,2.0,19.7
Justin Holiday,50,41,1446,4.8,11.7,0.409,3.2,8.5,0.371,1.6,3.2,0.512,0.9,1.1,0.837,0.5,2.9,3.4,2.3,0.9,0.5,1.3,2.7,13.6
Richaun Holmes,38,37,963,7.0,10.2,0.684,0.1,0.2,0.4,6.9,10.0,0.689,2.4,3.2,0.765,3.2,7.8,11.0,1.7,0.6,1.4,1.9,4.3,16.4
Rodney Hood,39,0,581,2.9,8.1,0.351,1.5,5.0,0.3,1.4,3.2,0.431,0.8,0.9,0.929,0.8,3.3,4.2,1.9,0.7,0.2,0.4,1.7,8.0
Scotty Hopson,1,0,18,4.0,8.0,0.5,0.0,2.0,0.0,4.0,6.0,0.667,0.0,0.0,,0.0,2.0,2.0,2.0,0.0,0.0,4.0,2.0,8.0
Al Horford,47,47,1335,4.8,11.0,0.435,1.5,5.1,0.293,3.3,5.9,0.557,1.7,2.0,0.84,2.0,7.4,9.5,4.3,0.8,1.6,1.3,2.4,12.7
Talen Horton-Tucker,40,15,1028,5.0,12.3,0.41,1.1,4.2,0.269,3.9,8.1,0.483,2.1,2.6,0.797,0.8,3.7,4.5,3.7,1.3,0.7,2.1,3.5,13.3
Danuel House Jr.,24,2,371,4.3,11.1,0.386,1.9,5.7,0.339,2.3,5.3,0.436,2.6,3.2,0.818,0.8,5.1,5.9,2.9,1.0,0.8,2.1,2.4,13.1
Dwight Howard,41,11,594,4.7,7.5,0.621,0.4,0.5,0.667,4.3,7.0,0.617,3.2,5.2,0.612,4.8,8.7,13.5,1.3,1.7,1.5,2.0,4.8,12.8
Markus Howard,22,0,134,7.3,19.6,0.37,6.2,14.2,0.434,1.1,5.4,0.2,3.5,3.8,0.929,0.0,1.6,1.6,1.6,1.9,0.0,1.6,3.0,24.2
Kevin Huerter,47,33,1367,5.6,12.1,0.463,2.3,6.2,0.377,3.3,5.9,0.554,0.7,0.9,0.8,0.5,3.4,3.9,3.5,0.7,0.4,1.7,2.7,14.3
Jay Huff,4,0,20,0.0,5.4,0.0,0.0,3.6,0.0,0.0,1.8,0.0,0.0,0.0,,1.8,5.4,7.2,1.8,1.8,1.8,1.8,1.8,0.0
Elijah Hughes,14,1,112,4.8,11.6,0.417,3.2,9.0,0.357,1.6,2.6,0.625,1.0,1.0,1.0,0.6,4.8,5.5,1.9,1.3,0.3,2.3,2.3,13.8
De'Andre Hunter,26,25,747,6.0,13.2,0.453,1.8,4.4,0.407,4.2,8.8,0.475,2.6,3.7,0.701,0.5,3.8,4.3,1.6,0.8,0.5,1.8,3.6,16.3
Chandler Hutchison,6,0,22,1.6,3.3,0.5,0.0,0.0,,1.6,3.3,0.5,3.3,3.3,1.0,0.0,8.2,8.2,3.3,0.0,0.0,6.5,1.6,6.5
Bones Hyland,42,0,742,5.9,16.2,0.366,3.4,9.9,0.348,2.5,6.3,0.395,2.3,2.6,0.889,0.3,5.1,5.5,4.0,1.0,0.6,2.4,4.2,17.6
Serge Ibaka,35,10,538,6.3,12.8,0.49,1.6,4.1,0.387,4.7,8.7,0.538,1.3,1.9,0.69,2.7,7.4,10.0,2.4,0.5,1.7,2.2,3.7,15.5
Andre Iguodala,26,0,518,2.8,7.1,0.392,1.0,4.2,0.23,1.8,2.8,0.634,0.9,1.1,0.813,1.3,4.7,6.0,6.9,1.5,1.5,1.6,1.7,7.4
Joe Ingles,45,15,1122,3.7,9.1,0.404,2.5,7.2,0.347,1.2,1.9,0.617,0.5,0.7,0.773,0.4,3.8,4.2,5.1,0.7,0.2,1.5,2.6,10.4
Brandon Ingram,40,40,1379,8.7,19.3,0.45,1.6,4.7,0.348,7.0,14.6,0.483,4.9,6.0,0.82,0.7,5.3,6.0,5.7,0.7,0.5,2.7,2.1,23.9
Kyrie Irving,12,12,427,9.1,20.0,0.456,2.4,6.7,0.367,6.7,13.3,0.5,2.8,3.0,0.917,0.7,4.1,4.8,5.4,1.1,0.6,2.4,2.4,23.4
Wes Iwundu,3,1,82,3.5,7.9,0.444,1.3,2.2,0.6,2.2,5.7,0.385,1.3,1.8,0.75,1.3,4.4,5.7,0.0,0.4,0.0,0.4,3.5,9.7
Frank Jackson,41,5,931,6.3,14.8,0.422,2.9,8.8,0.33,3.4,6.1,0.554,2.2,2.8,0.792,0.5,2.1,2.6,1.5,0.8,0.3,1.2,2.8,17.6
Isaiah Jackson,19,2,181,8.0,15.1,0.526,0.6,1.4,0.429,7.4,13.7,0.536,4.2,6.2,0.677,4.6,6.2,10.7,1.4,1.6,3.0,2.0,7.0,20.7
Jaren Jackson Jr.,55,55,1536,7.5,17.6,0.424,2.2,6.9,0.318,5.3,10.7,0.492,4.5,5.7,0.802,1.9,5.8,7.7,1.4,1.3,2.9,2.2,4.3,21.7
Josh Jackson,39,3,707,5.2,12.8,0.41,1.5,5.8,0.265,3.7,7.0,0.529,2.0,2.9,0.714,0.9,5.4,6.3,2.5,1.1,0.9,1.9,3.6,14.1
Justin Jackson,7,0,37,4.9,14.6,0.333,2.9,8.8,0.333,1.9,5.8,0.333,1.9,1.9,1.0,1.0,5.8,6.8,1.9,0.0,0.0,1.0,2.9,14.6
Reggie Jackson,52,52,1586,7.3,18.6,0.394,2.8,8.4,0.331,4.5,10.1,0.446,2.0,2.4,0.857,0.6,3.4,3.9,4.8,0.9,0.1,2.6,2.3,19.5
LeBron James,39,39,1430,10.8,20.6,0.526,2.7,7.7,0.354,8.1,12.9,0.628,4.2,5.5,0.753,1.1,6.5,7.6,6.3,1.6,1.0,3.1,2.2,28.5
DeJon Jarreau,1,0,1,0.0,0.0,,0.0,0.0,,0.0,0.0,,0.0,0.0,,0.0,0.0,0.0,0.0,0.0,0.0,0.0,0.0,0.0
DaQuan Jeffries,3,0,9,4.0,8.0,0.5,0.0,4.0,0.0,4.0,4.0,1.0,0.0,0.0,,0.0,8.0,8.0,4.0,0.0,0.0,0.0,4.0,8.0
Ty Jerome,45,4,745,5.8,14.9,0.386,2.5,8.4,0.293,3.3,6.5,0.507,1.7,2.0,0.833,0.9,2.6,3.5,4.7,1.4,0.2,1.6,3.4,15.7
Isaiah Joe,38,1,491,3.6,10.1,0.355,2.6,7.8,0.33,1.0,2.3,0.438,1.5,1.5,0.952,0.4,2.9,3.3,2.1,0.7,0.1,1.0,2.8,11.2
Alize Johnson,19,0,139,3.6,7.5,0.483,0.0,1.0,0.0,3.6,6.5,0.56,1.0,2.1,0.5,5.4,7.0,12.4,2.1,0.8,0.0,2.8,3.9,8.3
B.J. Johnson,4,0,65,6.1,13.8,0.44,2.2,5.5,0.4,3.9,8.3,0.467,0.0,0.0,,3.3,5.0,8.3,0.0,0.0,0.6,0.0,2.2,14.4
Cameron Johnson,51,10,1327,5.6,12.4,0.456,3.4,8.0,0.429,2.2,4.3,0.506,1.7,2.0,0.849,0.8,5.0,5.8,1.7,1.2,0.3,0.8,2.4,16.4
David Johnson,2,0,2,0.0,18.0,0.0,0.0,18.0,0.0,0.0,0.0,,0.0,0.0,,0.0,0.0,0.0,0.0,0.0,0.0,0.0,0.0,0.0
Jalen Johnson,13,0,58,5.6,11.8,0.474,1.9,4.3,0.429,3.7,7.4,0.5,2.5,3.7,0.667,0.0,9.3,9.3,0.6,0.0,0.0,1.9,1.9,15.5
James Johnson,39,5,735,4.7,9.6,0.485,0.6,2.3,0.283,4.0,7.3,0.547,0.5,1.4,0.379,1.9,4.8,6.7,3.6,1.0,0.7,1.4,4.4,10.5
Joe Johnson,1,0,2,18.0,18.0,1.0,0.0,0.0,,18.0,18.0,1.0,0.0,0.0,,0.0,0.0,0.0,0.0,0.0,0.0,0.0,0.0,36.0
Keldon Johnson,51,50,1588,6.7,14.4,0.466,2.2,5.1,0.427,4.5,9.3,0.488,2.2,3.1,0.715,1.2,5.8,7.1,2.1,0.8,0.2,1.5,2.1,17.8
Keon Johnson,15,0,135,4.5,13.6,0.333,0.8,2.9,0.273,3.7,10.7,0.35,4.3,5.6,0.762,1.6,4.0,5.6,3.5,1.9,0.5,1.9,5.6,14.1
Stanley Johnson,22,12,492,4.0,8.3,0.487,1.2,3.7,0.32,2.9,4.6,0.619,1.5,2.3,0.677,1.1,4.2,5.3,2.0,1.2,0.7,1.0,4.8,10.8
Tyler Johnson,6,0,91,2.4,7.9,0.3,2.0,5.1,0.385,0.4,2.8,0.143,0.0,0.0,,1.2,3.6,4.7,2.8,1.2,1.2,0.8,2.8,6.7
Nikola Jokić,48,48,1580,10.8,18.7,0.578,1.7,4.6,0.375,9.1,14.1,0.644,4.9,6.1,0.816,2.9,12.0,14.9,8.6,1.5,0.8,4.0,2.8,28.3
Carlik Jones,5,0,23,1.6,14.1,0.111,0.0,1.6,0.0,1.6,12.5,0.125,3.1,3.1,1.0,1.6,3.1,4.7,7.8,1.6,0.0,4.7,0.0,6.3
Damian Jones,37,5,564,5.7,9.0,0.638,0.3,0.9,0.357,5.4,8.1,0.669,3.1,4.2,0.727,3.3,6.0,9.3,2.7,0.7,1.5,2.4,4.9,14.9
Derrick Jones Jr.,31,8,533,4.8,8.2,0.582,1.0,2.5,0.405,3.8,5.7,0.659,2.6,3.1,0.848,2.5,4.5,7.0,1.1,1.0,1.6,1.1,4.8,13.2
Herbert Jones,51,42,1520,4.4,8.9,0.496,0.8,2.3,0.361,3.6,6.6,0.543,1.9,2.3,0.835,1.5,3.2,4.7,2.5,1.8,1.0,1.4,3.6,11.6
Jemerrio Jones,2,0,15,4.8,7.2,0.667,0.0,0.0,,4.8,7.2,0.667,0.0,0.0,,4.8,2.4,7.2,0.0,2.4,0.0,0.0,4.8,9.6
Kai Jones,16,0,46,4.7,7.0,0.667,0.8,1.6,0.5,3.9,5.5,0.714,0.8,3.1,0.25,1.6,4.7,6.3,3.1,0.0,0.0,3.9,3.9,11.0
Mason Jones,2,0,9,8.0,32.0,0.25,0.0,8.0,0.0,8.0,24.0,0.333,4.0,8.0,0.5,4.0,4.0,8.0,0.0,4.0,0.0,4.0,4.0,20.0
Tre Jones,43,4,575,5.3,10.6,0.5,0.2,1.2,0.158,5.1,9.5,0.543,2.1,2.4,0.895,1.1,3.9,4.9,6.3,1.1,0.0,1.5,2.5,13.0
Tyus Jones,49,13,1011,5.6,12.1,0.463,1.6,4.4,0.366,4.0,7.7,0.519,1.2,1.4,0.875,0.5,4.1,4.5,7.2,1.6,0.1,1.2,0.7,14.0
DeAndre Jordan,31,19,399,5.3,7.9,0.67,0.0,0.0,,5.3,7.9,0.67,1.1,2.3,0.48,4.4,10.8,15.2,1.2,0.9,2.3,1.8,4.5,11.7
Cory Joseph,43,17,1031,4.3,9.5,0.458,1.6,3.6,0.437,2.8,5.9,0.47,2.3,2.8,0.848,0.6,3.0,3.7,5.7,1.0,0.4,2.2,3.1,12.6
Georgios Kalaitzakis,9,0,48,3.7,8.2,0.455,1.5,3.0,0.5,2.3,5.2,0.429,3.0,6.8,0.444,3.0,3.0,6.0,0.0,0.7,0.7,3.0,6.0,12.0
Frank Kaminsky,9,0,181,7.2,13.1,0.545,1.0,3.0,0.333,6.2,10.1,0.608,3.6,4.0,0.9,2.2,6.0,8.2,2.6,1.6,1.4,1.0,2.8,18.9
Luke Kennard,46,10,1294,5.2,11.9,0.436,3.4,8.0,0.43,1.8,4.0,0.448,1.3,1.4,0.882,0.3,4.3,4.6,2.8,0.8,0.1,1.0,2.0,15.1
Braxton Key,2,0,6,6.0,12.0,0.5,0.0,6.0,0.0,6.0,6.0,1.0,0.0,0.0,,6.0,6.0,12.0,6.0,6.0,0.0,12.0,6.0,12.0
George King,4,0,19,0.0,9.5,0.0,0.0,7.6,0.0,0.0,1.9,0.0,1.9,3.8,0.5,0.0,9.5,9.5,0.0,0.0,0.0,1.9,7.6,1.9
Louis King,10,0,104,5.2,16.3,0.319,2.8,9.3,0.296,2.4,6.9,0.35,2.4,3.5,0.7,0.0,4.2,4.2,3.1,0.7,0.3,0.0,4.8,15.6
Corey Kispert,48,7,890,4.4,10.1,0.436,1.8,5.7,0.317,2.6,4.4,0.593,1.5,1.7,0.878,1.2,3.5,4.7,1.7,0.6,0.5,0.8,1.7,12.1
Maxi Kleber,38,20,952,3.7,8.7,0.424,2.4,6.5,0.374,1.3,2.3,0.567,1.0,1.3,0.771,1.6,6.8,8.5,1.6,0.7,1.4,1.1,3.3,10.9
Brandon Knight,3,0,54,6.0,13.3,0.45,2.7,8.7,0.308,3.3,4.7,0.714,5.3,5.3,1.0,0.0,4.7,4.7,5.3,0.7,0.0,2.7,3.3,20.0
Nathan Knight,28,2,194,5.0,10.4,0.482,0.4,1.5,0.25,4.6,8.9,0.521,5.9,8.4,0.711,4.1,6.9,10.9,2.6,0.7,1.3,2.2,5.4,16.3
Kevin Knox,19,0,153,4.7,12.9,0.364,2.6,8.9,0.289,2.1,4.0,0.529,1.6,2.4,0.7,1.9,4.9,6.8,1.4,0.7,0.2,1.6,1.9,13.6
John Konchar,48,6,884,3.5,7.0,0.506,1.4,3.4,0.422,2.1,3.6,0.584,0.8,1.3,0.606,2.3,6.4,8.7,2.9,1.4,0.5,0.9,2.5,9.3
Furkan Korkmaz,47,17,1130,4.8,12.3,0.39,2.0,6.9,0.287,2.8,5.4,0.52,1.8,2.2,0.838,0.4,4.0,4.5,3.5,0.9,0.2,1.2,1.5,13.4
Luke Kornet,3,0,18,2.0,12.0,0.167,0.0,2.0,0.0,2.0,10.0,0.2,4.0,6.0,0.667,6.0,2.0,8.0,2.0,0.0,2.0,0.0,4.0,8.0
Vit Krejci,3,0,9,0.0,8.0,0.0,0.0,8.0,0.0,0.0,0.0,,8.0,8.0,1.0,0.0,12.0,12.0,0.0,0.0,0.0,4.0,0.0,8.0
Arnoldas Kulboka,1,0,3,0.0,0.0,,0.0,0.0,,0.0,0.0,,0.0,0.0,,0.0,0.0,0.0,0.0,0.0,0.0,0.0,0.0,0.0
Jonathan Kuminga,43,4,569,7.3,14.9,0.489,1.5,5.0,0.304,5.8,9.9,0.583,4.0,6.3,0.636,1.6,5.5,7.1,1.8,0.9,0.4,2.4,4.7,20.1
Kyle Kuzma,50,50,1646,6.6,14.5,0.456,2.0,6.0,0.335,4.6,8.5,0.541,2.4,3.5,0.692,1.2,8.2,9.5,3.1,0.7,1.0,2.4,2.0,17.6
Anthony Lamb,2,0,8,0.0,9.0,0.0,0.0,9.0,0.0,0.0,0.0,,0.0,0.0,,0.0,4.5,4.5,9.0,0.0,0.0,0.0,0.0,0.0
Jeremy Lamb,40,0,644,5.0,13.4,0.372,2.3,7.0,0.336,2.6,6.4,0.412,3.9,4.6,0.843,0.8,4.8,5.6,3.1,1.3,0.9,1.4,2.5,16.2
Jock Landale,34,1,343,6.1,12.3,0.496,2.0,5.5,0.365,4.1,6.8,0.6,2.1,2.4,0.87,4.1,4.0,8.1,3.3,0.7,1.3,2.3,3.4,16.3
Romeo Langford,44,5,728,3.9,9.1,0.429,1.4,4.1,0.349,2.5,5.0,0.495,1.0,1.7,0.588,1.5,3.7,5.1,0.9,1.0,0.8,0.8,2.3,10.2
Zach LaVine,46,46,1587,9.2,19.0,0.484,3.0,7.5,0.404,6.2,11.5,0.536,4.5,5.1,0.876,0.3,4.8,5.1,4.6,0.7,0.4,2.8,1.8,26.0
Jake Layman,23,1,169,3.8,10.4,0.367,0.9,5.5,0.154,3.0,4.9,0.609,1.3,1.7,0.75,0.9,4.3,5.1,1.5,1.3,0.9,1.5,1.9,9.8
Damion Lee,44,3,902,5.1,11.3,0.451,2.1,5.7,0.366,3.0,5.7,0.535,1.6,1.9,0.851,0.7,4.7,5.4,1.6,1.2,0.2,1.2,2.5,13.9
Saben Lee,27,0,403,4.1,10.8,0.38,1.1,3.9,0.273,3.0,6.9,0.442,2.9,3.8,0.767,0.9,5.0,5.9,5.7,2.2,0.9,2.2,2.1,12.2
Alex Len,33,9,557,5.3,10.0,0.529,0.4,1.2,0.316,4.9,8.8,0.559,2.3,3.6,0.643,3.1,6.8,9.9,2.6,0.8,1.6,2.6,5.8,13.3
Caris LeVert,40,39,1242,8.2,18.3,0.445,1.8,5.6,0.323,6.4,12.8,0.499,3.3,4.3,0.764,0.9,3.5,4.4,5.1,1.0,0.5,2.2,2.7,21.4
Kira Lewis Jr.,24,0,341,6.2,15.4,0.404,1.4,6.1,0.224,4.9,9.3,0.523,1.1,1.3,0.833,1.0,3.2,4.1,5.2,1.2,0.1,2.7,1.8,14.9
Scottie Lewis,2,0,7,0.0,0.0,,0.0,0.0,,0.0,0.0,,5.1,10.3,0.5,0.0,0.0,0.0,5.1,5.1,0.0,0.0,0.0,5.1
Damian Lillard,29,29,1056,7.6,18.8,0.402,3.1,9.7,0.324,4.4,9.1,0.485,5.4,6.2,0.878,0.4,3.6,4.1,7.2,0.6,0.4,2.8,1.3,23.7
Nassir Little,42,23,1088,4.8,10.4,0.46,1.7,5.1,0.331,3.1,5.3,0.584,2.3,3.1,0.734,1.9,5.9,7.8,1.8,0.8,1.2,1.3,2.7,13.6
Isaiah Livers,1,0,5,0.0,14.4,0.0,0.0,14.4,0.0,0.0,0.0,,0.0,0.0,,0.0,0.0,0.0,0.0,7.2,7.2,7.2,7.2,0.0
Kevon Looney,55,55,1169,4.4,7.9,0.55,0.0,0.0,0.0,4.4,7.9,0.553,1.8,2.7,0.663,4.7,8.2,12.8,2.8,1.0,1.3,1.6,4.5,10.6
Brook Lopez,1,1,28,3.9,11.6,0.333,2.6,5.1,0.5,1.3,6.4,0.2,0.0,0.0,,2.6,3.9,6.4,0.0,1.3,3.9,0.0,3.9,10.3
Robin Lopez,25,9,444,7.4,12.8,0.576,0.2,0.4,0.4,7.2,12.4,0.582,1.6,2.8,0.588,4.4,3.2,7.6,3.5,0.1,1.1,2.6,4.1,16.5
Didi Louzada,2,0,7,0.0,15.4,0.0,0.0,15.4,0.0,0.0,0.0,,0.0,0.0,,10.3,0.0,10.3,5.1,0.0,0.0,0.0,0.0,0.0
Kevin Love,47,2,1047,7.4,17.3,0.427,4.1,10.3,0.393,3.3,7.0,0.478,4.5,5.2,0.855,1.9,10.2,12.2,3.5,0.6,0.4,2.1,1.8,23.3
Kyle Lowry,42,42,1420,4.6,11.0,0.416,2.2,6.5,0.337,2.4,4.5,0.531,2.4,2.9,0.85,0.6,4.0,4.6,8.6,1.2,0.4,3.2,2.9,13.8
Timothé Luwawu-Cabarrot,34,12,443,3.9,10.1,0.387,2.5,7.0,0.36,1.4,3.1,0.447,1.4,1.6,0.85,0.7,3.1,3.7,2.1,1.0,0.3,1.1,3.7,11.7
Trey Lyles,51,3,990,6.4,14.0,0.456,1.6,5.3,0.301,4.8,8.7,0.55,5.0,6.4,0.784,2.2,6.7,8.9,2.1,0.8,0.9,2.0,3.3,19.3
Théo Maledon,28,0,387,3.2,10.0,0.318,1.1,5.1,0.218,2.0,4.8,0.423,2.6,3.1,0.848,0.8,3.4,4.3,2.9,1.0,0.3,2.1,2.8,10.0
Sandro Mamukelashvili,30,2,295,4.4,10.0,0.439,1.8,4.8,0.385,2.6,5.2,0.488,1.1,1.5,0.75,3.2,3.7,6.8,2.0,0.9,0.7,1.2,2.2,11.7
Terance Mann,55,20,1570,4.9,10.2,0.474,1.2,3.5,0.358,3.6,6.8,0.534,1.7,2.2,0.758,1.7,4.7,6.4,3.0,0.8,0.1,1.2,2.8,12.6
Tre Mann,41,9,792,5.5,14.5,0.377,2.4,6.6,0.363,3.0,7.8,0.39,1.5,2.0,0.733,0.6,3.5,4.1,1.8,1.3,0.4,1.6,3.2,14.8
Boban Marjanović,17,0,98,13.2,20.9,0.632,0.4,1.1,0.333,12.9,19.8,0.648,2.9,5.9,0.5,2.6,8.4,11.0,0.7,0.0,0.7,4.0,7.3,29.8
Lauri Markkanen,38,38,1148,5.9,13.5,0.436,2.4,7.1,0.342,3.5,6.5,0.539,2.0,2.3,0.863,1.3,5.0,6.3,1.8,0.9,0.7,1.0,2.1,16.2
Naji Marshall,29,0,285,4.3,12.0,0.358,0.8,4.8,0.158,3.5,7.2,0.491,3.8,4.4,0.857,1.8,6.2,8.0,3.0,1.6,0.5,2.8,3.7,13.1
Caleb Martin,44,10,1009,5.7,11.3,0.506,1.6,4.1,0.379,4.2,7.2,0.579,1.8,2.5,0.739,2.0,4.2,6.2,1.6,1.5,0.7,1.2,2.5,14.9
Cody Martin,49,11,1334,3.9,8.6,0.454,1.3,3.2,0.41,2.6,5.4,0.48,1.5,2.2,0.671,1.6,4.0,5.6,3.5,1.7,0.7,1.2,2.2,10.6
Kelan Martin,27,1,444,5.7,13.6,0.417,1.8,6.0,0.297,3.9,7.6,0.511,0.7,1.1,0.692,1.3,3.0,4.3,1.7,1.1,0.7,1.1,2.9,13.9
Kenyon Martin Jr.,51,0,999,6.2,11.7,0.525,1.0,3.4,0.29,5.2,8.4,0.618,1.9,3.1,0.635,2.1,5.1,7.2,2.5,0.8,0.9,1.2,2.4,15.2
Garrison Mathews,37,17,1014,4.3,10.4,0.412,3.3,8.7,0.377,1.0,1.8,0.58,3.4,4.1,0.819,0.7,3.8,4.5,1.4,0.9,0.5,0.8,3.9,15.2
Dakota Mathias,6,0,16,4.5,13.5,0.333,4.5,13.5,0.333,0.0,0.0,,0.0,0.0,,0.0,4.5,4.5,2.3,2.3,0.0,0.0,2.3,13.5
Wesley Matthews,27,6,524,3.6,8.7,0.413,2.1,6.2,0.344,1.4,2.5,0.583,0.4,0.7,0.6,1.0,2.6,3.6,1.3,0.8,0.3,0.7,3.6,9.7
Tyrese Maxey,47,46,1681,6.4,13.6,0.471,1.4,3.6,0.398,5.0,10.0,0.497,2.7,3.1,0.871,0.4,3.3,3.6,4.9,0.7,0.6,1.2,2.2,17.0
Skylar Mays,21,5,198,5.6,10.9,0.517,1.5,4.5,0.32,4.2,6.4,0.657,1.5,1.6,0.889,0.9,3.6,4.5,2.9,1.3,0.0,1.5,1.3,14.2
Miles McBride,21,2,151,3.6,13.8,0.259,1.2,7.4,0.161,2.4,6.4,0.37,0.7,1.0,0.75,0.5,3.3,3.8,5.5,1.9,0.2,0.7,3.6,9.1
Mac McClung,1,0,3,12.0,12.0,1.0,0.0,0.0,,12.0,12.0,1.0,0.0,0.0,,0.0,0.0,0.0,0.0,0.0,0.0,12.0,0.0,24.0
CJ McCollum,36,36,1267,8.2,18.9,0.436,3.2,8.2,0.384,5.1,10.7,0.476,1.4,1.9,0.706,1.0,3.4,4.3,4.6,1.0,0.6,2.0,2.2,21.0
T.J. McConnell,24,6,581,5.6,11.2,0.503,0.4,1.5,0.28,5.2,9.7,0.538,0.7,0.9,0.8,1.2,3.8,5.0,7.1,1.5,0.6,1.7,2.7,12.5
Jaden McDaniels,52,24,1351,4.7,10.7,0.438,1.5,4.8,0.308,3.2,5.9,0.545,0.9,1.2,0.773,1.6,4.3,5.9,1.6,1.1,0.9,1.4,4.5,11.8
Jalen McDaniels,39,2,685,5.1,10.4,0.492,1.7,4.5,0.372,3.4,5.8,0.586,1.6,2.4,0.674,1.5,5.6,7.1,2.3,1.1,0.8,1.6,3.7,13.5
Doug McDermott,39,39,953,6.5,14.0,0.465,3.3,7.7,0.429,3.2,6.3,0.509,0.7,1.0,0.704,0.6,3.1,3.6,1.8,0.3,0.2,1.1,2.4,17.0
JaVale McGee,48,14,782,9.4,14.3,0.658,0.1,0.2,0.4,9.3,14.0,0.662,3.2,4.7,0.68,5.4,10.3,15.7,1.5,0.6,2.2,3.2,5.5,22.1
Cameron McGriff,3,0,46,3.9,11.0,0.357,1.6,4.7,0.333,2.3,6.3,0.375,1.6,1.6,1.0,4.7,7.0,11.7,2.3,0.0,0.8,0.0,5.5,11.0
Rodney McGruder,29,1,386,4.2,9.7,0.433,2.2,5.7,0.393,2.0,4.0,0.488,0.9,1.3,0.714,1.5,3.8,5.3,2.2,1.0,0.2,1.1,2.8,11.6
Alfonzo McKinnie,17,3,206,4.2,10.7,0.393,1.6,4.7,0.333,2.6,5.9,0.441,0.3,1.4,0.25,2.3,3.5,5.8,0.9,0.3,0.5,1.2,4.5,10.3
JaQuori McLaughlin,4,0,11,0.0,6.5,0.0,0.0,3.3,0.0,0.0,3.3,0.0,0.0,0.0,,0.0,0.0,0.0,6.5,0.0,0.0,0.0,3.3,0.0
Jordan McLaughlin,37,3,451,3.3,8.5,0.383,0.6,3.2,0.2,2.6,5.3,0.493,1.6,2.2,0.741,0.7,3.2,3.9,8.2,2.2,0.2,1.6,1.6,8.8
Ben McLemore,39,6,715,5.8,14.9,0.392,4.5,12.0,0.378,1.3,2.9,0.448,1.3,1.6,0.781,0.6,2.4,2.9,1.6,0.8,0.3,1.3,2.8,17.5
De'Anthony Melton,47,13,1078,5.6,14.7,0.384,2.5,7.5,0.335,3.1,7.2,0.435,1.6,2.4,0.69,1.6,5.4,7.1,4.3,2.5,0.9,2.3,2.8,15.4
Sam Merrill,6,0,58,5.0,14.9,0.333,4.3,14.3,0.304,0.6,0.6,1.0,1.2,2.5,0.5,0.6,3.7,4.3,2.5,0.0,0.0,1.2,1.9,15.5
Chimezie Metu,39,20,876,5.6,12.9,0.433,1.5,5.5,0.271,4.1,7.4,0.552,1.7,2.3,0.732,1.0,8.5,9.5,1.8,1.4,0.9,1.6,2.3,14.3
Khris Middleton,44,44,1402,7.5,16.9,0.442,2.7,7.1,0.377,4.8,9.8,0.488,4.4,5.0,0.881,0.7,5.5,6.3,5.9,1.4,0.3,3.4,2.8,22.0
C.J. Miles,1,0,2,0.0,0.0,,0.0,0.0,,0.0,0.0,,0.0,0.0,,0.0,0.0,0.0,0.0,0.0,0.0,0.0,18.0,0.0
Patty Mills,53,36,1635,5.6,12.9,0.434,3.8,9.0,0.424,1.8,4.0,0.456,0.8,0.9,0.884,0.3,2.3,2.5,3.0,0.8,0.3,1.1,1.7,15.9
Paul Millsap,24,0,270,4.3,11.3,0.376,0.8,3.6,0.222,3.5,7.7,0.448,1.6,2.3,0.706,3.9,8.0,11.9,3.2,0.7,1.5,1.5,6.4,10.9
Shake Milton,27,6,668,5.9,13.7,0.429,1.3,4.3,0.316,4.5,9.4,0.48,2.2,2.6,0.854,0.7,3.7,4.4,4.0,1.1,0.6,1.7,3.0,15.3
Davion Mitchell,51,8,1330,5.9,14.5,0.408,1.9,5.9,0.32,4.0,8.5,0.47,0.6,1.2,0.558,0.8,2.4,3.2,4.8,1.0,0.4,1.6,2.7,14.3
Donovan Mitchell,43,43,1431,10.0,22.0,0.454,3.5,10.2,0.346,6.5,11.8,0.548,3.9,4.5,0.872,1.0,3.5,4.5,5.7,1.7,0.3,3.2,2.6,27.5
Evan Mobley,47,47,1606,6.4,12.8,0.498,0.4,1.5,0.277,6.0,11.4,0.527,2.6,3.8,0.667,2.0,6.6,8.6,2.7,0.8,1.7,2.0,2.1,15.7
Malik Monk,50,18,1358,6.3,13.4,0.47,3.0,7.5,0.403,3.3,5.9,0.556,1.6,2.0,0.787,0.6,3.8,4.3,3.3,0.9,0.5,1.8,2.1,17.2
Greg Monroe,8,0,126,5.7,10.9,0.526,0.0,0.0,,5.7,10.9,0.526,0.9,2.0,0.429,5.1,7.1,12.3,4.0,1.1,1.7,2.3,4.0,12.3
Moses Moody,32,4,306,4.4,11.2,0.389,2.1,6.7,0.316,2.2,4.5,0.5,1.6,2.0,0.824,0.8,4.5,5.3,1.3,0.4,0.6,0.8,2.7,12.5
Xavier Moon,6,0,83,6.1,14.7,0.412,1.3,4.3,0.3,4.8,10.4,0.458,0.9,1.3,0.667,0.4,3.5,3.9,4.3,2.2,0.4,1.3,1.7,14.3
Matt Mooney,1,0,2,0.0,18.0,0.0,0.0,18.0,0.0,0.0,0.0,,0.0,0.0,,0.0,0.0,0.0,0.0,18.0,0.0,18.0,0.0,0.0
Ja Morant,43,43,1425,10.9,22.0,0.493,1.7,4.9,0.344,9.2,17.2,0.535,5.4,7.1,0.756,1.5,4.9,6.4,7.4,1.4,0.4,3.8,1.5,28.8
Juwan Morgan,1,0,27,2.7,4.0,0.667,1.3,2.7,0.5,1.3,1.3,1.0,0.0,0.0,,2.7,2.7,5.3,1.3,0.0,0.0,0.0,4.0,6.7
Jaylen Morris,3,0,16,0.0,13.5,0.0,0.0,4.5,0.0,0.0,9.0,0.0,4.5,9.0,0.5,0.0,4.5,4.5,4.5,0.0,0.0,2.3,4.5,4.5
Marcus Morris,31,31,927,6.7,15.8,0.424,2.5,6.5,0.383,4.2,9.3,0.452,2.8,3.4,0.83,0.7,5.5,6.3,2.8,0.6,0.3,1.6,2.8,18.7
Markieff Morris,10,0,187,6.2,13.5,0.457,1.5,4.2,0.364,4.6,9.2,0.5,1.0,1.0,1.0,2.5,2.9,5.4,2.7,0.6,0.2,2.3,4.2,14.8
Monte Morris,51,50,1529,6.1,12.9,0.474,1.9,5.2,0.373,4.2,7.7,0.541,1.0,1.2,0.843,0.4,3.1,3.5,5.2,0.8,0.2,1.2,1.4,15.2
Emmanuel Mudiay,2,0,11,0.0,6.5,0.0,0.0,0.0,,0.0,6.5,0.0,9.8,13.1,0.75,0.0,0.0,0.0,13.1,3.3,0.0,3.3,3.3,9.8
Mychal Mulder,15,2,195,3.7,12.4,0.299,2.4,8.5,0.283,1.3,3.9,0.333,0.4,0.4,1.0,0.4,3.5,3.9,0.6,0.7,0.2,1.5,2.2,10.2
Ade Murkey,1,0,1,0.0,0.0,,0.0,0.0,,0.0,0.0,,0.0,0.0,,0.0,0.0,0.0,0.0,0.0,0.0,0.0,0.0,0.0
Trey Murphy III,40,0,514,3.5,10.4,0.338,2.5,7.5,0.336,1.0,2.9,0.341,1.7,2.0,0.857,2.0,4.1,6.1,1.4,0.8,0.4,0.8,2.6,11.2
Dejounte Murray,48,48,1652,8.5,18.7,0.453,1.4,4.3,0.315,7.1,14.4,0.495,2.1,2.8,0.744,1.4,7.4,8.8,9.6,2.1,0.4,2.6,2.2,20.4
Mike Muscala,43,0,592,6.9,15.1,0.456,4.3,9.9,0.429,2.6,5.2,0.506,2.9,3.5,0.842,1.3,6.6,7.8,1.3,1.1,1.6,0.9,3.5,20.9
Svi Mykhailiuk,41,5,648,4.6,11.3,0.407,1.9,6.3,0.31,2.7,5.1,0.527,1.5,1.8,0.844,1.1,3.7,4.8,2.2,1.3,0.2,1.6,2.6,12.7
Abdel Nader,14,0,145,3.0,8.7,0.343,1.0,3.5,0.286,2.0,5.2,0.381,1.5,2.5,0.6,1.0,5.7,6.7,1.7,2.0,1.0,2.7,5.0,8.4
Larry Nance Jr.,37,11,858,4.3,8.3,0.515,0.8,2.6,0.306,3.5,5.7,0.61,1.3,2.1,0.653,2.4,6.3,8.8,3.1,1.6,0.5,1.1,2.8,10.7
RJ Nembhard Jr.,7,0,44,4.1,9.0,0.455,0.0,0.8,0.0,4.1,8.2,0.5,0.8,1.6,0.5,0.0,1.6,1.6,8.2,0.0,0.0,1.6,1.6,9.0
Aaron Nesmith,39,1,398,4.2,11.8,0.354,1.5,7.4,0.207,2.6,4.3,0.604,1.2,1.4,0.813,0.9,4.9,5.8,1.1,1.1,0.2,1.9,4.3,11.0
Raul Neto,44,0,855,5.3,12.0,0.44,0.7,3.2,0.227,4.5,8.8,0.517,2.1,2.8,0.731,0.3,3.3,3.6,4.7,1.3,0.0,2.3,2.7,13.3
Malik Newman,1,0,8,13.5,22.5,0.6,0.0,4.5,0.0,13.5,18.0,0.75,9.0,9.0,1.0,0.0,4.5,4.5,4.5,0.0,0.0,4.5,0.0,36.0
Georges Niang,50,5,1153,5.3,12.1,0.438,3.1,7.6,0.402,2.2,4.4,0.5,1.2,1.4,0.864,0.6,3.5,4.1,2.4,0.7,0.3,1.3,4.1,14.8
Daishen Nix,8,0,67,7.0,10.7,0.65,1.6,3.8,0.429,5.4,7.0,0.769,0.5,1.6,0.333,0.5,4.8,5.4,5.4,3.8,0.0,4.8,1.6,16.1
Zeke Nnaji,38,1,623,5.4,9.8,0.547,2.1,4.2,0.493,3.3,5.6,0.588,2.2,3.6,0.613,3.2,4.9,8.1,0.8,0.7,0.7,1.1,4.2,15.0
Nerlens Noel,25,11,562,2.0,3.8,0.533,0.0,0.2,0.0,2.0,3.7,0.561,1.3,1.9,0.7,3.1,6.0,9.0,1.5,1.9,2.0,1.3,4.3,5.4
Jaylen Nowell,40,1,603,7.3,15.7,0.464,2.1,5.7,0.365,5.2,10.0,0.521,2.4,3.3,0.745,0.9,3.9,4.8,5.0,1.4,0.4,1.3,2.9,19.1
Frank Ntilikina,44,5,567,4.3,11.4,0.378,2.0,6.0,0.34,2.3,5.5,0.419,1.5,1.5,0.958,0.4,3.5,3.9,3.4,1.5,0.4,1.6,3.1,12.1
Jusuf Nurkić,53,53,1481,7.2,13.5,0.533,0.3,1.3,0.231,6.9,12.3,0.564,4.1,6.0,0.681,3.7,10.2,14.0,3.5,1.5,0.8,3.3,4.3,18.8
David Nwaba,34,4,477,5.1,10.6,0.475,0.8,2.6,0.286,4.3,8.0,0.538,2.6,3.7,0.714,2.2,7.6,9.8,2.0,1.7,1.4,1.2,3.1,13.5
Jordan Nwora,42,9,805,5.8,14.3,0.408,2.6,7.2,0.366,3.2,7.1,0.449,0.7,0.9,0.762,1.3,5.8,7.1,1.9,0.9,0.6,1.8,2.1,15.0
Royce O'Neale,51,51,1600,3.1,6.3,0.482,1.7,4.3,0.397,1.4,2.1,0.656,0.7,0.9,0.786,0.9,4.8,5.7,2.8,1.4,0.6,1.0,2.7,8.6
Semi Ojeleye,20,0,308,2.1,8.2,0.257,1.3,4.8,0.268,0.8,3.4,0.241,1.2,1.5,0.769,2.9,3.9,6.8,0.6,0.6,0.6,0.6,3.0,6.7
Chuma Okeke,45,10,1064,4.6,11.8,0.387,2.1,7.0,0.301,2.5,4.8,0.51,1.1,1.3,0.846,0.9,5.9,6.8,2.3,2.1,0.8,1.2,2.1,12.3
Josh Okogie,33,6,408,2.3,6.6,0.347,0.9,3.2,0.278,1.4,3.4,0.41,2.0,3.3,0.622,2.2,3.1,5.3,1.6,1.5,0.9,1.5,3.4,7.5
Onyeka Okongwu,22,6,486,5.9,8.0,0.731,0.0,0.0,,5.9,8.0,0.731,2.9,3.9,0.736,3.6,5.7,9.3,1.7,1.2,2.4,1.9,5.3,14.6
Isaac Okoro,40,34,1148,4.1,8.8,0.465,1.1,3.4,0.312,3.0,5.4,0.561,2.1,2.8,0.764,1.3,2.7,4.1,2.3,1.0,0.4,1.3,3.2,11.4
KZ Okpala,21,0,244,4.4,10.2,0.435,1.3,3.8,0.346,3.1,6.3,0.488,1.2,1.6,0.727,1.6,4.4,6.0,2.1,0.6,1.0,0.7,3.7,11.4
Cameron Oliver,2,0,43,8.4,12.6,0.667,0.8,2.5,0.333,7.5,10.0,0.75,1.7,2.5,0.667,1.7,3.3,5.0,2.5,0.8,0.8,0.0,4.2,19.3
Kelly Olynyk,17,1,351,6.4,15.8,0.403,1.8,6.5,0.286,4.5,9.3,0.484,2.9,4.5,0.636,2.5,5.8,8.3,5.2,1.6,1.0,2.8,4.7,17.4
Eugene Omoruyi,4,0,18,4.0,10.0,0.4,2.0,4.0,0.5,2.0,6.0,0.333,4.0,8.0,0.5,4.0,10.0,14.0,4.0,0.0,0.0,0.0,4.0,14.0
Miye Oni,16,0,44,1.6,7.4,0.222,0.8,6.5,0.125,0.8,0.8,1.0,0.0,0.8,0.0,0.8,4.9,5.7,4.1,0.0,0.0,0.8,5.7,4.1
Cedi Osman,43,3,998,5.9,14.1,0.419,3.2,8.9,0.358,2.7,5.2,0.524,1.8,2.8,0.633,0.6,3.0,3.6,3.0,1.4,0.3,1.4,3.0,16.8
Daniel Oturu,3,0,27,4.0,8.0,0.5,0.0,1.3,0.0,4.0,6.7,0.6,4.0,6.7,0.6,1.3,5.3,6.7,0.0,0.0,2.7,0.0,1.3,12.0
Kelly Oubre Jr.,50,11,1423,7.6,17.3,0.441,3.6,10.2,0.351,4.0,7.1,0.571,2.2,3.2,0.688,1.4,3.8,5.2,1.5,1.5,0.5,1.3,3.2,21.0
Jaysean Paige,1,0,7,0.0,15.4,0.0,0.0,10.3,0.0,0.0,5.1,0.0,0.0,0.0,,0.0,5.1,5.1,5.1,0.0,0.0,5.1,10.3,0.0
Trayvon Palmer,1,0,17,0.0,2.1,0.0,0.0,0.0,,0.0,2.1,0.0,0.0,0.0,,0.0,4.2,4.2,0.0,0.0,0.0,2.1,4.2,0.0
Kevin Pangos,24,3,166,3.3,10.0,0.326,1.3,5.6,0.231,2.0,4.3,0.45,0.7,0.9,0.75,0.4,2.0,2.4,6.5,0.7,0.0,1.5,2.4,8.5
Jabari Parker,12,0,112,5.8,12.2,0.474,2.6,5.1,0.5,3.2,7.1,0.455,2.9,2.9,1.0,1.6,7.4,9.0,1.9,1.3,0.3,2.6,4.2,17.0
Eric Paschall,41,1,544,5.4,11.1,0.485,2.1,5.7,0.372,3.2,5.4,0.605,3.0,4.0,0.754,1.6,4.0,5.6,1.5,0.3,0.3,1.7,2.6,15.9
Chris Paul,54,54,1798,6.1,12.5,0.489,1.1,3.4,0.339,5.0,9.2,0.544,2.8,3.4,0.83,0.3,4.5,4.8,11.3,2.0,0.4,2.6,2.3,16.2
Cameron Payne,40,0,815,7.0,17.3,0.404,2.0,5.9,0.336,5.0,11.4,0.44,2.5,2.9,0.864,0.7,4.2,4.9,6.4,1.0,0.5,3.1,3.3,18.5
Elfrid Payton,34,0,397,4.4,11.2,0.387,0.2,1.1,0.167,4.2,10.2,0.411,0.9,2.0,0.455,1.5,4.5,6.1,6.3,1.6,0.4,3.2,2.8,9.8
Gary Payton II,52,9,872,6.4,10.2,0.623,1.4,3.6,0.375,5.0,6.6,0.761,1.1,1.9,0.587,2.2,5.5,7.8,1.7,2.9,0.7,1.0,3.6,15.2
Norvel Pelle,3,0,19,5.7,9.5,0.6,0.0,0.0,,5.7,9.5,0.6,0.0,0.0,,5.7,5.7,11.4,0.0,0.0,1.9,3.8,1.9,11.4
Reggie Perry,3,0,51,3.5,7.1,0.5,0.7,1.4,0.5,2.8,5.6,0.5,1.4,1.4,1.0,1.4,4.2,5.6,1.4,0.7,0.0,0.7,6.4,9.2
Jamorko Pickett,6,0,47,0.8,7.7,0.1,0.8,5.4,0.143,0.0,2.3,0.0,0.0,0.0,,1.5,5.4,6.9,0.8,0.0,0.8,2.3,2.3,2.3
Theo Pinson,16,0,120,2.7,9.6,0.281,1.8,7.5,0.24,0.9,2.1,0.429,1.2,1.2,1.0,0.3,5.4,5.7,3.9,1.2,0.6,0.6,2.7,8.4
Mason Plumlee,47,47,1196,4.2,6.7,0.631,0.0,0.1,0.0,4.2,6.6,0.636,1.1,3.1,0.34,3.5,7.5,11.0,4.1,1.4,0.9,1.9,4.3,9.5
Jakob Poeltl,45,44,1296,7.4,12.1,0.614,0.0,0.0,,7.4,12.1,0.614,1.6,3.4,0.459,4.9,6.4,11.3,3.4,0.9,2.2,1.9,3.7,16.4
Aleksej Pokusevski,38,2,601,4.9,12.6,0.384,1.6,5.8,0.268,3.3,6.8,0.482,0.4,0.8,0.5,2.2,7.2,9.5,2.6,1.3,1.1,2.6,2.8,11.7
Yves Pons,7,0,22,1.6,4.9,0.333,1.6,1.6,1.0,0.0,3.3,0.0,0.0,3.3,0.0,3.3,4.9,8.2,0.0,0.0,0.0,0.0,3.3,4.9
Jordan Poole,49,35,1430,7.0,15.9,0.438,3.0,8.8,0.342,4.0,7.1,0.556,3.6,3.9,0.923,0.6,3.3,3.9,4.3,1.0,0.4,2.9,3.2,20.6
Kevin Porter Jr.,37,37,1108,5.6,14.2,0.392,2.6,7.1,0.368,2.9,7.0,0.417,2.4,3.8,0.619,0.9,3.9,4.8,7.3,1.4,0.3,4.3,3.1,16.1
Michael Porter Jr.,9,9,265,5.0,14.0,0.359,1.4,6.5,0.208,3.7,7.5,0.491,0.7,1.2,0.556,1.2,6.8,8.0,2.3,1.4,0.3,1.6,2.2,12.1
Otto Porter Jr.,45,13,972,5.4,11.3,0.475,2.6,6.4,0.399,2.8,4.9,0.576,0.9,1.2,0.727,1.6,6.9,8.5,2.6,1.9,0.8,0.9,2.2,14.2
Bobby Portis,47,42,1351,7.6,15.5,0.489,2.5,5.9,0.427,5.1,9.7,0.526,1.8,2.3,0.77,3.3,8.1,11.4,1.6,0.9,1.0,1.9,3.3,19.5
Kristaps Porziņģis,34,34,1002,8.2,18.3,0.451,1.8,6.2,0.283,6.5,12.0,0.537,5.3,6.1,0.865,2.3,7.1,9.4,2.5,0.9,2.1,1.9,3.2,23.5
Micah Potter,3,0,31,5.8,12.8,0.455,0.0,2.3,0.0,5.8,10.5,0.556,2.3,2.3,1.0,4.6,5.8,10.5,0.0,1.2,1.2,1.2,4.6,13.9
Dwight Powell,55,44,1116,4.9,7.6,0.644,0.4,1.0,0.387,4.5,6.6,0.683,2.9,3.8,0.748,3.5,4.3,7.8,1.9,0.9,0.7,1.4,4.4,13.1
Myles Powell,11,0,52,3.5,11.8,0.294,0.7,4.2,0.167,2.8,7.6,0.364,1.4,1.4,1.0,0.7,3.5,4.2,2.1,0.7,0.0,2.1,5.5,9.0
Norman Powell,42,40,1380,6.8,14.9,0.46,2.6,6.3,0.408,4.3,8.6,0.497,4.4,5.4,0.808,0.5,3.0,3.5,2.3,1.1,0.5,1.7,2.6,20.6
Joshua Primo,26,4,400,4.0,10.9,0.364,1.8,5.7,0.317,2.2,5.2,0.414,1.3,1.6,0.778,1.4,2.4,3.9,3.2,0.8,1.3,2.4,2.4,11.0
Taurean Prince,44,8,685,4.8,10.5,0.455,2.5,6.4,0.393,2.3,4.1,0.551,1.5,1.9,0.757,0.9,4.5,5.5,2.0,1.4,0.5,1.6,3.4,13.6
Payton Pritchard,45,2,548,5.2,13.5,0.385,3.0,8.1,0.371,2.2,5.3,0.407,0.9,0.9,1.0,0.8,3.8,4.6,4.9,0.5,0.3,1.9,2.6,14.3
Trevelin Queen,8,0,69,6.8,15.1,0.448,4.2,11.5,0.364,2.6,3.7,0.714,1.6,1.6,1.0,2.6,4.7,7.3,1.6,2.6,0.0,3.7,3.1,19.3
Neemias Queta,10,0,56,5.8,14.8,0.391,0.0,0.0,,5.8,14.8,0.391,1.9,3.2,0.6,7.1,5.1,12.2,2.6,0.6,2.6,2.6,7.1,13.5
Immanuel Quickley,51,2,1108,5.2,14.3,0.367,2.7,8.2,0.331,2.5,6.1,0.415,2.7,3.0,0.912,0.6,3.3,3.9,5.0,1.0,0.1,2.1,3.7,15.9
Jahmi'us Ramsey,19,0,134,6.4,15.6,0.414,1.3,4.8,0.278,5.1,10.7,0.475,1.9,3.8,0.5,1.1,2.4,3.5,1.9,0.3,0.3,1.3,2.7,16.1
Julius Randle,53,53,1874,7.1,16.8,0.42,1.7,5.5,0.31,5.4,11.3,0.473,3.7,4.9,0.752,1.9,8.2,10.1,5.2,0.8,0.6,3.5,2.9,19.5
Austin Reaves,37,0,780,3.4,7.2,0.471,1.3,4.2,0.322,2.1,3.1,0.672,1.9,2.4,0.824,1.0,3.4,4.4,2.1,0.5,0.4,0.9,2.4,10.1
Cam Reddish,39,7,847,6.0,15.3,0.396,2.5,6.9,0.364,3.5,8.4,0.421,3.5,3.9,0.912,0.9,3.0,3.9,1.6,1.6,0.5,2.0,2.0,18.1
Davon Reed,28,3,399,4.1,8.6,0.474,2.1,4.8,0.434,2.0,3.8,0.524,0.4,0.5,0.8,0.9,5.7,6.6,2.6,1.5,0.3,0.7,3.6,10.6
Paul Reed,21,2,185,3.9,8.4,0.465,0.0,0.8,0.0,3.9,7.6,0.513,0.6,1.6,0.375,3.9,5.3,9.1,1.9,2.3,1.9,1.4,5.4,8.4
Naz Reid,52,5,830,6.8,14.5,0.467,1.7,5.0,0.345,5.0,9.5,0.532,3.3,4.5,0.728,3.3,5.5,8.8,1.9,1.0,2.3,2.4,4.9,18.5
Nick Richards,40,5,340,5.8,8.6,0.679,0.0,0.0,,5.8,8.6,0.679,3.2,4.3,0.732,3.2,5.3,8.5,1.4,1.0,2.0,2.1,5.1,14.8
Josh Richardson,44,0,1087,5.0,11.4,0.443,2.1,5.2,0.397,3.0,6.2,0.481,2.0,2.4,0.859,0.9,3.3,4.1,2.2,1.1,0.8,1.3,2.7,14.1
Austin Rivers,40,13,845,3.8,9.3,0.406,2.2,6.2,0.352,1.6,3.2,0.514,0.8,1.2,0.704,0.6,2.2,2.7,1.8,1.2,0.2,1.4,2.7,10.6
Duncan Robinson,52,47,1425,5.2,13.1,0.394,4.0,11.0,0.362,1.2,2.1,0.566,0.9,1.1,0.822,0.5,3.5,4.0,2.0,0.8,0.3,1.1,3.5,15.3
Justin Robinson,25,0,304,3.3,11.0,0.301,2.1,7.2,0.295,1.2,3.8,0.313,0.5,0.9,0.5,0.5,2.0,2.5,3.8,1.1,0.1,2.0,3.2,9.2
Mitchell Robinson,49,40,1243,5.2,6.6,0.781,0.0,0.0,,5.2,6.6,0.781,1.9,3.6,0.516,5.4,7.0,12.4,0.7,0.8,2.3,1.1,3.8,12.2
Jeremiah Robinson-Earl,44,36,1014,4.2,10.4,0.401,1.8,5.3,0.333,2.4,5.0,0.472,1.1,1.5,0.714,2.5,6.5,9.0,1.6,1.0,0.5,1.2,2.6,11.1
Isaiah Roby,18,5,246,6.9,12.3,0.56,1.6,3.2,0.5,5.3,9.1,0.581,2.3,3.1,0.762,2.9,5.7,8.6,1.9,0.6,0.9,2.2,3.8,17.7
Rajon Rondo,29,0,515,3.4,9.8,0.343,1.5,4.7,0.313,1.9,5.1,0.37,1.0,1.2,0.824,0.9,5.0,5.9,8.3,1.5,0.3,3.8,3.1,9.2
Derrick Rose,26,4,636,6.9,15.5,0.445,2.1,5.2,0.402,4.8,10.3,0.467,1.7,1.8,0.968,1.2,3.2,4.4,5.8,1.2,0.7,2.2,0.8,17.6
Terrence Ross,47,0,1150,5.5,13.6,0.405,1.9,6.3,0.308,3.6,7.3,0.487,3.0,3.5,0.874,0.5,3.4,3.9,3.0,0.8,0.4,2.0,1.7,16.0
Terry Rozier,47,47,1566,7.3,17.0,0.43,3.2,8.8,0.366,4.1,8.2,0.497,2.0,2.5,0.806,0.8,3.7,4.5,4.3,1.2,0.4,1.4,1.5,19.8
Ricky Rubio,34,8,970,5.5,15.3,0.363,2.2,6.5,0.339,3.3,8.8,0.38,3.3,3.8,0.854,0.6,4.7,5.2,8.4,1.8,0.3,3.3,2.8,16.5
D'Angelo Russell,41,41,1314,7.4,18.0,0.412,3.4,9.6,0.353,4.0,8.4,0.479,3.2,3.9,0.806,0.4,3.6,4.0,7.9,1.1,0.5,2.9,2.4,21.4
Domantas Sabonis,48,47,1665,7.4,12.8,0.578,0.8,2.4,0.321,6.6,10.4,0.636,4.2,5.6,0.739,3.5,9.1,12.6,5.2,1.0,0.5,3.2,3.2,19.7
Olivier Sarr,2,0,14,2.6,7.7,0.333,0.0,2.6,0.0,2.6,5.1,0.5,5.1,5.1,1.0,0.0,12.9,12.9,0.0,0.0,5.1,0.0,2.6,10.3
Tomáš Satoranský,32,3,481,2.4,8.0,0.299,0.4,2.3,0.161,2.0,5.7,0.355,1.4,1.9,0.76,1.3,3.4,4.8,5.7,1.0,0.1,1.7,2.5,6.6
Jordan Schakel,2,0,14,0.0,15.4,0.0,0.0,7.7,0.0,0.0,7.7,0.0,0.0,0.0,,5.1,2.6,7.7,0.0,0.0,0.0,0.0,0.0,0.0
Admiral Schofield,20,1,235,4.1,8.4,0.491,1.7,5.1,0.333,2.5,3.4,0.727,0.5,0.8,0.6,0.9,5.7,6.6,2.3,0.3,0.5,1.7,4.3,10.4
Dennis Schröder,49,25,1433,6.5,14.7,0.44,1.7,4.8,0.349,4.8,9.8,0.485,3.1,3.6,0.848,0.7,3.4,4.1,5.2,1.0,0.1,2.6,2.9,17.7
Tre Scott,2,0,11,9.8,19.6,0.5,0.0,3.3,0.0,9.8,16.4,0.6,0.0,0.0,,3.3,3.3,6.5,0.0,3.3,3.3,0.0,6.5,19.6
Jay Scrubb,18,0,121,5.4,13.7,0.391,1.8,6.2,0.286,3.6,7.4,0.48,2.1,3.0,0.7,0.6,4.2,4.8,2.4,1.2,0.9,2.1,2.7,14.6
Wayne Selden,3,0,19,1.9,7.6,0.25,1.9,3.8,0.5,0.0,3.8,0.0,3.8,7.6,0.5,0.0,1.9,1.9,1.9,0.0,0.0,0.0,1.9,9.5
Alperen Şengün,46,4,858,6.0,12.4,0.481,0.6,2.4,0.259,5.3,9.9,0.536,4.4,6.3,0.707,3.3,5.8,9.1,4.7,1.6,1.8,3.9,5.6,17.0
Collin Sexton,11,11,316,7.7,17.2,0.45,1.3,5.1,0.244,6.5,12.1,0.538,3.3,4.4,0.744,1.5,2.6,4.1,2.6,1.1,0.0,3.5,2.8,20.1
Landry Shamet,45,7,891,4.3,11.7,0.37,2.9,8.1,0.353,1.5,3.6,0.409,1.9,2.2,0.852,0.4,3.0,3.5,2.9,0.8,0.2,1.0,2.1,13.4
Day'Ron Sharpe,26,8,326,7.8,13.9,0.563,0.1,0.4,0.25,7.7,13.5,0.574,2.0,3.3,0.6,7.4,7.0,14.4,1.3,0.8,1.7,3.0,6.0,17.8
Pascal Siakam,40,40,1516,7.8,16.0,0.487,1.0,2.9,0.355,6.8,13.1,0.517,3.8,5.2,0.736,2.0,6.4,8.4,4.9,1.2,0.8,2.6,3.3,20.5
Chris Silva,10,0,91,3.2,5.9,0.533,0.0,0.0,,3.2,5.9,0.533,4.0,4.7,0.833,5.1,9.1,14.2,2.8,0.0,0.4,3.2,7.9,10.3
Marko Simonovic,9,0,35,4.1,15.4,0.267,1.0,5.1,0.2,3.1,10.3,0.3,8.2,11.3,0.727,5.1,5.1,10.3,0.0,1.0,1.0,2.1,6.2,17.5
Anfernee Simons,50,23,1449,7.3,16.5,0.439,3.6,9.1,0.392,3.7,7.4,0.497,2.0,2.2,0.888,0.6,2.7,3.3,4.6,0.7,0.1,2.3,2.3,20.0
Jericho Sims,17,0,111,2.6,3.6,0.727,0.0,0.0,,2.6,3.6,0.727,1.0,1.3,0.75,3.6,5.2,8.8,0.3,1.0,2.3,0.6,2.6,6.2
Deividas Sirvydis,3,0,27,1.3,13.3,0.1,1.3,9.3,0.143,0.0,4.0,0.0,0.0,0.0,,0.0,8.0,8.0,1.3,4.0,1.3,0.0,5.3,4.0
Javonte Smart,13,1,160,2.5,9.7,0.256,0.9,4.1,0.222,1.6,5.6,0.28,1.1,1.4,0.833,0.9,3.4,4.3,3.2,0.9,0.5,2.0,2.5,7.0
Marcus Smart,47,47,1549,4.4,10.7,0.414,1.7,5.2,0.316,2.8,5.4,0.509,2.1,2.7,0.791,0.7,3.6,4.3,5.9,2.0,0.3,2.3,2.7,12.6
Dennis Smith Jr.,37,4,638,4.5,10.7,0.418,0.3,1.5,0.222,4.1,9.1,0.451,2.4,3.6,0.656,1.1,3.8,5.0,7.4,2.5,0.7,2.9,2.9,11.6
Ish Smith,37,1,511,5.1,13.0,0.395,0.7,1.8,0.4,4.4,11.3,0.394,0.8,1.3,0.632,0.8,3.2,4.0,6.9,1.4,0.7,2.5,2.4,11.8
Jalen Smith,29,4,382,5.9,12.9,0.46,0.8,3.7,0.231,5.1,9.2,0.551,3.8,4.9,0.769,5.2,7.9,13.1,0.6,0.6,1.7,2.1,4.9,16.5
Xavier Sneed,2,0,8,0.0,9.0,0.0,0.0,9.0,0.0,0.0,0.0,,0.0,0.0,,4.5,4.5,9.0,0.0,0.0,0.0,0.0,9.0,0.0
Tony Snell,38,10,546,2.4,6.4,0.371,1.6,4.9,0.32,0.8,1.5,0.545,0.2,0.2,1.0,0.7,4.0,4.7,1.3,0.5,0.5,0.7,2.9,6.5
Jaden Springer,2,0,6,6.0,6.0,1.0,0.0,0.0,,6.0,6.0,1.0,0.0,0.0,,6.0,6.0,12.0,0.0,0.0,12.0,6.0,0.0,12.0
Cassius Stanley,9,1,155,4.4,10.7,0.413,0.9,3.9,0.235,3.5,6.7,0.517,2.3,2.3,1.0,1.2,3.3,4.4,0.9,1.2,0.5,1.4,3.9,12.1
Nik Stauskas,2,0,24,4.5,12.0,0.375,3.0,6.0,0.5,1.5,6.0,0.25,4.5,6.0,0.75,1.5,3.0,4.5,1.5,0.0,0.0,0.0,1.5,16.5
Lance Stephenson,26,1,445,6.3,14.0,0.451,1.1,4.4,0.259,5.2,9.6,0.538,2.7,3.4,0.786,0.8,5.3,6.1,7.8,0.8,0.1,3.3,4.0,16.4
Lamar Stevens,39,8,576,5.2,10.9,0.477,0.8,2.7,0.302,4.4,8.2,0.534,1.6,2.5,0.625,1.8,3.8,5.6,1.6,1.2,0.6,1.4,3.6,12.7
Isaiah Stewart,46,46,1194,4.8,9.3,0.518,0.1,0.7,0.125,4.7,8.6,0.551,1.3,2.0,0.657,4.2,7.6,11.8,1.5,0.5,1.6,1.8,4.0,11.1
Max Strus,43,9,1038,5.8,13.0,0.444,4.0,9.8,0.41,1.8,3.2,0.548,1.1,1.4,0.775,0.7,4.3,5.0,1.9,0.5,0.3,1.2,2.5,16.7
Jalen Suggs,35,32,979,5.5,15.1,0.366,1.3,5.4,0.245,4.2,9.7,0.433,3.4,4.4,0.773,0.8,3.9,4.7,5.4,1.5,0.5,4.0,3.9,15.7
Craig Sword,3,0,19,5.7,7.6,0.75,0.0,1.9,0.0,5.7,5.7,1.0,0.0,0.0,,0.0,0.0,0.0,1.9,7.6,0.0,1.9,13.3,11.4
Keifer Sykes,18,10,353,4.5,12.2,0.367,1.7,5.7,0.304,2.8,6.5,0.422,1.2,1.4,0.857,0.6,3.0,3.6,3.9,0.7,0.3,2.4,3.7,11.9
Jae'Sean Tate,52,51,1418,6.4,12.7,0.5,1.0,3.5,0.301,5.3,9.3,0.574,2.5,3.6,0.7,2.3,5.1,7.4,4.0,1.3,0.8,2.5,4.9,16.3
Jayson Tatum,52,52,1874,8.9,20.7,0.431,2.7,8.4,0.328,6.1,12.3,0.501,5.0,5.9,0.84,1.2,7.2,8.4,4.1,1.0,0.7,2.9,2.4,25.5
Terry Taylor,10,1,166,8.0,14.5,0.552,0.9,1.5,0.571,7.2,13.0,0.55,1.7,2.2,0.8,7.6,6.7,14.3,3.5,0.2,0.4,0.9,3.9,18.7
Garrett Temple,50,16,984,3.7,9.6,0.382,1.9,5.9,0.319,1.8,3.7,0.48,1.0,1.4,0.718,1.0,3.8,4.8,2.4,1.4,0.7,1.4,2.8,10.2
Emanuel Terry,3,0,18,0.0,10.0,0.0,0.0,0.0,,0.0,10.0,0.0,0.0,0.0,,16.0,14.0,30.0,4.0,2.0,0.0,10.0,8.0,0.0
Tyrell Terry,2,0,3,12.0,12.0,1.0,0.0,0.0,,12.0,12.0,1.0,0.0,0.0,,0.0,0.0,0.0,0.0,0.0,0.0,0.0,12.0,24.0
Jon Teske,3,0,8,0.0,4.5,0.0,0.0,0.0,,0.0,4.5,0.0,0.0,9.0,0.0,0.0,9.0,9.0,4.5,4.5,0.0,0.0,4.5,0.0
Daniel Theis,26,21,584,5.2,11.0,0.469,1.4,4.9,0.291,3.8,6.2,0.61,1.7,2.5,0.675,2.0,6.0,8.0,1.2,0.7,1.0,1.9,3.8,13.4
Brodric Thomas,7,0,28,1.3,11.6,0.111,0.0,7.7,0.0,1.3,3.9,0.333,2.6,2.6,1.0,2.6,3.9,6.4,6.4,0.0,0.0,3.9,1.3,5.1
Cam Thomas,43,1,785,6.6,15.1,0.438,1.4,5.5,0.258,5.2,9.6,0.541,2.2,2.8,0.783,0.4,4.4,4.8,2.3,1.0,0.3,1.7,1.7,16.8
Isaiah Thomas,5,1,114,4.7,14.8,0.319,1.6,7.9,0.2,3.2,6.9,0.455,2.5,3.5,0.727,0.3,2.2,2.5,3.2,0.0,0.6,1.6,3.8,13.6
Matt Thomas,32,0,417,4.3,10.4,0.413,2.8,7.1,0.402,1.5,3.4,0.436,1.1,1.5,0.765,0.3,3.6,3.9,1.6,0.6,0.2,0.5,1.5,12.6
Klay Thompson,12,12,287,9.0,21.2,0.426,4.3,11.3,0.378,4.8,9.9,0.481,2.8,2.8,1.0,0.8,4.3,5.0,4.5,1.0,0.8,2.4,2.1,25.1
Tristan Thompson,30,3,455,6.0,11.9,0.503,0.1,0.1,1.0,5.9,11.9,0.5,2.5,4.7,0.533,5.7,7.0,12.7,1.4,0.9,0.9,2.3,4.1,14.6
JT Thor,15,0,128,3.1,9.0,0.344,1.4,5.6,0.25,1.7,3.4,0.5,2.0,2.8,0.7,1.7,3.7,5.3,2.3,1.1,1.7,1.4,3.9,9.6
Matisse Thybulle,39,24,1034,3.2,6.3,0.503,1.0,3.3,0.316,2.1,3.0,0.709,0.5,0.7,0.684,0.7,2.4,3.1,1.5,2.4,1.5,0.9,3.0,7.8
Killian Tillie,32,3,427,3.5,9.8,0.362,2.2,6.5,0.338,1.3,3.3,0.41,0.4,0.7,0.625,1.7,3.0,4.6,1.7,1.9,1.2,0.9,4.5,9.7
Xavier Tillman Sr.,39,0,510,4.9,10.8,0.451,0.5,2.5,0.2,4.4,8.3,0.525,2.2,3.4,0.646,3.2,4.9,8.2,2.8,2.9,1.0,1.8,3.5,12.4
Isaiah Todd,9,0,35,5.1,15.4,0.333,4.1,10.3,0.4,1.0,5.1,0.2,2.1,4.1,0.5,2.1,7.2,9.3,1.0,2.1,2.1,1.0,1.0,16.5
Obi Toppin,50,2,775,6.8,13.0,0.523,0.9,3.9,0.238,5.9,9.1,0.646,2.9,3.9,0.75,2.1,6.3,8.5,2.1,0.7,1.0,1.7,3.2,17.4
Juan Toscano-Anderson,53,5,799,4.4,9.0,0.49,1.0,3.2,0.306,3.4,5.8,0.594,1.5,2.6,0.596,1.2,5.3,6.5,4.6,1.8,0.7,2.7,3.8,11.4
Karl-Anthony Towns,48,48,1648,9.1,17.4,0.521,2.2,5.5,0.406,6.8,11.9,0.574,5.1,6.2,0.817,2.9,7.1,10.0,4.2,1.0,1.2,3.5,3.8,25.4
Gary Trent Jr.,44,43,1533,6.8,15.9,0.431,3.3,8.1,0.401,3.6,7.7,0.463,1.9,2.3,0.818,0.4,2.4,2.8,2.0,2.0,0.3,1.0,2.2,18.8
P.J. Tucker,48,47,1359,4.0,8.0,0.503,1.8,3.9,0.469,2.2,4.1,0.535,0.9,1.2,0.723,1.8,5.1,6.9,2.7,1.1,0.3,1.2,3.0,10.8
Rayjon Tucker,3,0,29,1.2,2.5,0.5,1.2,2.5,0.5,0.0,0.0,,3.7,5.0,0.75,1.2,3.7,5.0,5.0,1.2,0.0,0.0,3.7,7.4
Myles Turner,42,42,1235,5.8,11.5,0.509,1.8,5.3,0.333,4.1,6.1,0.662,2.3,3.1,0.752,1.9,6.8,8.7,1.3,0.8,3.4,1.6,3.5,15.7
Jonas Valančiūnas,48,48,1503,8.0,15.0,0.529,1.1,2.7,0.402,6.9,12.4,0.556,3.8,4.6,0.814,3.9,9.5,13.4,2.9,0.6,1.0,2.9,3.8,20.8
Denzel Valentine,24,0,222,4.1,10.7,0.379,3.1,7.6,0.404,1.0,3.1,0.316,0.0,0.0,,1.5,5.4,6.8,1.8,1.3,0.0,1.9,3.2,11.2
Jarred Vanderbilt,50,43,1301,4.2,7.1,0.592,0.1,0.3,0.182,4.1,6.8,0.611,1.6,2.5,0.663,4.4,8.1,12.5,1.9,2.1,1.0,1.4,3.6,10.0
Fred VanVleet,48,48,1851,6.8,16.3,0.418,3.7,9.4,0.397,3.1,6.9,0.445,2.8,3.2,0.873,0.7,3.6,4.3,6.6,1.6,0.5,2.5,2.2,20.1
Devin Vassell,47,8,1195,6.2,14.3,0.432,2.5,7.2,0.345,3.7,7.1,0.521,1.3,1.6,0.792,0.8,5.3,6.1,2.2,1.4,0.9,1.1,3.0,16.1
Gabe Vincent,46,19,1099,5.1,11.9,0.431,2.9,7.4,0.392,2.2,4.4,0.496,1.0,1.3,0.8,0.6,2.5,3.0,5.0,1.5,0.4,2.4,3.7,14.2
Nikola Vučević,48,48,1618,7.9,17.0,0.466,1.7,5.1,0.329,6.2,11.8,0.525,1.2,1.7,0.727,2.2,10.3,12.4,3.9,1.0,1.3,1.9,2.6,18.7
Dean Wade,40,22,763,3.5,7.9,0.449,1.9,5.3,0.366,1.6,2.6,0.618,0.7,1.1,0.609,1.2,4.5,5.7,2.1,1.0,0.2,0.8,3.0,9.7
Franz Wagner,56,56,1795,6.7,14.5,0.464,1.4,3.9,0.359,5.3,10.6,0.503,2.7,3.2,0.85,1.2,4.0,5.2,3.3,1.0,0.5,1.8,2.4,17.6
Moritz Wagner,45,0,564,7.6,15.2,0.5,2.6,7.9,0.331,5.0,7.3,0.684,4.0,5.0,0.797,1.4,5.6,7.0,3.1,0.8,0.6,2.0,5.2,21.8
Ish Wainright,27,0,201,3.8,10.4,0.362,1.6,5.6,0.29,2.1,4.8,0.444,0.4,0.9,0.4,3.4,2.9,6.3,1.6,1.4,0.7,1.8,5.7,9.5
Kemba Walker,33,33,853,5.7,14.1,0.401,2.7,7.5,0.365,2.9,6.6,0.442,2.1,2.5,0.817,0.5,3.9,4.4,4.9,1.1,0.2,1.9,1.5,16.1
Lonnie Walker IV,50,6,1133,6.4,16.6,0.388,2.2,7.6,0.294,4.2,9.0,0.466,2.4,2.8,0.831,0.4,3.7,4.0,3.7,1.1,0.5,1.7,2.3,17.4
M.J. Walker,2,0,8,0.0,18.0,0.0,0.0,9.0,0.0,0.0,9.0,0.0,0.0,0.0,,0.0,4.5,4.5,4.5,9.0,0.0,0.0,4.5,0.0
Derrick Walton,3,3,108,2.0,8.7,0.231,1.0,4.3,0.231,1.0,4.3,0.231,1.3,1.3,1.0,0.7,2.7,3.3,7.0,2.3,1.3,3.7,2.7,6.3
Brad Wanamaker,23,2,320,3.2,8.7,0.364,0.5,1.9,0.235,2.7,6.8,0.4,2.6,2.8,0.92,0.7,3.7,4.4,6.2,0.8,0.7,2.6,5.1,9.3
Duane Washington Jr.,24,7,505,6.1,16.0,0.384,2.9,8.2,0.348,3.3,7.8,0.422,1.5,1.9,0.808,0.1,3.4,3.5,3.5,0.8,0.1,1.8,2.1,16.6
P.J. Washington,39,4,958,5.1,11.5,0.446,2.7,6.9,0.386,2.4,4.5,0.537,1.6,2.2,0.729,1.9,6.1,8.0,3.0,1.1,1.3,2.0,3.6,14.5
Yuta Watanabe,23,4,353,4.2,10.5,0.398,2.0,5.8,0.351,2.1,4.7,0.457,1.4,2.7,0.538,1.4,5.7,7.1,1.5,0.7,1.0,1.6,3.2,11.8
Tremont Waters,3,0,50,2.9,10.1,0.286,1.4,6.5,0.222,1.4,3.6,0.4,0.0,0.0,,0.0,2.9,2.9,5.0,3.6,0.0,2.9,2.9,7.2
Trendon Watford,30,0,364,5.5,9.5,0.583,0.0,1.0,0.0,5.5,8.5,0.651,2.1,3.1,0.677,2.4,6.2,8.6,2.7,0.9,1.4,2.0,4.8,13.2
Paul Watson,9,3,156,2.8,8.1,0.343,1.4,6.0,0.231,1.4,2.1,0.667,0.2,0.5,0.5,0.7,5.5,6.2,1.8,0.7,0.7,0.9,2.3,7.2
Quinndary Weatherspoon,5,0,33,6.5,10.9,0.6,0.0,1.1,0.0,6.5,9.8,0.667,2.2,2.2,1.0,1.1,5.5,6.5,2.2,1.1,1.1,3.3,7.6,15.3
Russell Westbrook,55,55,1902,7.2,16.6,0.435,1.1,3.6,0.298,6.1,13.0,0.473,3.5,5.3,0.665,1.4,6.7,8.1,7.9,1.1,0.3,4.2,3.1,19.0
Coby White,35,12,961,6.1,14.0,0.437,2.7,7.5,0.362,3.4,6.6,0.523,2.0,2.4,0.841,0.4,3.2,3.6,3.4,0.6,0.4,1.6,2.9,17.0
Derrick White,49,48,1486,5.9,13.8,0.426,2.0,6.3,0.314,3.9,7.6,0.519,3.4,3.9,0.869,0.6,3.6,4.2,6.6,1.2,1.0,2.1,2.8,17.1
Hassan Whiteside,43,7,786,6.7,10.7,0.627,0.0,0.0,,6.7,10.7,0.627,3.4,5.2,0.655,4.6,10.0,14.6,0.8,0.6,2.9,1.8,5.9,16.8
Joe Wieskamp,14,0,88,5.3,11.0,0.481,3.3,7.4,0.444,2.0,3.7,0.556,1.2,2.9,0.429,0.8,2.0,2.9,1.6,0.8,0.8,0.4,2.0,15.1
Aaron Wiggins,31,18,680,4.5,9.3,0.486,1.4,4.2,0.329,3.1,5.1,0.615,1.7,2.5,0.702,1.5,4.2,5.8,1.7,1.2,0.3,1.4,3.0,12.1
Andrew Wiggins,50,50,1580,7.7,16.0,0.484,2.6,6.3,0.415,5.1,9.7,0.528,2.5,3.7,0.669,1.1,3.7,4.8,2.4,1.1,0.8,1.7,2.2,20.5
Lindell Wigginton,6,0,25,8.6,8.6,1.0,2.9,2.9,1.0,5.8,5.8,1.0,0.0,0.0,,0.0,1.4,1.4,4.3,2.9,1.4,1.4,4.3,20.2
Brandon Williams,2,0,12,6.0,9.0,0.667,0.0,0.0,,6.0,9.0,0.667,12.0,21.0,0.571,0.0,6.0,6.0,6.0,0.0,0.0,0.0,0.0,24.0
Grant Williams,51,13,1165,3.9,8.0,0.483,2.3,5.4,0.429,1.5,2.6,0.595,1.3,1.5,0.896,1.2,3.9,5.1,1.7,0.8,1.1,1.2,3.4,11.4
Kenrich Williams,46,0,995,4.8,10.8,0.448,1.4,4.1,0.351,3.4,6.7,0.508,0.8,1.6,0.523,2.6,4.7,7.3,3.6,1.5,0.3,1.7,2.7,12.0
Lou Williams,37,0,541,6.0,15.0,0.398,1.9,5.3,0.354,4.1,9.8,0.422,3.2,3.6,0.889,0.7,3.1,3.9,4.9,1.3,0.2,1.9,2.4,17.0
Patrick Williams,5,5,125,3.7,6.6,0.565,0.9,1.7,0.5,2.9,4.9,0.588,1.2,1.2,1.0,0.3,2.9,3.2,0.9,0.9,0.6,0.6,2.6,9.5
Robert Williams,45,45,1335,5.3,7.2,0.737,0.0,0.0,0.0,5.3,7.1,0.74,1.4,1.9,0.708,4.7,6.8,11.5,2.4,1.1,2.7,1.4,2.5,11.9
Ziaire Williams,36,15,775,4.8,11.1,0.433,1.8,6.5,0.281,3.0,4.7,0.644,0.9,1.0,0.864,0.5,2.6,3.1,1.5,0.9,0.3,0.9,3.3,12.4
D.J. Wilson,3,1,48,6.0,8.2,0.727,0.0,1.5,0.0,6.0,6.8,0.889,6.0,7.5,0.8,0.7,9.7,10.5,3.0,3.7,0.7,1.5,3.7,18.0
Dylan Windler,37,0,344,3.5,8.1,0.429,2.2,5.7,0.389,1.3,2.4,0.522,0.7,0.9,0.778,1.5,5.0,6.5,2.6,0.9,0.2,1.4,3.9,9.8
Justise Winslow,40,3,565,4.8,10.8,0.45,0.4,2.6,0.171,4.4,8.2,0.539,1.7,2.7,0.605,2.1,7.8,9.9,3.8,1.7,1.3,2.7,3.2,11.8
Cassius Winston,2,0,7,0.0,10.3,0.0,0.0,10.3,0.0,0.0,0.0,,10.3,10.3,1.0,0.0,0.0,0.0,10.3,0.0,0.0,5.1,0.0,10.3
Christian Wood,51,50,1584,7.5,15.6,0.483,2.2,5.8,0.374,5.4,9.8,0.546,3.4,5.5,0.617,2.0,9.9,11.9,2.5,0.9,1.1,2.2,2.9,20.6
Robert Woodard II,12,0,42,1.7,13.7,0.125,0.9,3.4,0.25,0.9,10.3,0.083,1.7,1.7,1.0,4.3,5.1,9.4,2.6,0.9,0.9,0.9,2.6,6.0
Delon Wright,49,5,893,3.1,7.0,0.439,1.0,2.7,0.388,2.0,4.3,0.472,1.3,1.6,0.825,1.3,4.0,5.3,5.0,2.0,0.4,1.3,1.5,8.5
McKinley Wright IV,3,0,9,8.0,12.0,0.667,4.0,8.0,0.5,4.0,4.0,1.0,0.0,0.0,,0.0,0.0,0.0,4.0,0.0,0.0,4.0,4.0,20.0
Moses Wright,1,0,1,0.0,0.0,,0.0,0.0,,0.0,0.0,,0.0,0.0,,0.0,0.0,0.0,36.0,0.0,0.0,0.0,0.0,0.0
Thaddeus Young,26,1,370,7.2,12.5,0.578,0.0,0.5,0.0,7.2,12.0,0.602,1.0,2.1,0.455,3.9,5.2,9.0,5.7,2.2,0.7,2.9,3.7,15.4
Trae Young,49,49,1692,9.8,21.5,0.458,3.1,8.1,0.379,6.8,13.4,0.506,6.3,7.0,0.894,0.6,3.4,4.1,9.7,1.0,0.1,4.3,1.7,29.0
Omer Yurtseven,39,10,558,6.5,12.5,0.523,0.1,0.5,0.143,6.5,12.0,0.538,2.1,3.2,0.64,4.3,10.8,15.1,2.7,1.0,1.2,2.2,4.4,15.2
Cody Zeller,27,0,355,5.2,9.1,0.567,0.0,0.4,0.0,5.2,8.7,0.593,3.9,5.0,0.776,5.1,7.6,12.7,2.2,0.8,0.6,1.9,5.7,14.2
Ivica Zubac,50,50,1197,5.4,8.3,0.649,0.0,0.0,,5.4,8.3,0.649,3.4,4.7,0.735,3.9,8.1,12.0,1.9,0.7,1.5,2.1,3.7,14.2
