Player,G,MP,PER,TS%,3PAr,FTr,ORB%,DRB%,TRB%,AST%,STL%,BLK%,TOV%,USG%,Unnamed: 19,OWS,DWS,WS,WS/48,Unnamed: 24,OBPM,DBPM,BPM,VORP
Precious Achiuwa,44,1047,11.9,0.462,0.163,0.211,10.0,23.3,16.3,7.0,1.1,2.5,10.8,16.7,,0.1,1.2,1.3,0.059,,-2.5,-0.7,-3.2,-0.3
Steven Adams,52,1354,17.0,0.555,0.0,0.53,17.3,21.1,19.2,15.2,1.7,2.2,21.2,12.1,,2.4,1.8,4.2,0.147,,0.8,0.5,1.3,1.1
Bam Adebayo,30,985,20.2,0.578,0.008,0.455,9.2,24.9,17.1,17.8,2.4,2.1,15.8,25.4,,1.5,1.8,3.3,0.161,,0.9,2.0,2.9,1.2
Santi Aldama,27,277,8.6,0.425,0.402,0.206,8.6,15.9,12.2,6.7,0.3,2.3,7.8,17.2,,-0.1,0.2,0.1,0.025,,-4.6,-2.1,-6.7,-0.3
LaMarcus Aldridge,36,825,20.2,0.601,0.102,0.182,7.2,18.8,13.2,6.2,0.8,4.2,7.4,22.8,,1.6,0.8,2.4,0.142,,1.5,-0.7,0.7,0.6
Nickeil Alexander-Walker,50,1317,10.8,0.474,0.483,0.153,2.9,10.9,6.8,17.0,1.5,1.4,11.2,24.9,,-1.0,0.8,-0.2,-0.007,,-1.5,-1.6,-3.1,-0.4
Grayson Allen,46,1298,13.2,0.584,0.68,0.128,2.1,10.7,6.5,7.6,1.4,1.1,5.7,16.2,,2.0,1.2,3.1,0.115,,0.7,-0.2,0.4,0.8
Jarrett Allen,47,1531,23.2,0.686,0.022,0.439,12.4,24.2,18.5,8.9,1.2,3.7,13.0,18.3,,4.7,3.0,7.7,0.241,,2.7,1.4,4.1,2.4
Jose Alvarado,27,335,15.9,0.503,0.412,0.176,2.9,9.1,5.9,24.7,4.4,0.9,7.2,17.8,,0.4,0.4,0.9,0.125,,-1.1,3.0,1.8,0.3
Justin Anderson,6,77,8.4,0.476,0.789,0.368,2.8,11.0,7.1,15.6,1.3,1.1,12.0,14.2,,0.0,0.1,0.1,0.065,,-3.9,-0.4,-4.3,0.0
Kyle Anderson,43,955,14.4,0.497,0.244,0.225,4.4,20.9,12.5,15.7,2.5,2.5,11.2,16.7,,0.6,1.5,2.1,0.106,,-0.8,1.5,0.7,0.6
Giannis Antetokounmpo,46,1499,32.1,0.627,0.21,0.599,6.2,29.7,18.2,33.8,1.5,4.3,12.5,35.1,,6.4,2.7,9.1,0.293,,7.6,3.6,11.2,5.0
Thanasis Antetokounmpo,33,347,9.2,0.492,0.133,0.289,9.3,13.9,11.7,7.4,1.8,2.3,16.9,13.9,,0.0,0.4,0.4,0.062,,-5.2,0.6,-4.6,-0.2
Carmelo Anthony,50,1327,15.1,0.583,0.565,0.227,3.3,13.2,8.3,5.8,1.3,2.8,7.1,20.1,,1.8,1.2,3.0,0.11,,0.7,-0.6,0.0,0.7
Cole Anthony,42,1396,14.8,0.516,0.429,0.27,2.1,16.8,9.4,30.4,1.3,0.8,13.9,26.2,,0.3,1.0,1.3,0.046,,0.1,-0.8,-0.6,0.5
OG Anunoby,38,1413,15.6,0.549,0.449,0.178,4.5,12.7,8.4,11.1,2.2,1.6,9.8,21.4,,1.7,1.4,3.1,0.107,,0.8,0.1,0.9,1.0
Trevor Ariza,18,350,8.2,0.518,0.826,0.145,1.5,16.5,9.1,8.5,1.4,1.0,9.8,10.0,,0.1,0.3,0.4,0.061,,-2.4,0.2,-2.2,0.0
D.J. Augustin,34,510,10.0,0.596,0.706,0.279,1.5,7.4,4.4,20.9,0.9,0.0,22.8,16.4,,0.3,-0.1,0.2,0.019,,-1.2,-3.1,-4.3,-0.3
Deni Avdija,53,1206,11.7,0.544,0.447,0.233,3.1,19.7,11.6,10.1,1.6,2.1,11.5,14.8,,0.6,1.3,1.9,0.075,,-2.0,1.0,-1.0,0.3
Joel Ayayi,7,20,3.6,0.167,0.167,0.0,5.5,10.6,8.1,25.9,0.0,0.0,0.0,13.3,,0.0,0.0,0.0,-0.094,,-4.1,-1.8,-5.9,0.0
Deandre Ayton,33,967,22.1,0.656,0.022,0.25,10.2,26.9,18.8,7.9,1.4,2.3,12.2,20.5,,2.4,1.8,4.2,0.21,,2.4,1.1,3.6,1.4
Udoka Azubuike,13,149,14.2,0.659,0.0,0.265,9.9,27.4,19.0,0.0,0.3,5.8,20.9,14.0,,0.1,0.2,0.3,0.109,,-3.3,0.3,-3.0,0.0
Marvin Bagley III,30,656,14.6,0.521,0.252,0.191,10.9,24.4,17.6,3.9,0.7,1.4,7.3,18.7,,0.6,0.4,1.0,0.073,,-0.8,-2.6,-3.4,-0.3
LaMelo Ball,49,1589,19.8,0.54,0.424,0.208,5.1,18.3,11.5,35.4,2.3,1.2,14.6,28.0,,2.3,1.5,3.7,0.113,,3.1,0.2,3.3,2.1
Lonzo Ball,35,1212,14.7,0.575,0.679,0.073,3.2,14.1,8.7,20.0,2.6,2.2,17.2,17.3,,1.0,1.4,2.4,0.095,,1.2,1.4,2.6,1.4
Mo Bamba,45,1180,16.1,0.563,0.436,0.126,8.6,24.0,16.3,8.0,1.2,6.7,12.4,16.9,,0.9,1.7,2.6,0.105,,-0.7,1.1,0.4,0.7
Desmond Bane,52,1564,16.8,0.578,0.477,0.116,2.0,13.8,7.8,12.3,1.8,1.4,8.9,22.9,,2.7,1.7,4.3,0.133,,2.0,-0.2,1.8,1.5
Dalano Banton,43,505,9.5,0.462,0.255,0.188,5.5,15.1,10.1,19.5,2.1,1.5,21.8,17.5,,-0.4,0.5,0.1,0.012,,-3.7,0.2,-3.6,-0.2
Cat Barber,3,13,-11.2,0.0,0.0,1.0,8.5,16.6,12.6,27.0,0.0,0.0,14.8,22.8,,-0.1,0.0,-0.1,-0.456,,-15.8,-7.7,-23.5,-0.1
Harrison Barnes,52,1755,16.8,0.623,0.439,0.498,3.5,16.2,9.8,10.9,1.0,0.4,10.3,19.4,,4.0,0.6,4.6,0.125,,2.3,-1.4,0.9,1.3
Scottie Barnes,45,1620,15.3,0.543,0.217,0.252,7.3,16.2,11.5,14.1,1.3,2.2,12.4,18.5,,2.1,1.5,3.6,0.108,,0.0,0.0,0.0,0.8
RJ Barrett,48,1587,13.4,0.513,0.365,0.3,2.7,15.8,9.2,13.5,0.8,0.9,10.1,26.0,,0.2,1.3,1.5,0.046,,-0.2,-1.3,-1.6,0.2
Will Barton,47,1533,14.8,0.551,0.467,0.129,2.4,14.4,8.5,19.0,1.3,1.5,11.7,21.7,,1.2,1.4,2.6,0.081,,1.2,-0.6,0.6,1.0
Paris Bass,2,7,14.5,0.436,0.333,0.333,31.1,29.6,30.3,0.0,6.9,0.0,22.5,54.7,,0.0,0.0,0.0,-0.153,,-11.0,-1.4,-12.4,0.0
Charles Bassey,22,161,21.4,0.669,0.093,0.256,14.0,27.1,20.7,6.7,1.2,9.4,14.3,15.7,,0.4,0.3,0.7,0.221,,-0.5,2.4,1.8,0.2
Keita Bates-Diop,42,701,11.9,0.561,0.228,0.228,6.8,18.7,12.7,4.7,1.3,1.5,12.5,14.0,,0.4,0.7,1.1,0.077,,-2.2,-0.6,-2.8,-0.1
Nicolas Batum,35,871,14.3,0.635,0.724,0.103,2.0,16.3,9.3,9.2,2.0,2.5,10.0,13.5,,1.2,1.2,2.4,0.131,,0.6,1.9,2.6,1.0
Kent Bazemore,31,455,6.8,0.451,0.546,0.143,2.1,10.4,6.3,8.4,2.1,1.2,7.3,12.9,,-0.1,0.4,0.3,0.033,,-4.6,0.9,-3.7,-0.2
Darius Bazley,49,1309,11.9,0.493,0.403,0.262,4.3,20.5,12.2,6.9,1.5,4.0,12.4,17.9,,-0.7,1.9,1.1,0.041,,-2.6,0.7,-2.0,0.0
Bradley Beal,40,1439,18.1,0.539,0.272,0.263,2.9,11.1,7.1,31.8,1.2,0.9,13.6,30.7,,1.1,0.8,1.9,0.062,,2.2,-1.3,0.9,1.0
Malik Beasley,55,1421,11.1,0.517,0.714,0.063,1.5,11.3,6.2,8.5,1.0,0.6,5.3,20.3,,0.8,0.8,1.5,0.052,,0.1,-1.7,-1.7,0.1
Jordan Bell,1,2,30.0,,,,56.0,0.0,27.8,0.0,24.4,0.0,,0.0,,0.0,0.0,0.0,0.612,,-7.7,10.6,3.0,0.0
DeAndre' Bembry,48,949,12.6,0.609,0.169,0.164,4.4,12.6,8.6,8.6,2.4,2.3,11.6,11.8,,1.1,1.0,2.1,0.108,,-1.9,1.3,-0.6,0.3
Dāvis Bertāns,34,501,8.6,0.527,0.842,0.175,1.3,11.7,6.6,4.5,1.1,1.0,7.1,17.6,,0.1,0.3,0.4,0.035,,-2.4,-1.3,-3.7,-0.2
Patrick Beverley,36,931,15.3,0.523,0.522,0.246,4.4,14.3,9.2,26.5,2.1,3.4,11.6,15.5,,1.7,1.1,2.7,0.142,,0.9,2.2,3.1,1.2
Saddiq Bey,54,1807,13.0,0.509,0.526,0.207,4.1,15.1,9.2,13.4,1.3,0.6,7.8,21.2,,0.9,1.0,1.8,0.049,,0.2,-1.4,-1.1,0.4
Khem Birch,27,508,14.5,0.538,0.075,0.415,13.0,13.7,13.3,8.1,1.9,2.3,11.9,12.0,,0.9,0.5,1.4,0.13,,-0.8,0.3,-0.5,0.2
Goga Bitadze,32,359,14.4,0.506,0.344,0.351,13.4,14.6,14.0,7.9,1.6,5.1,14.2,21.2,,0.1,0.4,0.4,0.06,,-3.2,-0.9,-4.1,-0.2
Bismack Biyombo,15,290,21.6,0.611,0.0,0.528,16.5,21.4,19.0,6.9,1.5,4.3,9.9,18.1,,0.8,0.6,1.4,0.225,,1.0,0.2,1.2,0.2
Nemanja Bjelica,49,755,14.7,0.558,0.461,0.244,6.3,21.8,14.3,17.5,2.0,2.2,16.8,19.5,,0.5,1.5,2.1,0.132,,-0.9,2.2,1.3,0.6
Eric Bledsoe,54,1361,12.8,0.514,0.348,0.25,2.2,11.6,7.0,24.6,2.5,1.2,18.3,20.4,,-0.3,1.7,1.4,0.05,,-1.9,1.0,-0.9,0.4
Keljin Blevins,12,73,4.0,0.503,0.609,0.087,2.9,9.2,6.0,8.0,0.0,0.0,20.1,17.9,,-0.1,0.0,-0.1,-0.084,,-4.8,-5.2,-10.0,-0.1
Bogdan Bogdanović,36,1027,12.9,0.544,0.595,0.115,1.2,13.0,7.2,14.7,1.4,0.6,8.4,19.2,,1.0,0.4,1.4,0.065,,0.2,-0.5,-0.3,0.4
Bojan Bogdanović,53,1641,16.0,0.599,0.477,0.284,3.0,11.9,7.7,8.6,0.7,0.1,9.8,23.4,,3.2,1.1,4.3,0.125,,1.8,-1.6,0.2,0.9
Bol Bol,14,81,13.9,0.565,0.148,0.185,5.6,21.6,13.8,9.3,0.6,2.3,12.0,18.2,,0.0,0.1,0.1,0.071,,-0.3,-0.5,-0.8,0.0
Leandro Bolmaro,25,188,3.7,0.389,0.375,0.281,8.2,11.7,9.9,7.3,1.3,0.0,25.0,10.6,,-0.2,0.1,-0.1,-0.018,,-6.0,-0.7,-6.7,-0.2
Isaac Bonga,13,66,7.6,0.352,0.308,0.462,6.3,5.2,5.8,5.8,5.3,3.0,11.3,11.5,,-0.1,0.1,0.1,0.039,,-5.8,3.8,-1.9,0.0
Devin Booker,47,1598,20.2,0.558,0.343,0.244,2.5,13.8,8.3,20.6,1.4,0.8,9.4,32.2,,2.5,2.1,4.7,0.14,,3.2,-0.3,3.0,2.0
Brandon Boston Jr.,39,605,9.9,0.462,0.352,0.215,2.3,13.3,8.0,8.5,1.6,1.4,8.5,22.1,,-0.6,0.7,0.1,0.004,,-3.5,-0.7,-4.3,-0.3
Chris Boucher,51,1028,18.3,0.561,0.391,0.335,10.8,21.5,15.9,2.6,1.7,5.2,7.2,18.5,,2.0,1.5,3.5,0.162,,0.3,-0.3,0.1,0.5
James Bouknight,25,249,11.3,0.481,0.36,0.237,7.0,9.2,8.0,10.9,1.0,0.0,7.4,23.1,,0.1,0.0,0.1,0.022,,-2.5,-4.2,-6.8,-0.3
Avery Bradley,48,1139,7.7,0.53,0.59,0.048,2.5,7.9,5.2,4.7,1.9,0.7,9.9,12.5,,0.1,0.9,0.9,0.039,,-3.7,0.0,-3.7,-0.5
Tony Bradley,41,474,14.7,0.598,0.0,0.19,12.8,23.5,18.2,6.0,1.0,5.1,18.6,13.0,,0.6,0.6,1.2,0.12,,-1.9,0.2,-1.6,0.0
Ignas Brazdeikis,25,228,8.2,0.465,0.465,0.169,4.7,11.2,8.0,12.4,1.3,0.4,9.5,16.0,,0.0,0.1,0.1,0.017,,-3.9,-1.1,-5.0,-0.2
Mikal Bridges,54,1877,14.0,0.617,0.377,0.149,3.2,9.7,6.5,8.4,1.7,1.2,6.8,14.1,,3.4,2.5,5.8,0.149,,0.4,1.3,1.7,1.8
Miles Bridges,54,1941,17.7,0.582,0.383,0.263,3.3,18.0,10.4,14.9,1.4,2.5,9.6,22.2,,3.3,1.5,4.7,0.117,,1.4,-0.2,1.2,1.6
Oshae Brissett,43,822,11.3,0.511,0.454,0.307,7.5,17.9,12.6,5.3,1.5,1.4,10.3,15.8,,0.4,0.6,1.0,0.057,,-1.5,-1.2,-2.7,-0.1
Malcolm Brogdon,28,934,18.4,0.558,0.365,0.297,2.8,14.3,8.5,27.9,1.3,1.0,11.6,24.3,,1.8,0.5,2.3,0.12,,2.9,-0.2,2.6,1.1
Armoni Brooks,41,690,8.7,0.49,0.849,0.076,1.9,11.0,6.4,10.5,1.4,1.1,8.1,17.3,,-0.1,0.1,0.1,0.005,,-2.4,-2.0,-4.3,-0.4
Dillon Brooks,21,587,15.9,0.521,0.297,0.212,3.0,9.5,6.2,15.2,2.2,0.6,9.1,28.8,,0.5,0.6,1.1,0.089,,-0.5,-0.7,-1.2,0.1
Bruce Brown,45,924,11.7,0.524,0.154,0.174,6.6,15.6,11.2,7.8,2.2,2.2,10.7,13.6,,0.6,1.0,1.6,0.083,,-2.9,0.9,-2.0,0.0
Charlie Brown Jr.,17,166,6.0,0.329,0.333,0.222,9.5,11.2,10.4,4.0,2.7,2.2,11.2,12.1,,-0.2,0.2,0.0,0.004,,-5.5,0.1,-5.5,-0.1
Chaundee Brown Jr.,5,104,6.6,0.447,0.563,0.188,1.1,15.5,8.4,5.2,0.9,0.0,2.8,15.0,,0.0,0.0,0.0,0.003,,-4.1,-2.4,-6.5,-0.1
Greg Brown III,25,173,15.5,0.516,0.271,0.4,9.9,18.2,14.0,5.6,1.7,3.9,9.9,23.0,,0.1,0.1,0.2,0.06,,-2.1,-1.6,-3.7,-0.1
Jaylen Brown,42,1435,18.7,0.568,0.404,0.256,2.6,17.7,10.2,16.7,1.6,1.0,12.2,30.8,,1.2,2.2,3.4,0.115,,2.2,0.2,2.4,1.5
Moses Brown,26,169,15.7,0.588,0.0,0.86,10.3,29.4,19.7,0.9,0.9,4.8,16.9,22.0,,0.1,0.3,0.4,0.12,,-4.4,-0.2,-4.6,-0.1
Sterling Brown,36,513,9.4,0.523,0.617,0.086,4.7,22.4,13.4,7.9,1.2,0.9,13.7,13.4,,0.1,0.8,0.8,0.076,,-2.6,0.5,-2.1,0.0
Troy Brown Jr.,44,782,10.5,0.535,0.484,0.133,4.2,16.1,10.2,8.7,1.6,0.4,9.1,12.3,,0.6,0.6,1.2,0.075,,-1.5,-0.3,-1.8,0.0
Jalen Brunson,54,1708,17.8,0.578,0.233,0.199,1.9,11.4,6.6,28.5,1.4,0.2,11.0,22.1,,3.5,2.0,5.4,0.152,,1.3,0.2,1.5,1.5
Thomas Bryant,11,177,12.8,0.547,0.339,0.274,6.9,15.6,11.3,5.1,0.8,2.4,10.3,19.4,,0.1,0.1,0.2,0.064,,-1.8,-1.2,-3.0,0.0
Shaq Buchanan,2,10,0.8,0.25,0.5,0.0,10.3,10.8,10.5,25.4,4.8,0.0,33.3,24.8,,-0.1,0.0,0.0,-0.235,,-10.9,-0.2,-11.1,0.0
Reggie Bullock,47,1164,9.9,0.565,0.759,0.101,1.9,13.4,7.6,6.0,1.1,0.5,7.0,13.7,,0.8,1.3,2.2,0.089,,-1.2,0.0,-1.2,0.2
Trey Burke,30,334,13.1,0.519,0.4,0.103,1.0,8.3,4.6,22.4,1.5,0.0,10.9,25.9,,0.0,0.4,0.4,0.056,,-1.4,-0.9,-2.3,0.0
Alec Burks,54,1445,14.1,0.549,0.524,0.37,2.4,15.0,8.6,14.5,2.1,1.0,8.9,18.2,,2.1,1.6,3.7,0.124,,-0.5,1.1,0.6,1.0
Jared Butler,26,206,10.4,0.509,0.523,0.14,1.7,9.6,5.8,20.8,1.9,2.9,19.4,23.9,,-0.2,0.2,0.1,0.015,,-3.1,0.0,-3.0,-0.1
Jimmy Butler,36,1215,26.0,0.601,0.125,0.531,6.3,14.4,10.3,30.6,2.7,1.4,10.3,26.5,,4.9,1.9,6.8,0.268,,5.9,2.4,8.3,3.1
Devontae Cacok,8,67,27.8,0.69,0.0,0.304,7.7,34.7,21.0,4.5,2.9,8.7,3.7,17.1,,0.2,0.2,0.4,0.275,,3.5,4.5,8.0,0.2
Kentavious Caldwell-Pope,50,1461,10.7,0.53,0.522,0.142,1.7,10.7,6.3,8.5,1.8,1.1,10.1,18.0,,0.1,1.0,1.1,0.036,,-1.7,-0.2,-1.9,0.0
Facundo Campazzo,51,1024,12.0,0.525,0.639,0.259,1.9,8.3,5.2,24.6,2.6,1.8,17.4,14.9,,0.8,1.2,2.0,0.093,,-1.7,1.1,-0.6,0.4
Vlatko Čančar,14,152,14.2,0.678,0.308,0.308,4.5,12.2,8.5,12.1,0.7,1.8,15.3,15.2,,0.3,0.1,0.4,0.127,,0.0,-0.6,-0.6,0.1
Clint Capela,46,1295,21.0,0.573,0.003,0.289,15.0,31.9,23.6,7.5,1.3,4.4,5.4,15.7,,3.4,1.7,5.0,0.186,,2.0,-0.1,1.9,1.3
Vernon Carey Jr.,4,17,17.5,0.546,0.0,0.5,18.0,12.8,15.5,0.0,2.8,0.0,12.0,20.7,,0.0,0.0,0.0,0.101,,-2.6,-5.3,-7.9,0.0
Jevon Carter,41,484,6.9,0.458,0.721,0.054,1.6,10.8,6.3,10.9,1.4,1.8,11.2,15.1,,-0.3,0.3,0.0,0.005,,-3.5,-0.8,-4.2,-0.3
Wendell Carter Jr.,47,1376,17.8,0.59,0.346,0.299,7.4,29.7,18.5,14.9,1.1,2.2,12.8,19.7,,2.0,1.7,3.7,0.129,,0.9,0.4,1.3,1.2
Alex Caruso,28,775,14.0,0.563,0.478,0.324,3.6,11.8,7.7,18.3,3.4,1.2,16.1,14.1,,0.9,0.9,1.9,0.115,,-1.0,2.8,1.8,0.7
Willie Cauley-Stein,18,177,8.5,0.474,0.057,0.057,8.0,15.6,11.7,7.1,1.7,1.5,16.3,10.8,,0.0,0.3,0.2,0.067,,-4.0,0.9,-3.1,0.0
Ahmad Caver,1,1,78.6,1.0,0.0,0.0,0.0,0.0,0.0,0.0,0.0,0.0,0.0,43.2,,0.0,0.0,0.0,1.256,,30.2,6.3,36.5,0.0
Justin Champagnie,30,252,14.7,0.594,0.367,0.15,15.2,12.2,13.8,5.0,1.4,1.5,9.9,12.1,,0.6,0.2,0.8,0.152,,-0.7,-1.0,-1.7,0.0
Zylan Cheatham,1,5,-23.7,0.0,0.667,0.0,0.0,0.0,0.0,0.0,0.0,0.0,0.0,26.1,,-0.1,0.0,-0.1,-0.62,,-18.8,-11.4,-30.2,0.0
Chris Chiozza,26,279,5.2,0.42,0.662,0.015,3.2,8.3,5.8,22.0,1.6,0.0,25.2,13.6,,-0.2,0.4,0.1,0.02,,-5.1,-0.3,-5.4,-0.2
Marquese Chriss,22,251,14.9,0.541,0.204,0.194,8.6,25.5,17.0,7.7,2.2,3.6,13.8,22.0,,0.0,0.5,0.5,0.103,,-4.0,1.1,-2.9,-0.1
Josh Christopher,46,765,13.4,0.564,0.381,0.228,4.4,8.9,6.7,16.8,2.4,0.7,17.8,20.8,,0.2,0.3,0.5,0.03,,-1.1,-1.5,-2.6,-0.1
Gary Clark,22,241,10.5,0.529,0.818,0.109,6.2,18.2,12.1,4.6,1.4,2.4,8.0,11.2,,0.2,0.2,0.4,0.078,,-0.6,-0.5,-1.1,0.1
Brandon Clarke,41,766,25.0,0.678,0.066,0.279,10.7,19.0,14.7,11.6,1.2,5.3,6.1,17.6,,3.1,1.0,4.1,0.258,,3.9,0.8,4.7,1.3
Jordan Clarkson,52,1381,14.0,0.519,0.573,0.144,3.4,10.4,7.0,14.1,1.3,0.8,10.0,27.1,,0.6,1.2,1.8,0.062,,0.4,-1.5,-1.1,0.3
Nic Claxton,25,530,18.8,0.639,0.0,0.342,11.4,16.8,14.2,5.9,1.1,4.7,9.2,16.0,,1.3,0.5,1.8,0.166,,0.4,-0.5,-0.1,0.2
Amir Coffey,43,949,14.0,0.628,0.598,0.272,2.4,11.9,7.3,10.6,1.1,0.9,6.7,14.4,,2.0,0.9,2.8,0.142,,0.7,0.2,1.0,0.7
John Collins,49,1543,20.2,0.626,0.263,0.268,6.3,21.4,13.9,9.4,1.0,3.2,7.5,20.5,,4.2,1.2,5.4,0.167,,2.3,-0.1,2.2,1.7
Zach Collins,2,31,21.7,0.508,0.154,0.308,23.3,23.9,23.6,27.6,4.7,0.0,21.3,25.6,,0.0,0.1,0.1,0.136,,0.0,2.1,2.1,0.0
Darren Collison,3,37,-0.2,0.286,0.429,0.0,0.0,11.4,5.7,6.8,1.3,0.0,12.5,9.3,,-0.1,0.0,0.0,-0.063,,-10.1,-0.9,-11.0,-0.1
Mike Conley,49,1395,18.5,0.594,0.527,0.213,2.4,9.0,5.9,27.3,2.0,0.9,12.3,21.0,,3.7,1.4,5.1,0.177,,3.4,0.4,3.7,2.0
Pat Connaughton,53,1441,13.8,0.636,0.735,0.091,2.8,14.1,8.5,6.4,1.7,1.0,6.8,13.6,,2.6,1.5,4.1,0.137,,1.0,0.4,1.3,1.2
Tyler Cook,18,192,13.5,0.645,0.0,0.861,9.3,20.1,14.8,2.1,1.0,1.8,12.4,13.0,,0.4,0.2,0.5,0.134,,-2.4,-1.2,-3.6,-0.1
Sharife Cooper,10,35,-5.9,0.25,0.429,0.0,0.0,15.4,7.8,18.6,0.0,0.0,26.3,23.8,,-0.2,0.0,-0.2,-0.333,,-11.8,-5.6,-17.4,-0.1
Petr Cornelie,13,38,10.0,0.418,0.533,0.267,21.0,20.2,20.6,11.0,1.3,2.4,19.3,24.2,,-0.1,0.0,0.0,-0.009,,-5.9,-2.8,-8.7,-0.1
DeMarcus Cousins,22,353,16.7,0.523,0.399,0.34,10.6,29.3,20.2,9.7,2.8,2.5,14.2,25.1,,0.1,0.7,0.8,0.106,,-2.5,0.0,-2.5,0.0
Robert Covington,50,1483,10.5,0.526,0.68,0.127,3.3,18.1,10.5,6.5,2.5,4.2,14.1,12.8,,0.0,1.6,1.6,0.052,,-2.5,1.5,-1.0,0.4
Torrey Craig,51,1034,11.1,0.555,0.491,0.125,6.2,14.6,10.4,7.9,1.1,1.6,11.6,14.0,,0.9,0.6,1.5,0.069,,-1.3,-0.6,-2.0,0.0
Jae Crowder,44,1244,10.3,0.536,0.671,0.143,1.6,17.7,9.8,6.8,2.1,1.5,9.7,14.0,,0.4,2.1,2.5,0.098,,-1.6,2.1,0.5,0.8
Jarrett Culver,25,233,12.1,0.478,0.337,0.236,3.5,13.4,8.4,14.7,2.9,1.2,10.1,19.4,,0.0,0.3,0.3,0.071,,-3.3,0.8,-2.5,0.0
Jarron Cumberland,3,12,8.6,0.5,0.5,0.0,8.9,18.8,13.7,11.5,0.0,0.0,0.0,7.3,,0.0,0.0,0.0,0.09,,-3.9,-2.3,-6.3,0.0
Cade Cunningham,41,1314,12.5,0.495,0.415,0.139,2.9,16.2,9.2,28.1,2.0,1.9,17.9,26.0,,-1.6,1.1,-0.4,-0.016,,-1.4,-0.5,-1.9,0.0
Seth Curry,45,1566,13.8,0.603,0.473,0.138,1.2,9.3,5.3,17.6,1.2,0.6,13.0,18.6,,2.0,1.1,3.1,0.094,,0.1,-1.0,-0.9,0.4
Stephen Curry,50,1732,21.6,0.589,0.632,0.24,2.0,14.7,8.6,30.6,2.0,1.2,13.2,31.3,,3.7,3.0,6.7,0.185,,5.6,0.7,6.2,3.6
Anthony Davis,35,1245,24.3,0.581,0.104,0.351,8.7,21.1,15.0,13.9,1.7,5.9,9.7,27.1,,2.5,1.9,4.4,0.171,,2.6,1.0,3.6,1.7
Ed Davis,18,139,8.0,0.599,0.0,0.571,5.6,27.0,16.7,2.8,1.1,4.5,22.2,7.1,,0.0,0.3,0.3,0.111,,-5.9,3.1,-2.7,0.0
Terence Davis,30,536,15.0,0.543,0.558,0.165,2.2,16.8,9.4,11.8,2.2,1.7,10.3,25.4,,0.2,0.4,0.6,0.053,,-0.3,-0.6,-0.8,0.2
Gabriel Deck,7,56,11.9,0.643,0.286,0.0,1.8,9.3,5.5,14.2,0.9,0.0,12.5,12.4,,0.1,0.0,0.1,0.094,,-1.2,-1.4,-2.6,0.0
Dewayne Dedmon,48,792,17.1,0.649,0.131,0.3,12.5,29.6,21.1,7.1,1.3,3.4,17.7,16.4,,1.4,1.4,2.9,0.173,,-1.0,0.8,-0.2,0.3
Sam Dekker,1,1,0.0,,,,0.0,0.0,0.0,0.0,0.0,0.0,,0.0,,0.0,0.0,0.0,-0.006,,-5.8,-3.6,-9.4,0.0
Javin DeLaurier,1,3,15.8,,,,0.0,34.3,17.5,0.0,16.1,0.0,,0.0,,0.0,0.0,0.0,0.272,,-4.7,11.7,7.1,0.0
DeMar DeRozan,51,1807,24.1,0.594,0.096,0.405,2.7,13.5,8.2,24.5,1.2,0.8,9.3,31.5,,5.5,1.2,6.7,0.178,,4.0,-1.1,2.9,2.3
Mamadi Diakite,13,188,12.0,0.54,0.106,0.234,9.1,23.2,16.0,1.7,1.3,4.5,11.9,13.6,,0.1,0.3,0.4,0.094,,-5.8,0.9,-4.8,-0.1
Cheick Diallo,3,31,12.5,0.517,0.0,0.75,13.1,29.5,20.8,0.0,1.6,0.0,8.6,16.1,,0.0,0.0,0.1,0.107,,-4.3,-3.5,-7.8,0.0
Hamidou Diallo,47,1055,15.6,0.543,0.178,0.253,5.7,17.9,11.4,9.5,2.6,1.3,9.2,21.2,,0.6,1.1,1.7,0.079,,-1.3,0.5,-0.8,0.3
Gorgui Dieng,35,323,16.8,0.613,0.549,0.253,10.6,26.1,18.4,12.0,1.4,3.4,15.8,16.3,,0.6,0.3,1.0,0.143,,0.7,0.5,1.3,0.3
Spencer Dinwiddie,44,1330,13.6,0.501,0.459,0.291,3.0,13.7,8.4,28.2,1.0,0.4,11.6,20.9,,1.2,0.7,1.9,0.068,,-0.2,-0.8,-1.0,0.3
Donte DiVincenzo,17,341,8.2,0.47,0.627,0.229,5.7,12.7,9.3,11.6,1.6,0.9,17.7,19.9,,-0.3,0.3,0.0,0.001,,-3.7,-1.7,-5.4,-0.3
Luka Dončić,40,1403,23.7,0.546,0.376,0.32,2.8,25.1,13.8,48.0,1.8,1.2,15.2,36.1,,1.8,2.4,4.2,0.144,,5.4,1.8,7.3,3.3
Luguentz Dort,49,1601,12.7,0.542,0.542,0.254,2.4,10.9,6.6,9.0,1.4,1.1,10.1,23.1,,0.5,1.4,1.9,0.058,,-1.5,-0.8,-2.2,-0.1
Ayo Dosunmu,50,1237,11.1,0.604,0.369,0.188,1.4,10.2,5.8,14.9,1.2,1.3,15.2,13.5,,1.3,0.7,2.0,0.078,,-1.7,-0.3,-2.0,0.0
Damyean Dotson,2,21,6.6,0.5,0.25,0.0,0.0,10.4,5.1,7.0,0.0,0.0,0.0,8.4,,0.0,0.0,0.0,0.041,,-3.5,-1.5,-5.0,0.0
Devon Dotson,11,85,10.1,0.538,0.391,0.391,1.3,10.4,5.9,23.9,0.6,0.0,15.6,16.6,,0.1,0.0,0.1,0.056,,-3.1,-1.6,-4.7,-0.1
Sekou Doumbouya,2,16,41.2,0.717,0.25,0.5,13.4,26.3,19.9,0.0,9.0,11.3,17.0,31.6,,0.0,0.1,0.1,0.317,,9.0,10.0,19.0,0.1
Jeff Dowtin,5,31,7.5,0.429,0.286,0.0,3.6,20.3,12.3,13.3,0.0,3.1,12.5,11.2,,0.0,0.0,0.0,0.057,,-5.3,-0.2,-5.5,0.0
PJ Dozier,18,340,9.0,0.463,0.485,0.131,4.7,15.8,10.4,11.5,1.6,1.6,11.0,15.3,,-0.1,0.4,0.3,0.042,,-2.8,0.9,-2.0,0.0
Goran Dragić,5,90,16.5,0.521,0.412,0.294,2.3,15.2,8.4,14.6,2.8,1.1,2.5,18.8,,0.2,0.1,0.3,0.164,,-0.3,2.3,2.0,0.1
Andre Drummond,49,902,19.8,0.544,0.008,0.345,17.0,35.9,26.6,15.9,3.1,4.5,22.4,17.7,,0.8,2.2,3.0,0.16,,-1.0,2.4,1.4,0.8
Chris Duarte,48,1392,13.0,0.538,0.412,0.18,2.7,13.3,7.9,11.7,1.8,0.6,11.5,21.2,,0.5,0.9,1.4,0.047,,-0.9,-0.9,-1.8,0.1
David Duke Jr.,15,273,12.0,0.463,0.341,0.209,11.3,12.3,11.8,7.5,2.0,1.9,7.5,17.0,,0.2,0.2,0.4,0.07,,-1.9,-1.1,-3.0,-0.1
Kevin Durant,36,1313,26.1,0.626,0.247,0.35,1.7,19.7,10.9,27.6,1.0,2.3,11.3,31.2,,4.3,1.2,5.5,0.202,,6.6,0.6,7.3,3.1
Jaime Echenique,1,3,0.0,,,,0.0,0.0,0.0,0.0,0.0,0.0,,0.0,,0.0,0.0,0.0,-0.01,,-5.2,-2.9,-8.1,0.0
Anthony Edwards,49,1708,16.7,0.555,0.48,0.209,2.7,12.2,7.3,16.5,2.1,2.0,12.5,27.1,,1.3,1.7,3.0,0.083,,1.6,-0.4,1.2,1.4
Kessler Edwards,23,588,8.6,0.524,0.49,0.052,5.1,13.2,9.2,3.6,1.6,2.3,14.2,13.4,,-0.1,0.5,0.4,0.03,,-3.0,-1.0,-4.0,-0.3
Rob Edwards,2,11,-0.7,0.375,1.0,0.0,0.0,28.3,13.9,0.0,0.0,0.0,20.0,19.7,,0.0,0.0,0.0,-0.169,,-8.2,-3.0,-11.1,0.0
CJ Elleby,32,441,11.4,0.508,0.419,0.161,6.6,15.8,11.1,11.1,1.9,1.1,10.1,14.6,,0.3,0.3,0.6,0.065,,-2.4,-0.6,-3.1,-0.1
Wayne Ellington,34,657,9.0,0.58,0.907,0.027,1.5,7.8,4.7,5.0,1.3,0.3,7.5,13.1,,0.4,0.4,0.8,0.059,,-1.2,-0.6,-1.8,0.0
Joel Embiid,42,1384,31.6,0.609,0.186,0.57,6.8,29.5,18.4,24.9,1.5,3.9,10.6,37.0,,5.1,2.4,7.5,0.261,,7.4,2.0,9.5,4.0
James Ennis III,7,56,18.0,0.553,0.333,0.208,9.8,13.0,11.5,7.6,1.7,3.1,7.1,22.0,,0.1,0.1,0.1,0.117,,0.0,-1.1,-1.1,0.0
Drew Eubanks,49,595,16.3,0.588,0.05,0.497,11.1,23.4,17.2,11.1,1.1,4.2,19.2,17.1,,0.7,0.8,1.5,0.119,,-1.8,0.4,-1.3,0.1
Tacko Fall,11,59,11.4,0.398,0.0,0.583,13.2,28.3,21.0,4.6,0.0,9.0,16.6,13.5,,-0.1,0.1,0.1,0.059,,-4.0,0.7,-3.3,0.0
Derrick Favors,35,575,13.2,0.516,0.083,0.14,8.9,20.4,14.5,6.6,1.2,1.3,4.0,13.1,,0.7,0.7,1.3,0.112,,-2.5,0.1,-2.5,-0.1
Bruno Fernando,20,58,12.9,0.586,0.071,0.357,13.1,14.6,13.8,10.0,0.0,4.7,23.6,16.1,,0.0,0.1,0.1,0.102,,-3.2,0.2,-3.0,0.0
Dorian Finney-Smith,54,1753,11.7,0.558,0.604,0.139,5.3,11.0,8.1,8.7,1.8,1.5,10.5,13.9,,1.6,2.4,3.9,0.107,,-0.6,0.9,0.3,1.0
Malik Fitts,7,35,-1.5,0.333,0.444,0.0,0.0,29.9,15.5,0.0,0.0,0.0,18.2,13.7,,-0.1,0.0,-0.1,-0.106,,-7.8,-2.1,-9.9,-0.1
Malachi Flynn,31,268,9.6,0.45,0.521,0.094,2.3,10.6,6.3,16.0,2.1,1.1,8.3,17.4,,0.0,0.2,0.3,0.046,,-3.4,-0.1,-3.5,-0.1
Bryn Forbes,51,901,11.8,0.557,0.503,0.146,0.7,8.3,4.5,8.8,1.0,0.3,8.4,22.0,,0.5,0.4,0.9,0.049,,-0.8,-2.3,-3.1,-0.3
Aleem Ford,5,74,0.6,0.35,0.75,0.0,2.9,18.8,10.8,3.8,0.7,0.0,16.7,14.1,,-0.2,0.0,-0.2,-0.106,,-8.9,-2.3,-11.2,-0.2
Trent Forrest,43,514,11.2,0.609,0.156,0.333,3.3,11.8,7.7,16.2,1.9,0.5,23.6,12.2,,0.5,0.5,1.0,0.094,,-2.2,1.4,-0.8,0.2
Evan Fournier,53,1538,13.2,0.563,0.6,0.116,2.0,9.1,5.5,10.3,1.6,0.8,9.7,21.3,,1.2,1.2,2.5,0.077,,0.1,-0.6,-0.6,0.5
De'Aaron Fox,45,1540,16.6,0.536,0.214,0.337,1.5,11.0,6.2,24.6,1.7,1.0,12.2,28.3,,1.0,0.6,1.6,0.051,,0.0,-1.3,-1.3,0.3
Tim Frazier,10,200,4.0,0.394,0.395,0.209,2.7,7.5,5.1,22.8,0.7,0.5,21.7,13.0,,-0.2,0.1,-0.2,-0.04,,-6.1,-1.9,-8.0,-0.3
Enes Freedom,35,411,15.3,0.585,0.052,0.289,16.1,25.4,20.8,2.8,0.6,3.1,15.5,13.8,,0.7,0.7,1.4,0.16,,-1.2,-0.4,-1.7,0.0
Wenyen Gabriel,7,47,8.5,0.474,0.385,0.308,11.4,21.7,16.7,6.0,1.0,3.6,16.9,16.5,,0.0,0.1,0.0,0.045,,-6.4,-1.0,-7.5,-0.1
Daniel Gafford,48,988,21.4,0.7,0.0,0.322,12.1,19.4,15.8,7.6,1.0,6.2,12.6,15.7,,2.9,1.2,4.2,0.202,,1.1,1.0,2.1,1.0
Danilo Gallinari,43,997,14.4,0.585,0.524,0.315,2.4,18.2,10.4,8.6,1.0,0.8,6.5,17.7,,1.8,0.5,2.3,0.11,,0.9,-1.0,-0.1,0.5
Langston Galloway,7,107,0.8,0.269,0.615,0.0,3.0,14.6,8.9,13.9,0.5,0.0,18.8,12.9,,-0.3,0.1,-0.2,-0.098,,-7.9,-1.9,-9.8,-0.2
Darius Garland,45,1556,18.3,0.583,0.422,0.15,1.6,8.5,5.2,38.9,1.8,0.2,17.8,26.4,,2.3,2.0,4.3,0.132,,3.0,-0.4,2.7,1.8
Marcus Garrett,12,128,4.7,0.28,0.19,0.238,8.0,12.3,10.1,7.1,2.0,2.5,7.9,8.7,,-0.1,0.2,0.1,0.032,,-6.2,0.9,-5.2,-0.1
Usman Garuba,15,105,12.3,0.382,0.542,0.083,9.4,26.3,17.8,10.5,3.2,5.3,10.8,11.2,,0.0,0.2,0.1,0.057,,-2.0,1.6,-0.4,0.0
Luka Garza,27,327,14.1,0.524,0.342,0.359,14.6,12.6,13.7,7.5,1.2,1.1,10.6,19.8,,0.3,0.2,0.5,0.074,,-1.4,-2.0,-3.4,-0.1
Rudy Gay,35,699,14.2,0.551,0.563,0.242,5.7,19.0,12.6,8.0,1.4,1.5,9.6,19.5,,0.9,0.9,1.7,0.117,,0.0,-0.1,-0.1,0.3
Paul George,26,924,17.9,0.528,0.39,0.21,1.3,19.2,10.5,27.3,2.8,0.9,15.2,33.9,,-0.7,1.5,0.8,0.042,,1.3,1.6,2.9,1.1
Taj Gibson,35,627,10.6,0.584,0.189,0.326,8.9,16.6,12.7,5.2,1.3,4.4,16.8,9.2,,0.6,0.8,1.4,0.109,,-4.0,1.2,-2.8,-0.1
Josh Giddey,49,1535,13.4,0.474,0.331,0.11,5.7,19.3,12.4,32.3,1.5,1.2,19.3,21.9,,-1.1,1.8,0.7,0.023,,-1.4,0.2,-1.2,0.3
Shai Gilgeous-Alexander,43,1487,19.3,0.531,0.306,0.377,2.0,12.1,7.0,29.0,1.6,2.2,10.1,29.8,,1.8,1.5,3.3,0.107,,2.3,0.4,2.7,1.8
Anthony Gill,21,121,18.0,0.799,0.259,0.519,7.3,14.9,11.2,9.8,0.4,2.1,13.1,14.0,,0.4,0.1,0.5,0.207,,1.3,0.0,1.3,0.1
Freddie Gillespie,9,119,9.6,0.419,0.045,0.318,11.6,20.7,16.1,5.9,1.2,6.8,16.6,11.0,,0.0,0.2,0.1,0.046,,-5.3,0.8,-4.5,-0.1
Rudy Gobert,42,1364,25.6,0.728,0.006,0.848,12.8,36.7,25.3,5.3,1.2,6.0,14.3,17.1,,5.0,2.9,7.9,0.277,,3.4,2.0,5.4,2.6
Brandon Goodwin,15,251,12.2,0.466,0.376,0.165,3.1,12.5,7.9,28.2,3.2,0.0,15.7,18.9,,0.0,0.4,0.4,0.083,,-2.9,2.1,-0.8,0.1
Jordan Goodwin,2,6,-20.6,0.0,0.333,0.0,0.0,17.7,9.0,0.0,0.0,0.0,0.0,22.2,,-0.1,0.0,-0.1,-0.529,,-24.5,-9.3,-33.8,0.0
Aaron Gordon,49,1555,15.8,0.602,0.323,0.274,6.2,13.7,10.0,12.2,1.0,1.7,12.5,19.4,,2.4,1.3,3.7,0.114,,0.8,-0.9,-0.1,0.8
Eric Gordon,45,1326,13.6,0.626,0.511,0.251,1.1,6.3,3.7,16.4,0.8,1.1,15.0,19.1,,1.7,-0.1,1.6,0.057,,0.8,-2.5,-1.6,0.1
Devonte' Graham,50,1563,12.2,0.514,0.679,0.168,1.5,7.5,4.4,22.1,1.5,0.5,10.7,20.4,,1.1,0.7,1.8,0.055,,0.4,-1.6,-1.2,0.3
Jerami Grant,29,945,15.3,0.529,0.342,0.371,2.5,13.1,7.5,13.4,1.4,2.9,10.1,26.4,,0.3,0.7,1.0,0.049,,0.6,-0.5,0.1,0.5
Hassani Gravett,8,171,10.4,0.629,0.684,0.105,0.6,12.5,6.5,17.1,1.4,0.5,18.5,12.4,,0.1,0.1,0.3,0.07,,-2.2,0.0,-2.1,0.0
Danny Green,36,842,10.4,0.583,0.838,0.049,2.5,9.5,6.1,5.9,2.4,2.9,14.0,13.0,,0.2,1.0,1.2,0.071,,-1.1,1.0,-0.1,0.4
Draymond Green,34,1018,15.1,0.581,0.209,0.333,4.2,22.5,13.7,33.7,2.3,3.9,31.5,14.4,,0.9,2.3,3.1,0.148,,-0.7,4.7,4.0,1.5
Jalen Green,39,1178,9.3,0.504,0.485,0.289,1.5,10.7,6.1,12.4,0.9,0.5,13.9,23.1,,-0.9,0.0,-0.9,-0.035,,-2.5,-2.6,-5.1,-0.9
JaMychal Green,41,604,14.4,0.569,0.435,0.275,7.2,19.9,13.7,8.3,2.5,2.6,13.8,19.1,,0.5,0.9,1.4,0.111,,-2.3,0.9,-1.4,0.1
Javonte Green,39,922,13.8,0.617,0.276,0.375,7.4,12.4,9.9,6.3,1.9,2.1,8.2,11.6,,1.8,0.8,2.7,0.14,,-0.7,0.4,-0.3,0.4
Jeff Green,50,1228,12.3,0.612,0.308,0.346,2.6,11.5,7.1,6.9,0.6,1.6,9.9,16.8,,1.7,0.8,2.5,0.098,,-1.6,-1.2,-2.8,-0.3
Josh Green,40,553,13.5,0.58,0.23,0.252,5.3,11.2,8.2,13.5,2.4,1.3,11.5,14.1,,0.8,0.8,1.6,0.141,,-2.2,1.9,-0.2,0.2
Blake Griffin,43,799,13.9,0.499,0.462,0.227,7.0,18.5,12.9,15.9,1.4,1.3,6.7,16.8,,1.0,0.7,1.8,0.106,,-0.7,-0.1,-0.8,0.2
Quentin Grimes,35,556,11.1,0.565,0.791,0.064,3.0,8.8,5.9,9.1,2.1,1.1,11.1,15.8,,0.4,0.5,0.9,0.081,,-0.9,0.8,-0.1,0.3
Kyle Guy,14,175,11.1,0.567,0.583,0.167,1.3,7.0,4.2,14.6,2.0,0.6,15.7,19.3,,0.1,0.2,0.2,0.066,,-2.0,-0.1,-2.1,0.0
Rui Hachimura,14,250,12.2,0.528,0.309,0.223,2.2,19.5,11.1,7.9,0.8,1.0,8.0,19.9,,0.1,0.2,0.2,0.047,,-1.4,-1.1,-2.5,0.0
Tyrese Haliburton,51,1757,17.4,0.575,0.43,0.177,2.4,9.9,6.1,31.3,2.4,1.6,15.4,18.1,,3.2,1.0,4.2,0.114,,2.5,0.1,2.6,2.0
Tyler Hall,1,2,0.0,,,,0.0,0.0,0.0,0.0,0.0,0.0,,0.0,,0.0,0.0,0.0,-0.001,,-8.1,-0.7,-8.8,0.0
R.J. Hampton,42,815,9.5,0.478,0.382,0.282,1.8,14.2,8.0,19.1,1.7,0.9,15.1,19.7,,-0.7,0.6,-0.1,-0.006,,-3.3,0.0,-3.3,-0.3
Tim Hardaway Jr.,42,1245,12.9,0.52,0.574,0.194,1.1,12.7,6.9,11.5,1.5,0.4,5.6,21.9,,0.7,1.5,2.2,0.085,,-0.2,0.1,-0.1,0.6
James Harden,44,1627,20.9,0.576,0.435,0.496,2.8,19.9,11.6,40.3,1.7,1.7,19.8,28.4,,2.9,1.7,4.6,0.135,,3.8,0.2,4.0,2.5
Maurice Harkless,38,737,7.7,0.543,0.562,0.13,1.7,11.9,6.8,4.0,1.6,2.5,13.6,11.5,,-0.1,0.4,0.3,0.02,,-3.4,0.1,-3.3,-0.2
Jared Harper,2,10,21.5,0.5,0.286,0.0,10.8,0.0,5.5,59.8,0.0,9.6,12.5,34.6,,0.0,0.0,0.0,0.108,,5.2,-1.8,3.4,0.0
Montrezl Harrell,46,1117,24.4,0.684,0.039,0.535,9.5,20.3,15.0,14.3,0.8,2.3,9.6,20.8,,4.4,1.0,5.4,0.232,,4.4,0.5,4.9,2.0
Gary Harris,48,1416,11.2,0.574,0.521,0.169,2.3,5.7,4.0,10.0,1.4,0.5,9.3,16.5,,1.2,0.5,1.7,0.059,,-1.6,-1.0,-2.6,-0.2
Joe Harris,14,423,9.8,0.624,0.71,0.048,1.3,12.7,7.1,4.5,0.8,0.4,11.2,14.6,,0.3,0.2,0.5,0.06,,-0.8,-0.8,-1.6,0.0
Tobias Harris,45,1595,18.0,0.57,0.228,0.238,3.5,19.2,11.5,17.5,0.9,1.6,9.9,23.7,,2.4,1.6,4.0,0.122,,1.4,-0.6,0.8,1.1
Shaquille Harrison,2,23,4.7,0.333,0.333,0.0,4.8,13.7,9.3,16.9,2.1,3.8,25.0,15.0,,-0.1,0.0,0.0,-0.069,,-8.8,0.7,-8.1,0.0
Josh Hart,41,1374,15.4,0.604,0.337,0.399,4.1,21.7,12.7,18.5,1.6,0.8,15.1,16.8,,2.2,1.3,3.4,0.119,,0.0,0.6,0.7,0.9
Isaiah Hartenstein,42,674,22.1,0.65,0.028,0.338,10.5,17.3,14.0,18.7,2.2,5.8,15.2,18.7,,1.8,1.2,3.0,0.213,,0.8,3.3,4.0,1.0
Udonis Haslem,9,57,13.8,0.557,0.091,0.136,8.0,27.5,17.8,8.5,0.9,1.9,11.4,20.5,,0.1,0.1,0.1,0.118,,-2.9,0.5,-2.4,0.0
Sam Hauser,10,41,6.6,0.429,1.0,0.0,2.6,12.9,7.8,3.4,1.2,2.2,0.0,15.0,,0.0,0.1,0.0,0.05,,-3.0,-0.1,-3.1,0.0
Jaxson Hayes,42,688,20.2,0.688,0.118,0.498,8.9,18.3,13.5,4.8,1.2,4.5,11.1,18.2,,2.0,0.7,2.7,0.186,,0.4,-0.2,0.2,0.4
Killian Hayes,42,1052,8.5,0.455,0.394,0.172,1.8,11.5,6.4,23.4,2.1,2.0,19.4,14.9,,-0.8,0.8,0.0,0.002,,-4.5,0.5,-4.0,-0.5
Gordon Hayward,48,1547,15.5,0.571,0.357,0.244,2.5,12.8,7.5,16.3,1.4,1.4,10.6,20.7,,2.1,0.8,2.9,0.091,,0.3,-1.0,-0.7,0.5
Aaron Henry,6,17,-7.4,0.2,0.2,0.0,0.0,6.4,3.3,0.0,0.0,10.5,28.6,18.6,,-0.1,0.0,-0.1,-0.311,,-13.8,-2.6,-16.4,-0.1
Juancho Hernangómez,23,147,5.8,0.336,0.636,0.394,9.4,19.4,14.4,5.1,1.7,1.8,17.1,13.9,,-0.3,0.2,0.0,-0.014,,-5.3,-1.2,-6.5,-0.2
Willy Hernangómez,28,467,23.2,0.592,0.038,0.421,18.0,29.2,23.4,13.4,1.1,1.9,11.4,22.6,,1.3,0.5,1.8,0.19,,2.7,-1.4,1.3,0.4
Tyler Herro,45,1480,14.8,0.536,0.391,0.171,2.1,14.2,8.2,20.8,1.0,0.6,13.0,29.0,,0.4,1.5,1.9,0.061,,0.8,-1.3,-0.4,0.6
Buddy Hield,55,1574,12.3,0.54,0.714,0.133,2.9,12.2,7.5,9.9,1.5,0.8,10.9,22.3,,0.4,0.6,1.0,0.03,,0.5,-1.7,-1.2,0.3
Haywood Highsmith,4,42,10.9,0.75,0.875,0.0,5.4,8.0,6.7,0.0,0.0,2.6,0.0,8.4,,0.1,0.0,0.1,0.139,,0.0,-0.9,-0.8,0.0
George Hill,41,1044,11.0,0.564,0.5,0.214,3.6,9.6,6.7,12.9,1.5,0.6,12.0,12.0,,1.3,0.9,2.2,0.103,,-1.7,0.5,-1.2,0.2
Malcolm Hill,14,176,14.1,0.663,0.674,0.279,6.3,10.6,8.5,3.1,1.7,1.5,4.0,12.6,,0.4,0.1,0.6,0.152,,-0.4,-0.7,-1.2,0.0
Solomon Hill,13,139,3.4,0.2,0.65,0.0,4.8,13.2,9.0,10.4,1.4,1.3,4.8,6.6,,-0.1,0.1,0.0,-0.009,,-5.0,1.0,-4.0,-0.1
Nate Hinton,2,2,-45.8,0.0,0.0,0.0,0.0,0.0,0.0,0.0,0.0,0.0,50.0,43.2,,-0.1,0.0,-0.1,-1.238,,-28.0,-14.3,-42.4,0.0
Jaylen Hoard,1,2,6.0,0.0,0.0,0.0,50.1,52.0,51.0,0.0,0.0,0.0,0.0,21.7,,0.0,0.0,0.0,-0.203,,-3.5,-9.4,-12.9,0.0
Aaron Holiday,41,663,11.7,0.547,0.313,0.164,1.5,9.3,5.5,17.5,1.8,1.1,14.5,18.0,,0.2,0.5,0.7,0.047,,-2.3,0.2,-2.2,0.0
Jrue Holiday,43,1408,20.0,0.586,0.319,0.163,3.1,11.7,7.5,32.4,2.2,1.7,14.9,23.5,,2.9,1.7,4.6,0.157,,2.9,0.4,3.3,1.9
Justin Holiday,50,1446,10.4,0.561,0.729,0.092,1.4,9.1,5.2,9.3,1.3,1.1,10.0,16.2,,1.0,0.6,1.6,0.052,,-0.9,-0.9,-1.7,0.1
Richaun Holmes,38,963,19.4,0.709,0.018,0.313,9.4,23.5,16.4,7.4,0.8,3.3,13.9,15.9,,2.6,0.7,3.3,0.165,,0.6,-0.1,0.5,0.6
Rodney Hood,39,581,6.9,0.47,0.611,0.107,2.4,9.6,6.1,6.7,1.0,0.7,4.9,10.7,,0.2,0.4,0.6,0.049,,-3.2,-0.3,-3.5,-0.2
Scotty Hopson,1,18,0.2,0.5,0.25,0.0,0.0,5.8,2.8,8.4,0.0,0.0,33.3,14.4,,0.0,0.0,0.0,-0.122,,-8.6,-2.9,-11.6,0.0
Al Horford,47,1335,16.1,0.536,0.462,0.184,6.1,21.8,14.0,17.7,1.0,4.2,9.8,16.1,,2.1,2.4,4.5,0.161,,0.9,2.4,3.3,1.8
Talen Horton-Tucker,40,1028,9.9,0.494,0.339,0.211,2.4,10.8,6.7,14.5,1.7,1.7,13.7,18.6,,-0.4,0.9,0.5,0.025,,-3.8,-0.3,-4.2,-0.6
Danuel House Jr.,24,371,10.4,0.525,0.518,0.289,2.4,15.5,9.0,11.6,1.3,1.9,14.6,17.3,,0.0,0.2,0.3,0.034,,-2.0,-0.6,-2.6,-0.1
Dwight Howard,41,594,18.3,0.657,0.073,0.685,14.3,25.5,19.9,5.1,2.3,3.8,17.0,14.1,,1.3,1.0,2.3,0.183,,-0.7,0.7,0.0,0.3
Markus Howard,22,134,15.2,0.568,0.726,0.192,0.0,4.9,2.5,6.9,2.6,0.0,7.0,28.2,,0.1,0.1,0.2,0.076,,0.9,-1.5,-0.6,0.0
Kevin Huerter,47,1367,11.7,0.571,0.513,0.076,1.6,10.2,6.0,13.9,1.0,0.9,11.7,17.3,,1.2,0.3,1.5,0.054,,-0.6,-1.1,-1.7,0.1
Jay Huff,4,20,0.6,0.0,0.667,0.0,5.4,15.8,10.6,5.9,2.4,4.5,25.0,8.6,,-0.1,0.0,0.0,-0.111,,-8.2,0.9,-7.3,0.0
Elijah Hughes,14,112,10.7,0.576,0.778,0.083,2.0,14.0,8.3,7.5,1.8,0.8,15.8,17.2,,0.0,0.1,0.2,0.065,,-1.1,-0.5,-1.6,0.0
De'Andre Hunter,26,747,10.6,0.551,0.332,0.281,1.5,11.4,6.5,6.4,1.1,1.2,11.0,20.3,,0.1,0.2,0.4,0.023,,-2.2,-1.4,-3.7,-0.3
Chandler Hutchison,6,22,1.1,0.694,0.0,1.0,0.0,23.5,12.1,10.8,0.0,0.0,58.1,13.5,,-0.1,0.0,0.0,-0.083,,-7.8,-0.7,-8.5,0.0
Bones Hyland,42,742,11.1,0.509,0.613,0.162,1.1,15.6,8.5,16.1,1.3,1.6,12.1,24.2,,-0.3,0.7,0.4,0.028,,-1.9,-1.0,-3.0,-0.2
Serge Ibaka,35,538,15.1,0.567,0.323,0.151,8.0,20.9,14.6,10.4,0.6,4.1,13.9,19.3,,0.4,0.7,1.1,0.099,,-1.1,0.1,-1.1,0.1
Andre Iguodala,26,518,13.1,0.491,0.598,0.157,4.1,13.5,9.0,25.2,2.1,3.9,17.4,11.1,,0.6,1.0,1.6,0.147,,-0.2,3.7,3.5,0.7
Joe Ingles,45,1122,10.2,0.551,0.789,0.077,1.2,11.1,6.4,18.9,1.0,0.4,13.5,13.2,,1.4,0.9,2.2,0.095,,-0.5,0.3,-0.1,0.5
Brandon Ingram,40,1379,18.8,0.545,0.245,0.308,2.2,16.6,9.2,28.2,1.0,1.3,11.1,29.6,,1.8,0.9,2.7,0.095,,2.9,-0.8,2.0,1.4
Kyrie Irving,12,427,18.5,0.55,0.333,0.152,2.1,12.0,7.2,24.7,1.5,1.4,10.3,28.5,,0.5,0.3,0.8,0.092,,2.2,-2.1,0.1,0.2
Wes Iwundu,3,82,7.3,0.557,0.278,0.222,4.0,13.2,8.7,0.0,0.6,0.0,4.8,11.1,,0.1,0.0,0.1,0.044,,-3.8,-2.8,-6.6,-0.1
Frank Jackson,41,931,11.3,0.548,0.591,0.188,1.5,6.6,3.9,7.0,1.0,0.9,7.1,20.6,,0.5,0.2,0.7,0.037,,-1.0,-1.7,-2.7,-0.2
Isaiah Jackson,19,181,22.2,0.58,0.092,0.408,13.9,19.1,16.5,6.3,2.2,7.2,10.0,23.8,,0.4,0.3,0.6,0.169,,-0.6,0.0,-0.6,0.1
Jaren Jackson Jr.,55,1536,17.8,0.539,0.393,0.321,5.5,17.2,11.3,5.6,1.8,7.3,9.8,25.7,,1.5,2.5,4.0,0.124,,-0.3,0.5,0.2,0.9
Josh Jackson,39,707,10.2,0.501,0.45,0.223,2.4,17.1,9.4,11.1,1.4,2.3,12.1,19.0,,-0.4,0.6,0.2,0.013,,-3.4,-0.4,-3.8,-0.3
Justin Jackson,7,37,8.0,0.472,0.6,0.133,2.9,16.8,10.0,7.2,0.0,0.0,5.9,19.7,,0.0,0.0,0.0,0.039,,-2.1,-1.3,-3.4,0.0
Reggie Jackson,52,1586,12.2,0.496,0.455,0.128,1.7,9.6,5.7,21.8,1.2,0.3,11.6,27.0,,-0.9,1.2,0.4,0.011,,-1.2,-1.6,-2.8,-0.3
LeBron James,39,1430,27.0,0.62,0.373,0.268,3.2,19.0,11.2,32.1,2.1,2.5,11.9,31.2,,4.2,1.9,6.1,0.204,,6.9,1.4,8.3,3.7
DeJon Jarreau,1,1,0.0,,,,0.0,0.0,0.0,0.0,0.0,0.0,,0.0,,0.0,0.0,0.0,-0.015,,-6.3,-1.5,-7.8,0.0
DaQuan Jeffries,3,9,8.6,0.5,0.5,0.0,0.0,23.9,11.7,14.3,0.0,0.0,0.0,9.2,,0.0,0.0,0.0,0.096,,-5.6,0.6,-5.0,0.0
Ty Jerome,45,745,12.1,0.496,0.565,0.136,2.4,7.5,4.9,21.5,1.8,0.6,9.4,21.0,,0.2,0.6,0.8,0.055,,-1.8,-0.2,-2.0,0.0
Isaiah Joe,38,491,7.8,0.52,0.768,0.152,1.1,8.9,5.1,7.9,1.0,0.4,8.1,14.7,,0.1,0.3,0.4,0.041,,-2.7,-1.5,-4.2,-0.3
Alize Johnson,19,139,9.8,0.492,0.138,0.276,16.9,21.2,19.1,7.5,1.1,0.0,25.3,13.8,,0.0,0.1,0.1,0.038,,-3.7,-1.7,-5.4,-0.1
B.J. Johnson,4,65,12.4,0.52,0.4,0.0,9.8,14.8,12.3,0.0,0.0,1.4,0.0,16.7,,0.1,0.0,0.1,0.065,,-0.4,-4.1,-4.5,0.0
Cameron Johnson,51,1327,14.9,0.62,0.649,0.16,2.5,14.4,8.6,6.5,1.6,0.8,6.0,16.9,,2.5,1.9,4.3,0.157,,1.8,0.7,2.5,1.5
David Johnson,2,2,-20.1,0.0,1.0,0.0,0.0,0.0,0.0,0.0,0.0,0.0,0.0,21.4,,0.0,0.0,0.0,-0.506,,-18.7,-8.9,-27.6,0.0
Jalen Johnson,13,58,10.3,0.578,0.368,0.316,0.0,27.9,14.1,2.5,0.0,0.0,12.2,18.6,,0.0,0.0,0.0,0.019,,-2.6,-2.0,-4.5,0.0
James Johnson,39,735,10.7,0.513,0.235,0.148,5.7,14.1,10.0,13.8,1.3,1.8,11.8,13.9,,0.4,0.6,1.0,0.066,,-2.4,-0.2,-2.6,-0.1
Joe Johnson,1,2,39.7,1.0,0.0,0.0,0.0,0.0,0.0,0.0,0.0,0.0,0.0,22.0,,0.0,0.0,0.0,0.341,,12.2,2.6,14.8,0.0
Keldon Johnson,51,1588,14.1,0.565,0.354,0.216,3.4,17.2,10.2,8.1,1.1,0.4,8.7,20.3,,1.5,1.2,2.8,0.083,,0.0,-1.3,-1.3,0.3
Keon Johnson,15,135,9.6,0.44,0.216,0.412,4.8,11.3,8.1,13.9,2.5,1.3,10.4,21.8,,-0.1,0.2,0.1,0.021,,-5.9,0.1,-5.8,-0.1
Stanley Johnson,22,492,10.5,0.58,0.442,0.274,3.3,12.4,7.9,7.7,1.7,1.8,9.3,12.2,,0.5,0.5,1.0,0.096,,-3.3,0.2,-3.0,-0.1
Tyler Johnson,6,91,7.3,0.425,0.65,0.0,3.5,10.6,7.1,9.5,1.6,2.8,9.1,10.6,,0.0,0.1,0.1,0.035,,-3.7,0.7,-3.0,0.0
Nikola Jokić,48,1580,33.1,0.662,0.244,0.324,9.2,36.5,23.2,43.5,2.1,2.0,15.7,31.2,,7.3,2.9,10.1,0.308,,9.6,4.8,14.4,6.5
Carlik Jones,5,23,-1.6,0.202,0.111,0.222,4.7,9.6,7.1,26.8,2.2,0.0,23.3,25.0,,-0.2,0.0,-0.1,-0.281,,-11.1,-4.1,-15.2,-0.1
Damian Jones,37,564,17.3,0.685,0.099,0.468,9.8,18.0,13.9,10.9,0.9,3.5,17.9,15.7,,1.3,0.4,1.7,0.141,,-0.5,-0.2,-0.7,0.2
Derrick Jones Jr.,31,533,15.6,0.689,0.303,0.377,7.8,13.9,10.8,4.1,1.4,3.7,10.1,13.1,,1.3,0.5,1.8,0.166,,-0.1,0.9,0.7,0.4
Herbert Jones,51,1520,13.0,0.584,0.259,0.259,4.6,10.0,7.2,10.2,2.5,2.8,12.2,13.5,,1.8,1.5,3.3,0.103,,-1.6,1.3,-0.4,0.6
Jemerrio Jones,2,15,15.0,0.667,0.0,0.0,14.3,7.0,10.6,0.0,3.2,0.0,0.0,8.6,,0.0,0.0,0.1,0.179,,-1.0,0.0,-1.1,0.0
Kai Jones,16,46,6.7,0.651,0.222,0.444,4.4,14.2,9.2,11.8,0.0,0.0,31.7,14.5,,0.0,0.0,0.0,-0.024,,-5.6,-3.0,-8.6,-0.1
Mason Jones,2,9,-2.3,0.282,0.25,0.25,11.9,11.7,11.8,0.0,5.3,0.0,10.1,47.2,,-0.1,0.0,-0.1,-0.444,,-13.3,-4.5,-17.8,0.0
Tre Jones,43,575,14.3,0.554,0.112,0.224,3.1,11.4,7.2,23.5,1.5,0.0,11.4,15.5,,1.0,0.4,1.4,0.113,,-1.3,0.0,-1.3,0.1
Tyus Jones,49,1011,16.7,0.552,0.363,0.118,1.3,12.1,6.6,27.1,2.1,0.2,8.9,16.0,,2.2,1.0,3.2,0.153,,1.0,0.5,1.5,0.9
DeAndre Jordan,31,399,17.8,0.657,0.0,0.284,13.2,31.6,22.5,4.6,1.2,5.7,16.8,12.8,,0.7,0.7,1.4,0.167,,-1.4,0.8,-0.5,0.2
Cory Joseph,43,1031,12.4,0.589,0.38,0.292,1.8,9.6,5.5,24.4,1.4,1.0,17.1,15.3,,1.2,0.5,1.6,0.076,,-1.5,-0.5,-1.9,0.0
Georgios Kalaitzakis,9,48,6.0,0.535,0.364,0.818,9.0,8.6,8.8,0.0,1.0,2.1,21.1,17.0,,0.0,0.0,0.0,-0.002,,-5.8,-2.2,-7.9,-0.1
Frank Kaminsky,9,181,21.8,0.635,0.227,0.303,6.6,17.2,12.0,10.4,2.1,3.4,6.3,19.0,,0.6,0.3,0.9,0.238,,2.5,2.3,4.8,0.3
Luke Kennard,46,1294,13.0,0.6,0.667,0.119,0.9,12.1,6.6,11.6,1.1,0.3,7.6,16.5,,1.8,1.1,2.9,0.109,,0.6,0.0,0.6,0.9
Braxton Key,2,6,9.4,0.5,0.5,0.0,18.8,18.2,18.5,25.5,8.3,0.0,50.0,30.1,,0.0,0.0,0.0,-0.163,,-9.4,3.2,-6.1,0.0
George King,4,19,-12.3,0.085,0.8,0.4,0.0,29.0,14.4,0.0,0.0,0.0,14.5,16.2,,-0.1,0.0,-0.1,-0.292,,-16.4,-3.4,-19.8,-0.1
Louis King,10,104,8.5,0.438,0.574,0.213,0.0,12.5,6.2,12.4,0.9,0.8,0.0,21.1,,0.0,0.0,0.0,0.007,,-2.8,-1.9,-4.7,-0.1
Corey Kispert,48,890,10.9,0.558,0.568,0.164,3.7,10.4,7.1,6.6,0.8,1.1,7.3,14.4,,0.8,0.4,1.2,0.066,,-0.9,-1.3,-2.1,0.0
Maxi Kleber,38,952,12.2,0.582,0.74,0.152,4.9,21.0,12.9,6.4,1.0,3.6,10.2,12.9,,1.0,1.5,2.5,0.125,,-0.5,1.3,0.8,0.7
Brandon Knight,3,54,17.2,0.638,0.65,0.4,0.0,14.3,7.1,23.0,0.9,0.0,14.5,22.8,,0.1,0.1,0.2,0.17,,-0.4,-0.9,-1.2,0.0
Nathan Knight,28,194,16.8,0.58,0.143,0.804,11.6,21.0,16.1,10.2,1.0,3.6,13.7,18.9,,0.4,0.2,0.6,0.152,,-1.6,-0.1,-1.7,0.0
Kevin Knox,19,153,9.5,0.488,0.691,0.182,5.5,14.9,10.2,5.7,1.0,0.6,10.5,19.1,,0.0,0.1,0.1,0.017,,-1.5,-2.1,-3.7,-0.1
John Konchar,48,884,13.7,0.614,0.483,0.192,6.7,19.0,12.7,10.0,1.9,1.3,10.1,9.7,,1.6,1.1,2.7,0.147,,0.2,1.1,1.4,0.8
Furkan Korkmaz,47,1130,11.2,0.505,0.558,0.176,1.4,12.2,6.9,14.3,1.3,0.5,8.4,18.2,,0.3,0.9,1.2,0.052,,-1.7,-1.0,-2.7,-0.2
Luke Kornet,3,18,6.6,0.273,0.167,0.5,18.4,5.8,11.9,7.3,0.0,4.9,0.0,17.8,,0.0,0.0,0.0,-0.005,,-7.8,-4.5,-12.3,0.0
Vit Krejci,3,9,-0.9,0.347,1.0,1.0,0.0,34.6,17.0,0.0,0.0,0.0,25.8,18.7,,0.0,0.0,0.0,-0.166,,-11.9,-1.9,-13.8,0.0
Arnoldas Kulboka,1,3,0.0,,,,0.0,0.0,0.0,0.0,0.0,0.0,,0.0,,0.0,0.0,0.0,-0.019,,-5.2,-5.3,-10.5,0.0
Jonathan Kuminga,43,569,13.9,0.569,0.336,0.421,5.2,16.0,10.8,7.8,1.3,1.2,12.0,24.2,,0.3,0.9,1.2,0.103,,-2.4,-0.6,-3.0,-0.1
Kyle Kuzma,50,1646,15.3,0.55,0.415,0.24,3.8,24.3,14.3,13.3,1.0,2.2,13.2,22.7,,0.4,1.7,2.1,0.062,,0.3,-0.2,0.1,0.9
Anthony Lamb,2,8,-0.4,0.0,1.0,0.0,0.0,13.2,6.5,27.9,0.0,0.0,0.0,10.6,,0.0,0.0,0.0,-0.139,,-6.0,-1.9,-7.9,0.0
Jeremy Lamb,40,644,14.0,0.526,0.523,0.347,2.5,14.7,8.6,12.5,1.8,2.1,8.3,20.1,,0.7,0.5,1.2,0.087,,0.1,-0.2,-0.1,0.3
Jock Landale,34,343,17.2,0.61,0.444,0.197,11.7,11.7,11.7,12.4,1.0,2.9,14.8,18.4,,0.7,0.3,0.9,0.132,,1.2,-0.7,0.5,0.2
Romeo Langford,44,728,9.5,0.52,0.451,0.185,4.5,10.7,7.6,3.7,1.4,2.0,7.4,13.0,,0.3,1.0,1.3,0.085,,-2.3,0.8,-1.5,0.1
Zach LaVine,46,1587,20.9,0.61,0.396,0.269,0.9,14.7,7.9,21.0,0.9,0.9,11.8,29.5,,3.3,1.0,4.3,0.13,,4.3,-1.4,2.9,2.0
Jake Layman,23,169,6.8,0.438,0.531,0.163,2.4,13.0,7.5,5.6,1.7,2.3,11.8,14.7,,-0.2,0.2,0.0,-0.005,,-4.9,-0.5,-5.4,-0.1
Damion Lee,44,902,11.2,0.571,0.5,0.165,2.1,13.8,8.2,6.4,1.6,0.4,8.7,16.1,,0.7,1.4,2.0,0.109,,-2.1,0.4,-1.7,0.1
Saben Lee,27,403,13.6,0.49,0.364,0.355,2.5,15.9,8.8,24.3,3.0,2.3,15.2,17.5,,0.0,0.5,0.5,0.058,,-1.8,2.0,0.3,0.2
Alex Len,33,557,13.4,0.573,0.123,0.361,9.2,20.4,14.7,10.6,1.0,3.8,18.6,16.9,,0.4,0.4,0.8,0.069,,-2.9,0.1,-2.8,-0.1
Caris LeVert,40,1242,16.8,0.529,0.303,0.234,2.6,10.8,6.7,23.3,1.4,1.3,9.7,26.9,,1.3,0.7,2.0,0.077,,1.2,-1.3,-0.1,0.6
Kira Lewis Jr.,24,341,10.0,0.466,0.397,0.082,2.8,9.9,6.3,22.9,1.6,0.3,14.7,22.5,,-0.3,0.2,-0.1,-0.019,,-2.6,-1.4,-4.0,-0.2
Scottie Lewis,2,7,14.8,0.568,,,0.0,0.0,0.0,16.4,6.8,0.0,0.0,5.3,,0.0,0.0,0.0,0.162,,0.2,5.8,6.1,0.0
Damian Lillard,29,1056,19.2,0.55,0.514,0.328,1.3,11.4,6.2,33.5,0.8,1.0,11.6,29.5,,2.0,0.2,2.2,0.1,,4.2,-2.8,1.4,0.9
Nassir Little,42,1088,13.9,0.575,0.489,0.298,5.7,18.4,11.9,7.3,1.1,3.2,10.1,15.9,,1.4,0.7,2.0,0.09,,-0.6,-0.6,-1.2,0.2
Isaiah Livers,1,5,-10.9,0.0,1.0,0.0,0.0,0.0,0.0,0.0,9.7,18.2,33.3,25.7,,-0.1,0.0,-0.1,-0.521,,-21.0,4.0,-17.1,0.0
Kevon Looney,55,1169,15.8,0.577,0.004,0.345,14.7,23.7,19.4,10.9,1.4,3.4,15.1,13.0,,2.2,2.4,4.6,0.189,,-1.3,1.5,0.2,0.6
Brook Lopez,1,28,11.8,0.444,0.444,0.0,7.7,11.0,9.4,0.0,1.7,10.6,0.0,13.8,,0.0,0.0,0.1,0.09,,-3.3,0.7,-2.6,0.0
Robin Lopez,25,444,16.2,0.59,0.032,0.215,12.9,9.6,11.3,16.6,0.1,2.9,15.6,20.0,,0.7,0.2,0.8,0.088,,-0.7,-1.5,-2.2,0.0
Didi Louzada,2,7,-1.1,0.0,1.0,0.0,30.7,0.0,15.7,17.8,0.0,0.0,0.0,18.5,,0.0,0.0,0.0,-0.249,,-4.0,-8.6,-12.5,0.0
Kevin Love,47,1047,21.6,0.595,0.596,0.302,6.0,29.7,18.2,15.8,0.8,0.9,9.7,26.5,,2.5,1.9,4.5,0.205,,5.7,0.7,6.3,2.2
Kyle Lowry,42,1420,14.4,0.562,0.593,0.26,2.0,12.5,7.3,34.7,1.6,1.1,20.6,19.1,,2.0,1.7,3.6,0.123,,0.6,0.5,1.1,1.1
Timothé Luwawu-Cabarrot,34,443,8.8,0.542,0.694,0.161,2.0,9.3,5.7,7.9,1.3,0.8,8.9,14.4,,0.3,0.1,0.4,0.045,,-2.4,-1.2,-3.6,-0.2
Trey Lyles,51,990,17.1,0.576,0.38,0.458,6.2,21.2,13.3,9.9,1.1,2.4,10.5,22.3,,1.4,0.8,2.2,0.108,,0.6,-0.6,-0.1,0.5
Théo Maledon,28,387,6.0,0.444,0.514,0.308,2.3,9.9,6.1,11.7,1.4,0.7,15.9,16.2,,-0.5,0.3,-0.2,-0.019,,-6.2,-0.3,-6.5,-0.4
Sandro Mamukelashvili,30,295,12.6,0.55,0.476,0.146,9.5,10.5,10.0,7.5,1.1,2.0,10.3,14.2,,0.4,0.3,0.7,0.107,,-0.2,-0.7,-0.9,0.1
Terance Mann,55,1570,12.3,0.563,0.338,0.213,5.0,13.5,9.3,12.1,1.1,0.3,9.9,15.1,,1.9,1.4,3.3,0.101,,-1.2,-0.1,-1.3,0.3
Tre Mann,41,792,8.7,0.483,0.459,0.142,1.6,10.1,5.8,8.1,1.7,1.0,9.6,20.5,,-0.7,0.7,0.0,0.002,,-4.3,-0.5,-4.8,-0.6
Boban Marjanović,17,98,21.1,0.632,0.053,0.281,7.8,25.9,16.7,4.6,0.0,1.9,14.7,34.3,,0.0,0.1,0.1,0.072,,-1.4,-1.1,-2.5,0.0
Lauri Markkanen,38,1148,14.2,0.557,0.522,0.169,4.0,14.6,9.5,7.4,1.3,1.6,6.3,18.9,,1.4,1.7,3.1,0.129,,0.2,0.4,0.6,0.7
Naji Marshall,29,285,10.0,0.471,0.4,0.368,5.3,19.4,12.2,12.3,2.3,1.3,16.6,20.1,,-0.2,0.3,0.1,0.01,,-4.5,-0.3,-4.8,-0.2
Caleb Martin,44,1009,15.4,0.599,0.365,0.217,6.3,13.1,9.7,7.0,2.1,2.2,9.1,16.8,,1.6,1.4,3.0,0.144,,0.4,0.8,1.2,0.8
Cody Martin,49,1334,12.6,0.554,0.369,0.259,4.7,12.0,8.2,12.6,2.3,1.8,11.1,12.6,,1.5,1.0,2.5,0.091,,-1.2,0.6,-0.6,0.5
Kelan Martin,27,444,10.1,0.492,0.44,0.077,3.9,9.3,6.6,7.0,1.4,1.8,7.5,18.3,,0.0,0.2,0.2,0.023,,-2.2,-0.9,-3.1,-0.1
Kenyon Martin Jr.,51,999,15.4,0.582,0.285,0.261,6.4,15.6,10.9,11.0,1.1,2.4,8.6,16.9,,1.6,0.3,2.0,0.094,,0.5,-1.0,-0.5,0.4
Garrison Mathews,37,1014,12.4,0.622,0.83,0.395,2.2,11.6,6.9,5.6,1.2,1.2,6.2,15.4,,1.9,0.2,2.1,0.099,,-0.2,-1.6,-1.8,0.0
Dakota Mathias,6,16,11.4,0.5,1.0,0.0,0.0,13.5,6.6,8.2,3.0,0.0,0.0,15.5,,0.0,0.0,0.0,0.113,,-1.3,1.5,0.2,0.0
Wesley Matthews,27,524,7.5,0.541,0.714,0.079,3.1,7.5,5.3,4.8,1.1,0.9,7.1,11.5,,0.3,0.4,0.7,0.064,,-3.0,-0.5,-3.5,-0.2
Tyrese Maxey,47,1681,16.0,0.566,0.261,0.231,1.1,9.9,5.6,21.0,1.0,1.4,7.5,20.3,,3.1,1.2,4.3,0.123,,1.0,-0.5,0.5,1.1
Skylar Mays,21,198,14.1,0.61,0.417,0.15,2.8,10.9,6.9,11.6,1.7,0.0,11.1,15.9,,0.3,0.1,0.4,0.09,,0.1,-0.6,-0.5,0.1
Miles McBride,21,151,5.9,0.318,0.534,0.069,1.4,10.1,5.7,22.5,2.7,0.7,4.8,18.3,,-0.3,0.2,-0.1,-0.029,,-6.5,0.6,-5.9,-0.2
Mac McClung,1,3,9.0,1.0,0.0,0.0,0.0,0.0,0.0,0.0,0.0,0.0,50.0,29.3,,0.0,0.0,0.0,-0.25,,-6.6,-8.6,-15.2,0.0
CJ McCollum,36,1267,16.4,0.532,0.435,0.102,2.9,10.6,6.6,22.2,1.4,1.6,9.2,26.3,,1.1,0.4,1.6,0.059,,2.0,-1.7,0.3,0.7
T.J. McConnell,24,581,15.6,0.536,0.138,0.083,3.6,11.7,7.6,29.2,2.1,1.3,13.0,16.0,,0.9,0.4,1.3,0.109,,-0.1,1.5,1.4,0.5
Jaden McDaniels,52,1351,9.4,0.524,0.453,0.109,4.6,13.0,8.7,6.3,1.4,2.6,11.4,14.7,,0.4,1.2,1.6,0.056,,-3.3,-0.2,-3.5,-0.5
Jalen McDaniels,39,685,12.7,0.592,0.437,0.234,4.3,17.0,10.4,8.6,1.4,2.2,12.1,15.3,,0.7,0.5,1.2,0.083,,-1.9,-0.4,-2.3,-0.1
Doug McDermott,39,953,11.7,0.589,0.549,0.073,1.6,9.0,5.3,7.0,0.5,0.3,7.3,18.3,,1.0,0.3,1.3,0.066,,-0.1,-2.3,-2.4,-0.1
JaVale McGee,48,782,24.8,0.675,0.016,0.332,16.3,29.5,23.1,6.5,0.9,5.4,16.3,23.4,,2.1,1.7,3.7,0.229,,1.3,0.9,2.2,0.8
Cameron McGriff,3,46,12.9,0.47,0.429,0.143,14.0,22.0,17.9,9.3,0.0,2.1,0.0,14.1,,0.1,0.0,0.1,0.112,,-0.6,-3.1,-3.7,0.0
Rodney McGruder,29,386,10.6,0.563,0.587,0.135,4.2,12.1,7.9,9.5,1.4,0.5,9.8,13.6,,0.3,0.2,0.5,0.064,,-1.6,-0.8,-2.4,0.0
Alfonzo McKinnie,17,206,5.8,0.457,0.443,0.131,7.1,10.7,8.9,3.2,0.5,1.3,9.8,15.3,,-0.1,0.1,0.0,-0.01,,-5.3,-3.5,-8.9,-0.4
JaQuori McLaughlin,4,11,-2.9,0.0,0.5,0.0,0.0,0.0,0.0,22.4,0.0,0.0,0.0,8.1,,0.0,0.0,0.0,-0.099,,-9.3,-4.2,-13.5,0.0
Jordan McLaughlin,37,451,12.9,0.463,0.374,0.252,2.0,9.8,5.8,30.1,2.9,0.7,14.4,12.8,,0.5,0.5,0.9,0.1,,-2.0,0.8,-1.1,0.1
Ben McLemore,39,715,11.2,0.56,0.804,0.108,1.6,7.4,4.5,6.7,1.0,0.7,7.7,20.5,,0.5,0.1,0.5,0.037,,-0.4,-2.6,-3.0,-0.2
De'Anthony Melton,47,1078,14.5,0.49,0.509,0.161,4.7,16.3,10.4,16.2,3.4,2.3,12.6,20.7,,0.2,1.8,2.0,0.088,,-0.4,1.7,1.3,0.9
Sam Merrill,6,58,7.9,0.485,0.958,0.167,1.8,11.1,6.4,9.2,0.0,0.0,7.2,19.8,,0.0,0.0,0.0,0.027,,-2.0,-3.7,-5.7,-0.1
Chimezie Metu,39,876,13.0,0.515,0.424,0.178,3.0,25.6,14.2,7.3,1.9,2.2,10.1,18.3,,0.0,0.9,0.8,0.046,,-1.5,-0.1,-1.6,0.1
Khris Middleton,44,1402,18.4,0.576,0.419,0.294,2.2,15.9,9.2,25.7,1.9,0.9,15.2,26.9,,2.1,1.7,3.8,0.128,,1.8,0.0,1.7,1.3
C.J. Miles,1,2,-7.9,,,,0.0,0.0,0.0,0.0,0.0,0.0,,0.0,,0.0,0.0,0.0,0.027,,-16.2,-0.2,-16.4,0.0
Patty Mills,53,1635,12.8,0.594,0.694,0.073,0.8,6.6,3.8,11.7,1.1,0.8,7.6,17.3,,2.3,0.6,2.9,0.087,,1.1,-1.5,-0.4,0.7
Paul Millsap,24,270,11.4,0.443,0.318,0.2,11.8,23.3,17.7,12.0,0.9,3.6,10.6,16.5,,0.1,0.3,0.4,0.069,,-3.4,0.3,-3.1,-0.1
Shake Milton,27,668,12.8,0.516,0.311,0.189,2.2,11.1,6.7,17.1,1.5,1.5,10.1,20.7,,0.2,0.6,0.9,0.062,,-1.6,-0.3,-1.9,0.0
Davion Mitchell,51,1330,10.7,0.479,0.41,0.081,2.2,7.3,4.8,19.7,1.3,1.0,9.6,19.6,,0.0,0.2,0.3,0.009,,-1.9,-1.6,-3.5,-0.5
Donovan Mitchell,43,1431,22.4,0.572,0.462,0.205,3.0,10.2,6.8,27.8,2.3,0.7,11.7,32.9,,3.2,1.6,4.8,0.16,,4.6,0.0,4.6,2.4
Evan Mobley,47,1606,15.7,0.542,0.114,0.299,6.2,19.2,12.9,11.6,1.1,4.3,12.3,20.2,,1.0,2.9,3.9,0.117,,-0.9,1.7,0.8,1.1
Malik Monk,50,1358,14.5,0.602,0.559,0.148,1.7,11.1,6.4,13.7,1.2,1.3,11.3,19.2,,1.7,1.0,2.7,0.096,,0.6,-0.8,-0.2,0.6
Greg Monroe,8,126,17.0,0.523,0.0,0.184,15.4,21.4,18.2,16.0,1.5,4.6,16.3,16.6,,0.2,0.2,0.3,0.125,,-2.0,0.3,-1.7,0.0
Moses Moody,32,306,8.5,0.517,0.6,0.179,2.6,13.0,8.0,5.0,0.5,1.6,6.4,15.6,,0.1,0.4,0.5,0.077,,-3.1,-1.2,-4.3,-0.2
Xavier Moon,6,83,12.6,0.467,0.294,0.088,1.3,9.8,5.7,18.6,2.9,1.0,7.8,20.2,,0.0,0.1,0.1,0.046,,-3.5,0.6,-2.8,0.0
Matt Mooney,1,2,-20.2,0.0,1.0,0.0,0.0,0.0,0.0,0.0,25.1,0.0,50.0,44.1,,-0.1,0.0,0.0,-0.924,,-33.9,11.3,-22.6,0.0
Ja Morant,43,1425,24.9,0.572,0.22,0.325,4.4,14.6,9.4,35.1,1.9,1.1,13.1,33.3,,3.6,1.5,5.1,0.171,,6.1,-0.1,5.9,2.9
Juwan Morgan,1,27,9.6,0.833,0.667,0.0,7.7,8.4,8.0,4.9,0.0,0.0,0.0,4.8,,0.1,0.0,0.1,0.134,,-2.9,-4.4,-7.3,0.0
Jaylen Morris,3,16,-11.5,0.129,0.333,0.667,0.0,13.2,6.5,14.0,0.0,0.0,11.4,23.2,,-0.1,0.0,-0.1,-0.375,,-15.6,-5.8,-21.5,-0.1
Marcus Morris,31,927,13.6,0.541,0.411,0.217,2.2,15.6,9.1,12.1,0.8,0.8,8.4,22.9,,0.6,0.9,1.5,0.075,,-0.1,-1.1,-1.2,0.2
Markieff Morris,10,187,10.5,0.533,0.314,0.071,7.9,9.0,8.4,11.7,0.8,0.6,14.3,20.0,,0.1,0.2,0.2,0.055,,-1.4,-0.2,-1.7,0.0
Monte Morris,51,1529,14.4,0.564,0.401,0.093,1.4,9.4,5.5,21.1,1.1,0.5,8.5,18.1,,2.4,1.0,3.4,0.106,,0.5,-0.9,-0.4,0.6
Emmanuel Mudiay,2,11,12.7,0.399,0.0,2.0,0.0,0.0,0.0,43.2,4.4,0.0,21.0,18.5,,0.0,0.0,0.0,0.028,,-2.4,1.3,-1.1,0.0
Mychal Mulder,15,195,2.3,0.405,0.687,0.03,1.1,10.4,5.7,2.2,1.0,0.5,10.5,16.9,,-0.5,0.1,-0.4,-0.094,,-6.6,-1.8,-8.5,-0.3
Ade Murkey,1,1,0.0,,,,0.0,0.0,0.0,0.0,0.0,0.0,,0.0,,0.0,0.0,0.0,-0.024,,-7.1,-2.5,-9.6,0.0
Trey Murphy III,40,514,9.3,0.499,0.723,0.189,5.9,12.9,9.3,5.5,1.2,1.1,7.0,14.5,,0.3,0.3,0.6,0.054,,-1.7,-1.5,-3.2,-0.2
Dejounte Murray,48,1652,21.6,0.512,0.23,0.15,4.0,21.6,12.7,40.3,2.8,0.9,11.6,26.5,,2.5,2.3,4.8,0.139,,3.1,1.7,4.8,2.8
Mike Muscala,43,592,20.3,0.63,0.657,0.23,3.6,19.0,11.1,6.4,1.5,4.1,4.9,21.0,,1.5,0.8,2.3,0.19,,3.9,1.1,5.0,1.1
Svi Mykhailiuk,41,648,10.4,0.523,0.554,0.157,3.2,11.8,7.3,8.8,1.9,0.6,11.4,16.3,,0.3,0.5,0.8,0.062,,-2.0,-0.3,-2.3,0.0
Abdel Nader,14,145,5.0,0.431,0.4,0.286,3.0,16.4,9.9,6.0,2.7,2.4,21.8,15.0,,-0.3,0.3,0.0,-0.004,,-7.0,2.0,-5.0,-0.1
Larry Nance Jr.,37,858,14.8,0.581,0.313,0.247,7.2,19.8,13.4,12.3,2.2,1.5,11.0,12.5,,1.4,0.7,2.1,0.118,,0.0,0.5,0.5,0.5
RJ Nembhard Jr.,7,44,8.7,0.463,0.091,0.182,0.0,4.7,2.5,32.0,0.0,0.0,14.4,13.9,,0.0,0.0,0.1,0.06,,-3.9,-1.8,-5.7,0.0
Aaron Nesmith,39,398,4.8,0.445,0.631,0.123,2.7,14.3,8.6,4.3,1.5,0.5,13.3,17.4,,-0.6,0.6,-0.1,-0.008,,-6.3,0.1,-6.3,-0.4
Raul Neto,44,855,10.2,0.504,0.264,0.236,0.9,9.7,5.4,19.4,1.8,0.1,14.7,19.1,,-0.3,0.5,0.2,0.014,,-3.9,-0.4,-4.3,-0.5
Malik Newman,1,8,29.2,0.68,0.2,0.4,0.0,13.0,6.7,27.9,0.0,0.0,14.5,37.8,,0.0,0.0,0.0,0.204,,6.7,0.1,6.9,0.0
Georges Niang,50,1153,11.2,0.585,0.632,0.114,1.8,10.7,6.3,9.8,0.9,0.8,9.6,17.5,,1.1,0.8,1.9,0.078,,-1.0,-1.1,-2.1,0.0
Daishen Nix,8,67,17.5,0.704,0.35,0.15,1.6,14.8,8.2,24.6,5.0,0.0,29.7,19.2,,0.0,0.1,0.1,0.071,,-0.9,2.2,1.3,0.1
Zeke Nnaji,38,623,15.4,0.659,0.429,0.365,10.1,14.9,12.6,3.0,1.0,1.8,8.8,15.4,,1.4,0.5,2.0,0.152,,0.2,-1.9,-1.7,0.1
Nerlens Noel,25,562,12.0,0.581,0.05,0.5,9.0,18.0,13.4,5.7,2.7,5.5,21.5,7.3,,0.5,1.0,1.5,0.125,,-2.9,3.0,0.1,0.3
Jaylen Nowell,40,603,17.3,0.557,0.365,0.209,2.5,11.9,7.0,21.5,1.8,1.0,6.8,21.3,,1.3,0.5,1.8,0.143,,1.1,-0.2,0.9,0.4
Frank Ntilikina,44,567,9.7,0.501,0.522,0.133,1.3,10.7,6.0,13.5,2.0,1.0,11.6,17.0,,-0.1,0.8,0.7,0.061,,-3.3,0.9,-2.5,-0.1
Jusuf Nurkić,53,1481,20.2,0.582,0.093,0.445,11.1,32.0,21.3,15.9,2.0,2.2,16.7,23.6,,2.1,1.7,3.8,0.123,,0.1,0.1,0.2,0.8
David Nwaba,34,477,15.5,0.551,0.248,0.348,6.7,23.3,15.0,8.6,2.2,3.5,9.0,15.9,,0.6,0.5,1.0,0.102,,-0.6,0.1,-0.5,0.2
Jordan Nwora,42,805,11.0,0.51,0.505,0.066,3.7,16.6,10.3,7.8,1.2,1.6,10.9,19.6,,-0.2,0.9,0.7,0.042,,-2.0,-1.1,-3.1,-0.2
Royce O'Neale,51,1600,11.3,0.632,0.67,0.149,2.9,13.9,8.6,10.3,1.9,1.3,12.8,9.4,,2.4,1.9,4.3,0.128,,-0.2,2.0,1.9,1.6
Semi Ojeleye,20,308,5.1,0.376,0.586,0.186,8.7,11.0,9.9,2.1,0.8,1.6,6.2,11.3,,-0.1,0.2,0.1,0.018,,-4.7,-1.8,-6.6,-0.4
Chuma Okeke,45,1064,12.1,0.498,0.59,0.112,2.7,17.6,10.1,9.7,2.8,2.1,8.7,16.4,,-0.1,1.3,1.2,0.055,,-1.7,1.4,-0.3,0.4
Josh Okogie,33,408,7.3,0.466,0.48,0.493,6.3,9.4,7.8,5.6,2.0,2.4,15.7,11.1,,-0.1,0.4,0.3,0.036,,-4.2,0.4,-3.7,-0.2
Onyeka Okongwu,22,486,20.1,0.75,0.0,0.491,11.1,17.1,14.2,6.9,1.6,6.0,16.0,14.1,,1.5,0.5,2.0,0.197,,0.0,1.0,1.0,0.4
Isaac Okoro,40,1148,10.4,0.567,0.387,0.316,4.2,7.9,6.1,8.8,1.4,0.9,11.3,13.9,,1.1,1.4,2.5,0.106,,-2.6,1.0,-1.6,0.1
KZ Okpala,21,244,10.6,0.521,0.377,0.159,5.1,13.8,9.5,8.3,0.8,3.1,6.3,14.3,,0.2,0.3,0.5,0.101,,-2.9,0.2,-2.7,0.0
Cameron Oliver,2,43,21.8,0.705,0.2,0.2,5.1,10.0,7.6,11.2,1.1,2.1,0.0,16.6,,0.2,0.0,0.2,0.221,,2.6,-0.6,2.0,0.0
Kelly Olynyk,17,351,15.0,0.49,0.409,0.286,7.0,18.6,12.4,24.6,2.2,2.6,13.5,24.5,,0.0,0.4,0.3,0.044,,-0.6,1.0,0.4,0.2
Eugene Omoruyi,4,18,17.2,0.518,0.4,0.8,12.1,30.6,21.3,15.9,0.0,0.0,0.0,16.8,,0.1,0.0,0.1,0.206,,3.5,0.7,4.2,0.0
Miye Oni,16,44,0.5,0.265,0.889,0.111,2.6,14.3,8.7,14.2,0.0,0.0,9.6,10.3,,-0.1,0.0,0.0,-0.032,,-7.4,-0.4,-7.8,-0.1
Cedi Osman,43,998,13.1,0.547,0.629,0.202,2.0,8.7,5.5,12.8,1.9,0.7,8.2,20.4,,0.9,1.4,2.3,0.108,,-0.3,1.0,0.7,0.7
Daniel Oturu,3,27,13.6,0.549,0.167,0.833,3.8,16.9,10.0,0.0,0.0,7.2,0.0,13.0,,0.0,0.0,0.1,0.118,,-2.5,-2.8,-5.3,0.0
Kelly Oubre Jr.,50,1423,15.7,0.563,0.589,0.188,4.1,11.4,7.6,6.2,1.9,1.4,6.3,23.5,,1.5,0.9,2.4,0.082,,0.7,-1.7,-1.0,0.3
Jaysean Paige,1,7,-22.3,0.0,0.667,0.0,0.0,16.3,7.7,18.6,0.0,0.0,25.0,24.5,,-0.1,0.0,-0.1,-0.583,,-25.1,-6.7,-31.7,0.0
Trayvon Palmer,1,17,-5.7,0.0,0.0,0.0,0.0,13.4,6.3,0.0,0.0,0.0,50.0,5.0,,-0.1,0.0,0.0,-0.138,,-13.3,-2.2,-15.5,-0.1
Kevin Pangos,24,166,6.7,0.408,0.565,0.087,1.3,5.7,3.6,24.7,0.9,0.0,12.8,14.5,,0.0,0.2,0.1,0.033,,-4.5,-1.3,-5.8,-0.2
Jabari Parker,12,112,15.2,0.632,0.421,0.237,4.8,21.7,13.4,8.2,1.8,0.8,16.0,19.6,,0.1,0.2,0.3,0.145,,-0.3,0.8,0.5,0.1
Eric Paschall,41,544,13.3,0.619,0.515,0.365,5.0,11.7,8.5,6.1,0.5,0.6,11.4,17.5,,1.0,0.4,1.3,0.116,,0.2,-1.3,-1.1,0.1
Chris Paul,54,1798,21.0,0.578,0.268,0.273,1.0,13.0,7.1,43.6,2.7,0.9,15.4,19.9,,5.0,3.0,8.0,0.215,,3.0,2.1,5.1,3.2
Cameron Payne,40,815,12.9,0.498,0.343,0.169,2.1,11.9,7.2,25.4,1.4,1.3,14.5,26.0,,-0.2,1.1,0.9,0.051,,-1.0,0.1,-1.0,0.2
Elfrid Payton,34,397,8.1,0.404,0.097,0.177,4.7,13.0,9.0,22.6,2.2,0.9,20.7,18.3,,-0.6,0.6,0.0,-0.004,,-4.5,1.2,-3.3,-0.1
Gary Payton II,52,872,19.5,0.689,0.356,0.186,7.0,16.1,11.7,7.3,3.9,1.9,8.6,14.6,,2.1,2.0,4.1,0.228,,1.3,3.6,4.9,1.5
Norvel Pelle,3,19,12.4,0.6,0.0,0.0,17.9,16.5,17.2,0.0,0.0,4.5,28.6,16.0,,0.0,0.0,0.0,0.042,,-2.7,-4.2,-6.9,0.0
Reggie Perry,3,51,7.9,0.597,0.2,0.2,4.2,13.2,8.6,5.5,1.0,0.0,8.4,10.1,,0.1,0.0,0.1,0.071,,-4.9,-1.9,-6.8,-0.1
Jamorko Pickett,6,47,-4.2,0.15,0.7,0.0,4.3,17.0,10.3,2.8,0.0,1.9,23.1,11.9,,-0.2,0.0,-0.2,-0.193,,-9.4,-4.2,-13.6,-0.1
Theo Pinson,16,120,8.2,0.415,0.781,0.125,0.9,16.5,8.7,14.7,1.7,1.5,5.6,13.3,,0.0,0.2,0.2,0.061,,-3.4,1.3,-2.1,0.0
Mason Plumlee,47,1196,14.5,0.589,0.009,0.464,10.0,22.5,16.1,15.2,1.8,2.5,18.8,11.7,,1.7,1.2,2.9,0.118,,-1.6,1.3,-0.2,0.5
Jakob Poeltl,45,1296,21.1,0.604,0.0,0.28,14.2,18.7,16.4,13.9,1.2,5.0,12.5,18.3,,3.0,1.6,4.6,0.169,,1.1,0.6,1.7,1.2
Aleksej Pokusevski,38,601,9.8,0.449,0.46,0.066,6.2,20.9,13.4,11.5,1.8,3.0,16.8,18.8,,-0.9,0.9,-0.1,-0.005,,-4.1,0.6,-3.5,-0.2
Yves Pons,7,22,4.1,0.387,0.333,0.667,9.4,14.7,12.0,0.0,0.0,0.0,0.0,7.3,,0.0,0.0,0.0,0.026,,-4.1,-2.6,-6.7,0.0
Jordan Poole,49,1430,14.7,0.583,0.551,0.247,1.7,9.7,5.9,18.6,1.4,1.0,14.1,24.8,,1.5,2.0,3.5,0.117,,0.0,-0.2,-0.2,0.7
Kevin Porter Jr.,37,1108,11.4,0.508,0.505,0.271,2.7,11.9,7.3,31.4,1.9,0.8,21.4,23.7,,-0.8,0.4,-0.4,-0.017,,-1.4,-1.9,-3.3,-0.4
Michael Porter Jr.,9,265,7.8,0.416,0.466,0.087,3.9,20.7,12.4,9.0,1.9,0.7,10.1,19.9,,-0.5,0.3,-0.2,-0.028,,-3.7,0.4,-3.4,-0.1
Otto Porter Jr.,45,972,16.7,0.599,0.567,0.108,5.0,20.2,12.9,10.7,2.5,2.2,6.7,15.3,,1.8,2.0,3.8,0.188,,1.6,2.6,4.2,1.5
Bobby Portis,47,1351,18.9,0.588,0.377,0.149,9.7,23.2,16.6,7.1,1.2,2.9,10.1,22.0,,2.4,1.9,4.3,0.152,,1.6,-0.9,0.7,0.9
Kristaps Porziņģis,34,1002,22.1,0.561,0.341,0.335,6.9,21.7,14.2,11.8,1.3,5.4,8.3,28.4,,1.7,1.8,3.6,0.172,,2.5,0.8,3.3,1.3
Micah Potter,3,31,13.9,0.505,0.182,0.182,13.1,18.4,15.6,0.0,1.6,2.9,7.8,17.8,,0.0,0.0,0.0,0.073,,-4.1,-3.2,-7.3,0.0
Dwight Powell,55,1116,16.7,0.702,0.131,0.504,10.5,13.2,11.9,8.0,1.3,1.8,12.7,13.2,,3.2,1.5,4.7,0.202,,-0.3,0.8,0.5,0.7
Myles Powell,11,52,0.4,0.364,0.353,0.118,2.2,10.5,6.4,8.0,1.0,0.0,14.4,18.1,,-0.2,0.0,-0.1,-0.108,,-10.3,-2.3,-12.7,-0.1
Norman Powell,42,1380,16.3,0.597,0.421,0.365,1.4,9.4,5.3,10.4,1.5,1.3,8.9,23.0,,2.4,0.5,2.9,0.099,,1.1,-1.6,-0.6,0.5
Joshua Primo,26,400,7.7,0.473,0.521,0.149,4.1,7.1,5.6,11.5,1.1,2.9,17.3,16.5,,-0.3,0.3,-0.1,-0.01,,-3.1,-1.2,-4.2,-0.2
Taurean Prince,44,685,11.7,0.596,0.61,0.185,2.7,13.8,8.1,8.0,1.8,1.4,12.5,15.1,,0.6,0.6,1.3,0.09,,-1.3,0.0,-1.2,0.1
Payton Pritchard,45,548,11.1,0.516,0.605,0.068,2.4,11.2,6.8,20.5,0.7,0.7,12.1,19.3,,0.3,0.6,0.9,0.079,,-0.9,-0.8,-1.7,0.0
Trevelin Queen,8,69,15.5,0.61,0.759,0.103,7.9,14.4,11.1,7.1,3.4,0.0,18.8,22.9,,0.0,0.1,0.1,0.046,,0.5,-0.8,-0.4,0.0
Neemias Queta,10,56,12.9,0.417,0.0,0.217,20.9,15.5,18.2,10.5,0.9,6.1,13.7,22.3,,0.0,0.0,0.0,0.008,,-5.0,-1.4,-6.4,-0.1
Immanuel Quickley,51,1108,11.6,0.509,0.572,0.207,1.6,10.0,5.8,22.0,1.5,0.3,11.8,21.6,,0.7,0.8,1.5,0.064,,-1.5,-0.7,-2.3,-0.1
Jahmi'us Ramsey,19,134,8.2,0.468,0.31,0.241,3.2,7.3,5.2,7.9,0.4,0.6,7.2,22.0,,-0.1,0.0,-0.1,-0.042,,-3.2,-3.7,-6.9,-0.2
Julius Randle,53,1874,16.0,0.514,0.325,0.291,5.6,24.8,15.1,24.9,1.1,1.6,15.7,27.5,,0.2,2.3,2.5,0.065,,0.5,0.1,0.6,1.2
Austin Reaves,37,780,9.8,0.61,0.573,0.325,2.9,10.0,6.5,7.8,0.7,0.9,10.0,11.0,,1.0,0.4,1.4,0.088,,-2.2,-0.8,-3.0,-0.2
Cam Reddish,39,847,12.9,0.534,0.451,0.253,2.7,8.9,5.9,6.6,2.2,1.3,10.7,23.2,,0.1,0.5,0.6,0.033,,-0.9,-0.9,-1.9,0.0
Davon Reed,28,399,12.0,0.602,0.558,0.053,2.9,17.3,10.2,9.9,2.1,0.7,7.6,11.7,,0.5,0.5,1.0,0.121,,-0.9,1.0,0.1,0.2
Paul Reed,21,185,12.9,0.462,0.093,0.186,12.2,15.9,14.1,7.6,3.2,4.8,13.1,13.1,,0.1,0.3,0.4,0.101,,-4.0,1.6,-2.4,0.0
Naz Reid,52,830,16.7,0.563,0.347,0.308,9.4,16.7,12.9,8.0,1.3,6.2,12.9,21.9,,0.9,1.0,1.9,0.111,,-0.6,0.1,-0.5,0.3
Nick Richards,40,340,16.9,0.707,0.0,0.506,9.0,16.0,12.4,5.4,1.3,5.3,16.8,14.8,,0.7,0.3,1.0,0.146,,-1.9,0.0,-2.0,0.0
Josh Richardson,44,1087,12.5,0.57,0.455,0.207,2.6,9.6,6.1,9.0,1.6,1.9,9.4,16.7,,1.2,1.5,2.6,0.116,,-0.9,0.9,0.0,0.6
Austin Rivers,40,845,7.4,0.537,0.662,0.123,1.8,6.6,4.2,6.8,1.6,0.4,12.2,13.8,,0.0,0.6,0.6,0.031,,-3.4,-0.5,-3.8,-0.4
Duncan Robinson,52,1425,10.6,0.56,0.84,0.087,1.5,10.9,6.3,8.2,1.2,0.8,7.7,18.2,,1.2,1.4,2.6,0.087,,-0.4,-0.4,-0.8,0.5
Justin Robinson,25,304,3.8,0.404,0.656,0.086,1.4,6.0,3.7,14.4,1.4,0.3,15.0,16.0,,-0.5,0.2,-0.3,-0.05,,-6.3,-1.4,-7.7,-0.4
Mitchell Robinson,49,1243,20.8,0.743,0.0,0.553,15.8,21.2,18.4,2.9,1.2,6.2,11.8,11.4,,3.9,1.9,5.8,0.222,,1.1,0.7,1.8,1.2
Jeremiah Robinson-Earl,44,1014,11.1,0.506,0.514,0.144,7.0,18.8,12.8,6.6,1.3,1.4,10.1,14.8,,0.3,1.2,1.4,0.068,,-2.3,-0.2,-2.6,-0.1
Isaiah Roby,18,246,17.5,0.649,0.262,0.25,8.1,16.5,12.2,9.1,0.8,2.3,13.9,19.1,,0.5,0.2,0.7,0.139,,0.4,-0.3,0.1,0.1
Rajon Rondo,29,515,9.0,0.444,0.479,0.121,2.7,14.4,8.7,31.1,2.1,0.9,26.8,17.0,,-0.5,0.7,0.2,0.015,,-3.6,0.8,-2.7,-0.1
Derrick Rose,26,636,17.4,0.541,0.336,0.113,3.5,9.7,6.6,27.7,1.7,1.9,11.9,22.6,,0.9,0.6,1.5,0.11,,2.5,-0.3,2.2,0.7
Terrence Ross,47,1150,10.9,0.528,0.462,0.255,1.4,10.0,5.7,13.0,1.0,0.9,11.8,20.7,,-0.1,0.5,0.5,0.02,,-1.9,-1.2,-3.1,-0.3
Terry Rozier,47,1566,16.3,0.548,0.516,0.146,2.2,11.3,6.6,18.1,1.6,1.0,7.1,22.9,,2.2,0.8,2.9,0.09,,2.0,-1.0,0.9,1.2
Ricky Rubio,34,970,14.3,0.488,0.423,0.251,1.7,13.6,7.8,34.6,2.5,0.6,16.5,24.8,,0.1,1.6,1.7,0.085,,-0.8,1.2,0.4,0.6
D'Angelo Russell,41,1314,17.3,0.542,0.535,0.22,1.2,11.0,5.9,34.1,1.4,1.5,12.9,26.2,,2.1,1.0,3.0,0.111,,3.1,-1.1,2.0,1.3
Domantas Sabonis,48,1665,22.8,0.646,0.185,0.442,10.5,28.1,19.2,23.0,1.4,1.1,17.3,22.1,,4.8,1.7,6.4,0.185,,3.8,0.9,4.7,2.8
Olivier Sarr,2,14,15.0,0.515,0.333,0.667,0.0,37.1,18.2,0.0,0.0,13.5,0.0,12.0,,0.0,0.0,0.0,0.149,,-3.2,3.1,-0.1,0.0
Tomáš Satoranský,32,481,6.7,0.373,0.29,0.234,4.0,10.8,7.3,21.5,1.4,0.2,16.3,12.7,,-0.3,0.2,-0.1,-0.005,,-4.9,-0.7,-5.7,-0.4
Jordan Schakel,2,14,-10.6,0.0,0.5,0.0,15.8,7.6,11.6,0.0,0.0,0.0,0.0,19.0,,-0.1,0.0,-0.1,-0.389,,-12.0,-8.4,-20.4,-0.1
Admiral Schofield,20,235,8.4,0.594,0.6,0.091,2.7,16.8,9.8,9.5,0.4,1.2,16.1,12.6,,0.1,0.1,0.2,0.044,,-3.6,-0.8,-4.4,-0.1
Dennis Schröder,49,1433,14.0,0.543,0.329,0.248,2.1,10.0,6.1,22.9,1.4,0.3,13.8,23.1,,1.2,1.7,2.9,0.097,,-1.1,-0.3,-1.4,0.2
Tre Scott,2,11,20.7,0.5,0.167,0.0,10.1,9.5,9.8,0.0,4.5,8.1,0.0,24.0,,0.0,0.0,0.0,0.156,,-4.7,1.8,-2.9,0.0
Jay Scrubb,18,121,9.5,0.486,0.457,0.217,1.8,11.8,6.9,9.9,1.6,2.1,12.2,20.8,,-0.1,0.1,0.0,0.005,,-4.2,-0.6,-4.8,-0.1
Wayne Selden,3,19,4.5,0.434,0.5,1.0,0.0,5.7,2.8,7.3,0.0,0.0,0.0,13.4,,0.0,0.0,0.0,0.012,,-4.2,-2.0,-6.2,0.0
Alperen Şengün,46,858,16.4,0.561,0.197,0.508,9.9,17.7,13.8,20.5,2.1,4.7,20.7,22.5,,0.5,0.7,1.3,0.071,,-1.4,0.9,-0.5,0.3
Collin Sexton,11,316,11.5,0.523,0.298,0.258,4.6,7.6,6.1,12.0,1.6,0.0,15.6,27.7,,-0.3,0.4,0.1,0.012,,-3.3,-0.6,-3.9,-0.2
Landry Shamet,45,891,10.1,0.529,0.696,0.187,1.3,8.7,5.1,10.3,1.1,0.4,7.1,16.3,,0.7,1.0,1.6,0.088,,-1.1,0.1,-1.0,0.2
Day'Ron Sharpe,26,326,19.5,0.578,0.032,0.238,22.6,20.3,21.4,5.7,1.0,4.1,16.2,22.0,,0.5,0.4,0.9,0.13,,-1.6,-2.9,-4.5,-0.2
Pascal Siakam,40,1516,20.0,0.56,0.184,0.326,5.9,20.1,12.7,22.4,1.7,2.1,12.5,25.0,,2.9,1.8,4.6,0.147,,2.3,0.7,3.1,1.9
Chris Silva,10,91,11.8,0.641,0.0,0.8,16.2,28.3,22.3,10.7,0.0,1.2,28.3,13.8,,0.1,0.1,0.3,0.138,,-4.8,-0.1,-4.9,-0.1
Marko Simonovic,9,35,10.4,0.428,0.333,0.733,16.0,15.7,15.9,0.0,1.4,2.5,9.2,27.5,,0.0,0.0,0.0,0.0,,-5.8,-5.1,-11.0,-0.1
Anfernee Simons,50,1449,15.0,0.573,0.552,0.134,1.7,8.5,5.0,21.0,0.9,0.4,11.8,24.0,,1.9,0.1,2.0,0.065,,1.5,-2.6,-1.1,0.3
Jericho Sims,17,111,13.7,0.745,0.0,0.364,10.5,15.7,13.0,1.3,1.4,6.2,13.6,5.9,,0.2,0.2,0.4,0.154,,-1.3,1.3,0.0,0.1
Deividas Sirvydis,3,27,0.2,0.15,0.7,0.0,0.0,25.4,12.0,5.1,5.4,3.4,0.0,15.9,,-0.1,0.1,-0.1,-0.144,,-10.9,2.0,-8.9,0.0
Javonte Smart,13,160,2.6,0.34,0.419,0.14,2.7,9.6,6.3,11.2,1.2,1.2,16.5,14.7,,-0.3,0.1,-0.2,-0.064,,-7.2,-0.9,-8.1,-0.2
Marcus Smart,47,1549,13.3,0.532,0.49,0.251,2.0,10.7,6.4,23.6,2.8,0.8,16.0,17.2,,1.2,2.5,3.7,0.114,,-1.8,1.9,0.1,0.8
Dennis Smith Jr.,37,638,13.6,0.474,0.143,0.339,3.4,12.0,7.6,30.2,3.5,1.8,19.0,18.3,,0.0,0.6,0.6,0.047,,-2.6,1.0,-1.5,0.1
Ish Smith,37,511,9.9,0.434,0.135,0.103,2.2,9.8,5.9,26.4,1.9,1.9,15.7,19.0,,-0.4,0.3,-0.1,-0.011,,-3.6,-1.0,-4.6,-0.3
Jalen Smith,29,382,16.3,0.547,0.285,0.38,15.7,22.8,19.3,2.2,0.8,4.1,12.1,20.5,,0.5,0.7,1.2,0.146,,-1.7,-0.7,-2.4,0.0
Xavier Sneed,2,8,-7.2,0.0,1.0,0.0,12.9,13.5,13.2,0.0,0.0,0.0,0.0,10.3,,0.0,0.0,0.0,-0.154,,-14.3,-5.7,-20.0,0.0
Tony Snell,38,546,5.4,0.503,0.773,0.031,2.2,12.6,7.2,4.9,0.7,1.2,10.1,8.7,,0.0,0.1,0.2,0.013,,-3.7,-1.0,-4.8,-0.4
Jaden Springer,2,6,26.9,1.0,0.0,0.0,18.8,18.2,18.5,0.0,0.0,29.8,50.0,15.0,,0.0,0.0,0.0,0.142,,8.5,8.7,17.2,0.0
Cassius Stanley,9,155,8.2,0.516,0.37,0.217,3.3,10.3,6.6,4.0,1.6,1.2,10.6,15.6,,0.0,0.1,0.1,0.02,,-4.9,-1.2,-6.1,-0.2
Nik Stauskas,2,24,13.4,0.564,0.5,0.5,4.7,9.3,7.0,6.1,0.0,0.0,0.0,18.0,,0.1,0.0,0.1,0.148,,0.2,-1.4,-1.2,0.0
Lance Stephenson,26,445,13.9,0.53,0.312,0.243,2.5,16.4,9.4,33.1,1.1,0.2,17.6,22.6,,0.3,0.2,0.5,0.057,,-1.3,-1.8,-3.1,-0.1
Lamar Stevens,39,576,11.0,0.532,0.247,0.23,5.6,11.1,8.4,6.4,1.7,1.4,10.3,16.3,,0.2,0.8,1.1,0.09,,-2.9,1.1,-1.8,0.0
Isaiah Stewart,46,1194,13.2,0.542,0.078,0.217,11.8,24.2,17.7,6.6,0.6,4.0,15.1,14.3,,0.8,1.1,1.8,0.074,,-3.0,-0.7,-3.7,-0.5
Max Strus,43,1038,13.2,0.611,0.753,0.106,2.1,13.4,7.8,8.3,0.7,0.9,8.0,18.3,,1.6,1.0,2.5,0.118,,1.6,-0.7,0.9,0.7
Jalen Suggs,35,979,8.8,0.463,0.359,0.29,2.4,11.7,7.0,23.5,2.1,1.3,19.2,25.4,,-2.0,0.8,-1.2,-0.06,,-4.8,-0.6,-5.4,-0.9
Craig Sword,3,19,14.5,0.75,0.25,0.0,0.0,0.0,0.0,7.9,10.4,0.0,20.0,11.7,,0.0,0.0,0.1,0.167,,-8.4,10.1,1.7,0.0
Keifer Sykes,18,353,6.3,0.464,0.467,0.117,1.9,9.1,5.5,15.2,1.0,0.7,16.0,18.4,,-0.3,0.1,-0.2,-0.033,,-4.2,-2.0,-6.1,-0.4
Jae'Sean Tate,52,1418,15.1,0.569,0.271,0.279,6.9,15.6,11.3,18.0,1.7,2.0,14.8,19.8,,1.6,0.7,2.4,0.08,,-0.8,-0.4,-1.1,0.3
Jayson Tatum,52,1874,20.0,0.548,0.406,0.286,3.5,21.2,12.5,20.2,1.3,1.8,11.1,31.9,,2.2,3.1,5.3,0.136,,3.1,0.3,3.4,2.6
Terry Taylor,10,166,24.9,0.602,0.104,0.149,23.1,20.8,21.9,15.8,0.3,1.0,5.3,19.6,,0.7,0.1,0.8,0.238,,4.9,-3.0,1.8,0.2
Garrett Temple,50,984,9.0,0.5,0.611,0.149,3.0,12.0,7.4,9.4,2.0,2.0,12.0,13.9,,0.0,0.8,0.8,0.038,,-2.9,0.2,-2.7,-0.2
Emanuel Terry,3,18,-0.1,0.0,0.0,0.0,48.3,40.3,44.2,12.5,2.7,0.0,50.0,24.0,,-0.1,0.0,-0.1,-0.255,,-12.9,-5.5,-18.5,-0.1
Tyrell Terry,2,3,20.6,1.0,0.0,0.0,0.0,0.0,0.0,0.0,0.0,0.0,0.0,13.8,,0.0,0.0,0.0,0.223,,-3.3,2.4,-1.0,0.0
Jon Teske,3,8,1.6,0.0,0.0,2.0,0.0,26.9,13.2,14.1,6.0,0.0,0.0,9.7,,0.0,0.0,0.0,-0.087,,-8.4,3.5,-4.9,0.0
Daniel Theis,26,584,10.9,0.554,0.441,0.223,6.0,18.5,12.2,5.2,0.9,2.7,13.6,16.5,,0.1,0.2,0.4,0.031,,-2.4,-1.1,-3.4,-0.2
Brodric Thomas,7,28,-1.7,0.202,0.667,0.222,7.7,11.3,9.5,23.0,0.0,0.0,23.3,20.2,,-0.1,0.0,-0.1,-0.197,,-8.9,-3.1,-12.0,-0.1
Cam Thomas,43,785,11.6,0.515,0.365,0.182,1.1,12.8,7.1,9.6,1.4,0.8,9.2,21.5,,-0.1,0.5,0.4,0.026,,-2.0,-1.6,-3.6,-0.3
Isaiah Thomas,5,114,4.5,0.415,0.532,0.234,0.9,6.5,3.7,13.3,0.0,1.6,8.8,21.6,,-0.2,0.0,-0.2,-0.065,,-5.2,-2.6,-7.9,-0.2
Matt Thomas,32,417,10.2,0.568,0.678,0.14,0.8,11.1,6.0,6.1,0.8,0.4,4.5,14.2,,0.4,0.2,0.6,0.069,,-0.8,-1.7,-2.5,-0.1
Klay Thompson,12,287,18.6,0.56,0.533,0.13,2.4,12.4,7.6,21.5,1.4,2.0,9.6,30.0,,0.3,0.4,0.8,0.132,,3.7,-0.4,3.3,0.4
Tristan Thompson,30,455,15.4,0.521,0.007,0.397,16.9,21.2,19.0,5.9,1.2,2.2,14.1,19.4,,0.3,0.3,0.7,0.069,,-1.6,-2.0,-3.6,-0.2
JT Thor,15,128,8.5,0.467,0.625,0.313,4.8,11.0,7.8,8.0,1.5,4.5,12.1,13.7,,0.0,0.1,0.1,0.026,,-4.2,-1.4,-5.6,-0.1
Matisse Thybulle,39,1034,11.0,0.594,0.525,0.105,2.3,7.3,4.8,5.8,3.3,3.8,11.7,9.4,,0.6,1.5,2.1,0.099,,-2.2,3.2,1.0,0.8
Killian Tillie,32,427,9.1,0.481,0.664,0.069,4.8,8.8,6.8,5.9,2.6,3.0,8.4,12.7,,0.1,0.5,0.7,0.076,,-2.9,1.1,-1.9,0.0
Xavier Tillman Sr.,39,510,15.2,0.505,0.229,0.314,9.3,14.8,12.0,10.4,3.9,2.5,13.0,16.2,,0.4,0.9,1.2,0.117,,-1.1,2.2,1.1,0.4
Isaiah Todd,9,35,15.7,0.477,0.667,0.267,6.3,21.2,14.0,4.2,2.8,4.8,5.6,22.5,,0.0,0.1,0.0,0.061,,1.6,0.3,1.9,0.0
Obi Toppin,50,775,17.3,0.593,0.301,0.301,6.3,19.1,12.6,10.1,0.9,2.8,10.5,20.1,,1.3,0.8,2.2,0.135,,0.5,0.1,0.6,0.5
Juan Toscano-Anderson,53,799,11.7,0.56,0.36,0.285,3.7,15.5,9.8,18.1,2.4,1.8,20.8,15.5,,0.3,1.5,1.8,0.108,,-2.8,2.4,-0.3,0.3
Karl-Anthony Towns,48,1648,23.8,0.632,0.315,0.357,8.4,21.5,14.7,19.3,1.4,3.4,14.6,27.3,,4.6,2.0,6.6,0.193,,4.6,0.5,5.1,3.0
Gary Trent Jr.,44,1533,15.7,0.558,0.514,0.147,1.0,7.7,4.2,8.8,2.7,0.9,5.5,21.3,,2.4,1.5,3.9,0.121,,0.5,0.4,0.9,1.1
P.J. Tucker,48,1359,12.7,0.631,0.487,0.156,5.7,15.9,10.8,10.8,1.5,0.9,12.7,12.1,,2.2,1.7,3.9,0.139,,0.1,1.2,1.4,1.2
Rayjon Tucker,3,29,14.0,0.798,1.0,2.0,3.9,11.3,7.7,16.9,1.7,0.0,0.0,5.7,,0.1,0.0,0.1,0.22,,0.8,1.3,2.0,0.0
Myles Turner,42,1235,17.9,0.615,0.466,0.267,5.8,20.9,13.3,5.3,1.1,8.3,10.9,17.2,,1.9,1.6,3.5,0.136,,0.3,1.4,1.7,1.1
Jonas Valančiūnas,48,1503,21.0,0.608,0.178,0.309,11.5,29.7,20.4,14.1,0.8,2.7,14.5,24.0,,3.0,1.6,4.6,0.148,,2.1,-0.4,1.7,1.4
Denzel Valentine,24,222,8.2,0.523,0.712,0.0,4.5,15.5,10.2,7.0,1.8,0.0,15.4,15.4,,-0.1,0.3,0.3,0.055,,-3.0,0.4,-2.6,0.0
Jarred Vanderbilt,50,1301,16.8,0.617,0.043,0.349,12.4,24.7,18.3,7.1,2.8,2.8,14.8,11.1,,2.4,2.2,4.6,0.17,,-0.4,1.4,1.0,1.0
Fred VanVleet,48,1851,19.0,0.568,0.574,0.197,2.1,11.3,6.4,28.8,2.2,1.3,12.6,24.1,,4.1,1.7,5.8,0.151,,4.3,0.2,4.5,3.0
Devin Vassell,47,1195,13.3,0.537,0.502,0.112,2.2,15.5,8.8,8.3,1.9,2.0,6.6,18.9,,0.8,1.3,2.0,0.081,,-0.6,0.0,-0.5,0.4
Gabe Vincent,46,1099,12.0,0.57,0.627,0.11,1.9,7.6,4.8,20.7,2.1,1.1,16.3,18.3,,0.9,1.3,2.2,0.095,,-1.0,0.6,-0.5,0.4
Nikola Vučević,48,1618,18.9,0.529,0.303,0.101,6.8,31.4,19.2,16.6,1.4,3.1,9.9,24.0,,1.4,2.3,3.7,0.109,,1.3,0.2,1.5,1.4
Dean Wade,40,763,10.1,0.579,0.671,0.138,3.7,13.0,8.5,8.1,1.4,0.6,8.3,11.1,,0.9,1.0,1.9,0.119,,-1.8,1.4,-0.4,0.3
Franz Wagner,56,1795,14.6,0.553,0.27,0.222,3.6,11.8,7.7,15.4,1.3,1.3,10.3,21.4,,1.6,1.1,2.7,0.072,,-0.4,-0.7,-1.0,0.4
Moritz Wagner,45,564,18.5,0.627,0.521,0.332,4.2,16.7,10.4,15.1,1.1,1.6,10.5,23.5,,1.2,0.4,1.7,0.143,,1.8,-0.2,1.6,0.5
Ish Wainright,27,201,6.9,0.44,0.534,0.086,10.3,8.2,9.2,5.7,1.9,1.8,14.2,15.1,,-0.1,0.3,0.2,0.039,,-4.4,0.1,-4.3,-0.1
Kemba Walker,33,853,13.8,0.53,0.533,0.18,1.5,11.7,6.5,21.7,1.5,0.6,11.1,20.9,,0.8,0.7,1.5,0.084,,0.3,-0.4,-0.1,0.4
Lonnie Walker IV,50,1133,11.5,0.489,0.457,0.171,1.1,10.7,5.9,14.4,1.4,1.2,8.6,22.9,,-0.2,0.8,0.6,0.025,,-1.9,-1.2,-3.1,-0.3
M.J. Walker,2,8,-3.3,0.0,0.5,0.0,0.0,12.9,6.6,14.0,12.1,0.0,0.0,21.6,,-0.1,0.0,0.0,-0.271,,-15.7,6.0,-9.7,0.0
Derrick Walton,3,108,6.1,0.342,0.5,0.154,1.9,8.5,5.0,27.3,3.2,3.4,28.4,15.4,,-0.3,0.1,-0.2,-0.073,,-5.4,0.7,-4.7,-0.1
Brad Wanamaker,23,320,7.8,0.472,0.221,0.325,2.1,11.4,6.7,23.1,1.1,1.6,20.7,15.0,,-0.1,0.2,0.1,0.015,,-5.1,-0.6,-5.7,-0.3
Duane Washington Jr.,24,505,10.0,0.495,0.513,0.116,0.4,10.4,5.4,14.6,1.1,0.2,9.6,22.3,,-0.1,0.2,0.0,0.005,,-2.0,-2.9,-4.8,-0.4
P.J. Washington,39,958,14.1,0.583,0.603,0.193,5.4,18.4,11.7,11.3,1.4,3.5,13.6,16.9,,1.0,0.8,1.8,0.091,,-0.2,0.0,-0.2,0.4
Yuta Watanabe,23,353,9.5,0.507,0.553,0.252,4.1,18.1,10.8,6.0,1.0,2.8,12.3,15.9,,0.0,0.3,0.3,0.045,,-2.7,-0.7,-3.3,-0.1
Tremont Waters,3,50,5.6,0.357,0.643,0.0,0.0,9.1,4.3,18.5,5.0,0.0,22.2,15.5,,-0.1,0.1,0.0,-0.042,,-7.6,-0.1,-7.7,-0.1
Trendon Watford,30,364,14.6,0.607,0.104,0.323,7.1,19.5,13.1,11.3,1.2,3.7,15.4,15.5,,0.5,0.3,0.8,0.1,,-2.6,0.0,-2.6,-0.1
Paul Watson,9,156,5.9,0.432,0.743,0.057,1.9,16.0,8.8,7.4,0.9,1.8,10.0,11.1,,-0.1,0.2,0.0,0.013,,-4.8,-0.7,-5.5,-0.1
Quinndary Weatherspoon,5,33,11.2,0.643,0.1,0.2,3.4,15.9,9.9,9.3,1.5,2.9,21.6,18.3,,0.0,0.1,0.1,0.1,,-6.8,0.3,-6.4,0.0
Russell Westbrook,55,1902,15.1,0.503,0.218,0.321,4.2,19.6,12.0,34.0,1.5,0.7,18.3,27.7,,-0.5,2.0,1.5,0.037,,-0.8,-0.7,-1.4,0.2
Coby White,35,961,12.7,0.562,0.531,0.168,1.2,9.9,5.5,13.7,0.8,0.9,9.6,20.4,,0.9,0.4,1.3,0.067,,-0.7,-2.1,-2.8,-0.2
Derrick White,49,1486,16.2,0.551,0.453,0.281,1.7,10.5,6.1,25.2,1.6,2.3,12.0,20.7,,2.3,1.3,3.5,0.114,,1.3,0.3,1.6,1.4
Hassan Whiteside,43,786,21.6,0.647,0.0,0.485,14.6,29.0,22.1,3.3,0.8,7.0,12.1,17.8,,2.2,1.5,3.6,0.222,,-0.1,1.1,1.0,0.6
Joe Wieskamp,14,88,13.3,0.615,0.667,0.259,2.3,6.0,4.2,6.1,1.1,1.9,3.2,15.0,,0.2,0.0,0.2,0.109,,1.0,-0.7,0.3,0.1
Aaron Wiggins,31,680,11.6,0.585,0.451,0.269,4.3,12.2,8.2,7.5,1.7,0.8,12.1,14.2,,0.6,0.7,1.2,0.087,,-2.7,0.5,-2.3,0.0
Andrew Wiggins,50,1580,16.5,0.583,0.392,0.233,3.6,10.7,7.3,10.8,1.5,2.1,9.0,23.4,,2.0,2.4,4.5,0.136,,1.2,0.3,1.5,1.4
Lindell Wigginton,6,25,28.5,1.167,0.333,0.0,0.0,4.1,2.1,19.7,3.9,4.0,14.3,12.0,,0.1,0.0,0.2,0.335,,6.1,4.9,11.0,0.1
Brandon Williams,2,12,26.6,0.658,0.0,2.333,0.0,18.8,9.1,26.0,0.0,0.0,0.0,22.1,,0.1,0.0,0.1,0.286,,5.1,-1.0,4.1,0.0
Grant Williams,51,1165,12.0,0.657,0.676,0.185,3.7,11.4,7.6,6.8,1.1,2.8,12.2,12.0,,1.8,1.6,3.4,0.139,,-0.7,1.2,0.5,0.7
Kenrich Williams,46,995,13.1,0.52,0.381,0.147,7.1,13.7,10.4,15.8,2.0,0.9,12.6,15.9,,0.6,1.1,1.7,0.083,,-1.5,0.9,-0.6,0.4
Lou Williams,37,541,13.6,0.512,0.35,0.239,2.2,9.4,5.9,19.6,1.7,0.5,10.4,22.6,,0.4,0.2,0.6,0.052,,-1.2,-1.6,-2.8,-0.1
Patrick Williams,5,125,9.5,0.666,0.261,0.174,0.9,8.8,4.9,3.1,1.2,1.4,7.5,9.4,,0.2,0.1,0.2,0.087,,-2.4,0.4,-2.0,0.0
Robert Williams,45,1335,22.0,0.744,0.004,0.271,14.0,20.1,17.1,10.1,1.5,6.8,14.9,11.5,,4.3,2.8,7.1,0.255,,2.3,2.8,5.0,2.3
Ziaire Williams,36,775,8.5,0.533,0.579,0.092,1.5,7.6,4.5,5.6,1.2,0.8,7.4,14.4,,0.5,0.5,1.0,0.061,,-3.1,-1.0,-4.1,-0.4
D.J. Wilson,3,48,26.8,0.779,0.182,0.909,2.2,30.9,15.8,12.6,5.2,2.0,11.5,15.6,,0.2,0.1,0.3,0.318,,1.5,3.2,4.7,0.1
Dylan Windler,37,344,9.7,0.581,0.701,0.117,4.5,14.6,9.7,10.0,1.3,0.5,13.8,12.0,,0.3,0.5,0.8,0.111,,-2.0,1.3,-0.7,0.1
Justise Winslow,40,565,12.9,0.492,0.243,0.254,6.3,22.4,14.5,15.3,2.3,3.2,18.3,17.8,,-0.3,0.9,0.7,0.056,,-3.3,1.7,-1.6,0.1
Cassius Winston,2,7,2.7,0.347,1.0,1.0,0.0,0.0,0.0,34.8,0.0,0.0,25.8,24.6,,0.0,0.0,0.0,-0.185,,-4.8,-6.0,-10.8,0.0
Christian Wood,51,1584,18.4,0.572,0.37,0.35,6.1,30.3,18.1,11.6,1.2,2.8,10.9,23.8,,1.8,1.3,3.2,0.096,,1.6,-0.9,0.7,1.1
Robert Woodard II,12,42,2.2,0.207,0.25,0.125,12.7,15.5,14.1,9.0,1.1,2.0,5.6,18.2,,-0.1,0.0,-0.1,-0.143,,-6.5,-3.8,-10.4,-0.1
Delon Wright,49,893,13.2,0.554,0.387,0.231,4.0,12.0,8.0,18.2,2.8,1.0,14.8,11.0,,1.2,0.7,1.9,0.103,,-0.3,1.7,1.4,0.8
McKinley Wright IV,3,9,14.0,0.833,0.667,0.0,0.0,0.0,0.0,17.7,0.0,0.0,25.0,18.5,,0.0,0.0,0.0,0.082,,0.5,-2.8,-2.3,0.0
Moses Wright,1,1,31.7,,,,0.0,0.0,0.0,100.0,0.0,0.0,,0.0,,0.0,0.0,0.0,0.439,,10.8,13.4,24.3,0.0
Thaddeus Young,26,370,19.0,0.574,0.039,0.172,11.2,15.1,13.1,22.9,3.0,1.6,17.9,19.2,,0.5,0.5,1.0,0.13,,0.7,1.6,2.3,0.4
Trae Young,49,1692,25.0,0.591,0.377,0.328,2.0,10.3,6.2,46.5,1.4,0.3,15.0,35.2,,5.2,0.5,5.7,0.16,,6.6,-2.2,4.4,2.8
Omer Yurtseven,39,558,18.0,0.547,0.036,0.259,13.6,33.5,23.6,11.9,1.3,3.5,13.7,19.8,,0.7,1.1,1.8,0.154,,-1.3,0.7,-0.7,0.2
Cody Zeller,27,355,17.7,0.627,0.044,0.544,15.1,23.8,19.3,9.3,1.1,1.6,14.6,16.0,,0.9,0.2,1.2,0.16,,-0.9,-1.0,-1.9,0.0
Ivica Zubac,50,1197,18.5,0.686,0.0,0.562,11.7,22.9,17.4,7.9,0.9,3.6,16.7,15.1,,2.9,1.8,4.7,0.189,,-0.1,0.9,0.7,0.8
