Player,G,GS,MP,FG,FGA,FG%,3P,3PA,3P%,2P,2PA,2P%,eFG%,FT,FTA,FT%,ORB,DRB,TRB,AST,STL,BLK,TOV,PF,PTS
Precious Achiuwa,44,22,23.8,3.2,7.5,0.422,0.4,1.2,0.296,2.8,6.3,0.446,0.446,0.9,1.6,0.557,2.3,4.9,7.2,1.2,0.5,0.6,1.0,2.0,7.6
Steven Adams,52,51,26.0,2.6,4.9,0.53,0.0,0.0,,2.6,4.9,0.53,0.53,1.5,2.6,0.582,4.4,5.1,9.5,3.1,0.9,0.6,1.6,1.8,6.7
Bam Adebayo,30,30,32.8,6.8,13.2,0.518,0.0,0.1,0.0,6.8,13.1,0.522,0.518,4.6,6.0,0.772,2.7,7.3,10.0,3.5,1.6,0.6,3.0,3.2,18.3
Santi Aldama,27,0,10.3,1.4,3.6,0.381,0.1,1.4,0.103,1.2,2.1,0.569,0.402,0.4,0.7,0.6,0.9,1.5,2.4,0.5,0.1,0.3,0.3,1.0,3.3
LaMarcus Aldridge,36,11,22.9,5.8,10.4,0.555,0.3,1.1,0.316,5.4,9.3,0.582,0.571,1.6,1.9,0.853,1.5,4.1,5.6,0.9,0.4,1.1,0.9,1.8,13.4
Nickeil Alexander-Walker,50,19,26.3,4.7,12.6,0.375,1.9,6.1,0.311,2.8,6.5,0.434,0.45,1.4,1.9,0.722,0.7,2.6,3.3,2.8,0.8,0.4,1.7,1.8,12.8
Grayson Allen,46,45,28.2,4.1,9.5,0.428,2.5,6.5,0.394,1.5,3.0,0.5,0.562,1.0,1.2,0.857,0.5,2.9,3.5,1.5,0.8,0.3,0.6,1.4,11.7
Jarrett Allen,47,47,32.6,6.6,9.9,0.667,0.0,0.2,0.1,6.6,9.7,0.679,0.668,3.0,4.3,0.686,3.6,7.6,11.2,1.8,0.8,1.4,1.8,1.8,16.2
Jose Alvarado,27,1,12.4,1.9,4.4,0.42,0.6,1.8,0.306,1.3,2.6,0.5,0.483,0.5,0.8,0.667,0.3,1.0,1.3,2.0,1.1,0.1,0.4,1.4,4.8
Justin Anderson,6,0,12.8,1.0,3.2,0.316,0.5,2.5,0.2,0.5,0.7,0.75,0.395,1.0,1.2,0.857,0.3,1.3,1.7,1.5,0.3,0.2,0.5,1.5,3.5
Kyle Anderson,43,8,22.2,3.1,7.2,0.431,0.6,1.8,0.342,2.5,5.5,0.46,0.473,1.1,1.6,0.657,1.0,4.3,5.3,2.6,1.1,0.6,1.0,1.5,7.9
Giannis Antetokounmpo,46,46,32.6,10.0,18.4,0.544,1.2,3.9,0.303,8.8,14.6,0.607,0.575,8.0,11.0,0.722,1.9,9.4,11.3,6.0,1.0,1.4,3.3,3.2,29.2
Thanasis Antetokounmpo,33,5,10.5,1.2,2.5,0.458,0.0,0.3,0.091,1.1,2.2,0.514,0.464,0.5,0.7,0.625,0.9,1.4,2.3,0.6,0.4,0.2,0.6,1.7,2.8
Carmelo Anthony,50,3,26.5,4.6,10.5,0.437,2.3,5.9,0.392,2.3,4.6,0.496,0.548,2.0,2.4,0.824,0.8,3.3,4.2,1.0,0.7,0.8,0.9,2.2,13.4
Cole Anthony,42,42,33.2,6.0,15.4,0.392,2.2,6.6,0.327,3.9,8.8,0.441,0.462,3.5,4.2,0.851,0.6,5.2,5.9,6.1,0.9,0.3,2.8,2.7,17.8
OG Anunoby,38,38,37.2,6.9,15.5,0.446,2.5,7.0,0.358,4.4,8.6,0.517,0.526,2.1,2.8,0.743,1.6,4.2,5.8,2.7,1.6,0.6,1.8,3.0,18.4
Trevor Ariza,18,8,19.4,1.4,3.8,0.362,1.1,3.2,0.333,0.3,0.7,0.5,0.5,0.4,0.6,0.7,0.3,3.1,3.3,1.3,0.6,0.2,0.4,1.0,4.2
D.J. Augustin,34,2,15.0,1.6,4.0,0.404,1.1,2.8,0.406,0.5,1.2,0.4,0.548,1.0,1.1,0.868,0.2,1.0,1.2,2.2,0.3,0.0,1.3,0.5,5.4
Deni Avdija,53,6,22.8,2.7,6.1,0.444,0.8,2.7,0.306,1.9,3.4,0.556,0.512,1.1,1.4,0.747,0.6,4.2,4.9,1.6,0.8,0.6,0.9,2.3,7.3
Joel Ayayi,7,0,2.9,0.1,0.9,0.167,0.0,0.1,0.0,0.1,0.7,0.2,0.167,0.0,0.0,,0.1,0.3,0.4,0.6,0.0,0.0,0.0,0.0,0.3
Deandre Ayton,33,33,29.3,7.0,11.0,0.635,0.1,0.2,0.25,6.9,10.8,0.643,0.637,2.0,2.8,0.725,2.8,7.6,10.4,1.5,0.8,0.8,1.7,2.3,16.1
Udoka Azubuike,13,5,11.5,1.8,2.6,0.676,0.0,0.0,,1.8,2.6,0.676,0.676,0.3,0.7,0.444,1.0,3.0,4.0,0.0,0.1,0.8,0.8,1.3,3.8
Marvin Bagley III,30,17,21.9,3.8,8.2,0.463,0.5,2.1,0.242,3.3,6.1,0.538,0.494,1.2,1.6,0.745,2.2,4.9,7.2,0.6,0.3,0.4,0.7,1.7,9.3
LaMelo Ball,49,49,32.4,7.1,16.8,0.423,2.6,7.1,0.361,4.5,9.7,0.468,0.499,3.0,3.5,0.865,1.6,5.5,7.1,7.5,1.6,0.4,3.1,3.1,19.8
Lonzo Ball,35,35,34.6,4.6,10.9,0.423,3.1,7.4,0.423,1.5,3.5,0.423,0.567,0.6,0.8,0.75,1.0,4.4,5.4,5.1,1.8,0.9,2.3,2.4,13.0
Mo Bamba,45,43,26.2,4.0,8.5,0.47,1.3,3.7,0.343,2.7,4.8,0.567,0.545,0.8,1.1,0.792,2.1,5.9,8.0,1.3,0.6,1.9,1.3,2.6,10.1
Desmond Bane,52,52,30.1,6.6,14.4,0.459,2.8,6.9,0.408,3.8,7.5,0.505,0.556,1.5,1.7,0.897,0.6,3.9,4.4,2.5,1.1,0.5,1.5,2.4,17.5
Dalano Banton,43,1,11.7,1.4,3.5,0.403,0.3,0.9,0.289,1.1,2.6,0.441,0.44,0.4,0.7,0.643,0.6,1.6,2.2,1.6,0.5,0.2,1.0,1.2,3.5
Cat Barber,3,0,4.3,0.0,1.3,0.0,0.0,0.0,,0.0,1.3,0.0,0.0,0.0,1.3,0.0,0.3,0.7,1.0,1.0,0.0,0.0,0.3,0.3,0.0
Harrison Barnes,52,52,33.8,5.2,11.3,0.462,2.0,4.9,0.412,3.2,6.3,0.502,0.553,4.7,5.6,0.829,1.1,5.0,6.1,2.5,0.7,0.2,1.6,1.3,17.1
Scottie Barnes,45,45,36.0,5.8,12.3,0.475,0.9,2.7,0.325,5.0,9.6,0.516,0.51,2.3,3.1,0.741,2.5,5.1,7.7,3.4,1.0,0.8,1.9,2.8,14.8
RJ Barrett,48,48,33.1,6.4,15.5,0.412,2.0,5.6,0.354,4.4,9.8,0.445,0.476,3.2,4.6,0.695,0.9,4.8,5.7,2.6,0.5,0.3,2.0,2.0,18.0
Will Barton,47,47,32.6,5.9,13.4,0.444,2.3,6.2,0.375,3.6,7.1,0.504,0.532,1.3,1.7,0.778,0.7,4.3,5.0,4.1,0.9,0.5,1.9,1.6,15.6
Paris Bass,2,0,3.5,1.0,3.0,0.333,0.0,1.0,0.0,1.0,2.0,0.5,0.333,1.0,1.0,1.0,1.0,1.0,2.0,0.0,0.5,0.0,1.0,1.0,3.0
Charles Bassey,22,0,7.3,1.3,2.0,0.651,0.0,0.2,0.0,1.3,1.8,0.718,0.651,0.4,0.5,0.727,0.9,1.8,2.7,0.3,0.2,0.8,0.4,1.4,2.9
Keita Bates-Diop,42,12,16.7,2.2,4.4,0.5,0.3,1.0,0.333,1.9,3.4,0.549,0.538,0.7,1.0,0.69,1.1,3.0,4.0,0.6,0.5,0.3,0.7,1.0,5.4
Nicolas Batum,35,30,24.9,3.2,6.6,0.483,1.9,4.8,0.405,1.3,1.8,0.688,0.629,0.5,0.7,0.667,0.5,4.0,4.4,1.6,1.0,0.7,0.8,1.5,8.8
Kent Bazemore,31,14,14.7,1.3,3.8,0.328,0.7,2.1,0.354,0.5,1.7,0.296,0.424,0.4,0.5,0.765,0.3,1.5,1.7,0.9,0.6,0.2,0.3,1.8,3.7
Darius Bazley,49,33,26.7,3.5,8.7,0.401,1.0,3.5,0.292,2.4,5.2,0.474,0.46,1.6,2.3,0.685,1.1,5.3,6.4,1.2,0.8,1.1,1.4,1.0,9.5
Bradley Beal,40,40,36.0,8.7,19.3,0.451,1.6,5.3,0.3,7.1,14.0,0.508,0.492,4.2,5.1,0.833,1.0,3.8,4.7,6.6,0.9,0.4,3.4,2.4,23.2
Malik Beasley,55,10,25.8,4.4,11.6,0.38,3.0,8.3,0.358,1.4,3.3,0.434,0.508,0.5,0.7,0.75,0.4,2.7,3.0,1.5,0.5,0.1,0.7,1.2,12.3
Jordan Bell,1,0,2.0,0.0,0.0,,0.0,0.0,,0.0,0.0,,,0.0,0.0,,1.0,0.0,1.0,0.0,1.0,0.0,0.0,2.0,0.0
DeAndre' Bembry,48,20,19.8,2.5,4.4,0.568,0.3,0.8,0.417,2.2,3.7,0.599,0.603,0.4,0.7,0.6,0.8,2.4,3.2,1.3,1.0,0.5,0.6,2.2,5.8
Dāvis Bertāns,34,0,14.7,1.8,5.0,0.351,1.4,4.2,0.319,0.4,0.8,0.519,0.485,0.8,0.9,0.933,0.2,1.6,1.8,0.5,0.3,0.2,0.4,1.6,5.7
Patrick Beverley,36,32,25.9,3.1,7.7,0.406,1.3,4.0,0.333,1.8,3.7,0.485,0.493,1.3,1.9,0.706,1.1,3.4,4.5,5.0,1.1,0.9,1.1,2.9,8.9
Saddiq Bey,54,54,33.5,5.3,14.0,0.381,2.5,7.4,0.338,2.9,6.6,0.43,0.47,2.4,2.9,0.827,1.3,4.4,5.7,2.7,0.9,0.2,1.3,1.7,15.5
Khem Birch,27,7,18.8,1.9,3.9,0.481,0.0,0.3,0.0,1.9,3.6,0.52,0.481,1.2,1.6,0.75,2.4,2.3,4.6,1.1,0.7,0.4,0.6,1.6,5.0
Goga Bitadze,32,5,11.2,1.8,4.1,0.443,0.3,1.4,0.178,1.6,2.7,0.581,0.473,0.9,1.4,0.63,1.4,1.5,2.8,0.6,0.4,0.7,0.8,1.7,4.8
Bismack Biyombo,15,3,19.3,3.6,5.9,0.607,0.0,0.0,,3.6,5.9,0.607,0.607,1.7,3.1,0.553,2.9,4.0,6.9,0.9,0.6,0.9,0.8,2.1,8.9
Nemanja Bjelica,49,0,15.4,2.3,5.2,0.453,0.8,2.4,0.342,1.5,2.8,0.547,0.531,0.9,1.3,0.71,0.9,3.2,4.1,1.8,0.6,0.3,1.2,1.6,6.4
Eric Bledsoe,54,29,25.2,3.6,8.7,0.421,0.9,3.0,0.313,2.7,5.6,0.479,0.475,1.6,2.2,0.761,0.5,2.9,3.4,4.2,1.3,0.4,2.1,1.6,9.9
Keljin Blevins,12,0,6.1,0.8,1.9,0.391,0.5,1.2,0.429,0.3,0.8,0.333,0.522,0.0,0.2,0.0,0.2,0.5,0.7,0.3,0.0,0.0,0.5,0.4,2.0
Bogdan Bogdanović,36,26,28.5,4.6,10.9,0.417,2.4,6.5,0.363,2.2,4.4,0.497,0.525,1.0,1.3,0.8,0.3,3.4,3.8,2.9,0.8,0.2,1.1,2.0,12.5
Bojan Bogdanović,53,53,31.0,6.1,13.4,0.459,2.4,6.4,0.382,3.7,7.0,0.53,0.55,3.3,3.8,0.871,0.8,3.5,4.4,1.7,0.5,0.0,1.6,1.7,18.0
Bol Bol,14,0,5.8,1.1,1.9,0.556,0.1,0.3,0.25,1.0,1.6,0.609,0.574,0.1,0.4,0.4,0.3,1.1,1.4,0.4,0.1,0.1,0.3,0.3,2.4
Leandro Bolmaro,25,2,7.5,0.4,1.3,0.281,0.1,0.5,0.167,0.3,0.8,0.35,0.313,0.3,0.4,0.889,0.6,0.8,1.4,0.4,0.2,0.0,0.5,0.8,1.1
Isaac Bonga,13,0,5.1,0.2,1.0,0.231,0.1,0.3,0.25,0.2,0.7,0.222,0.269,0.3,0.5,0.667,0.3,0.2,0.5,0.2,0.5,0.2,0.2,0.8,0.8
Devin Booker,47,47,34.0,9.3,20.8,0.45,2.7,7.1,0.373,6.7,13.6,0.49,0.514,4.3,5.1,0.857,0.8,4.5,5.3,4.3,1.0,0.3,2.4,2.5,25.7
Brandon Boston Jr.,39,0,15.5,2.4,6.6,0.363,0.7,2.3,0.289,1.7,4.3,0.404,0.414,1.2,1.4,0.855,0.3,2.0,2.4,0.9,0.5,0.3,0.7,0.9,6.6
Chris Boucher,51,8,20.2,3.2,7.0,0.461,0.8,2.7,0.279,2.5,4.3,0.578,0.515,1.8,2.4,0.767,2.1,3.8,5.9,0.4,0.7,1.1,0.6,2.2,9.0
James Bouknight,25,0,10.0,1.7,4.6,0.368,0.6,1.6,0.341,1.1,2.9,0.384,0.43,0.9,1.1,0.852,0.7,0.8,1.5,0.8,0.2,0.0,0.4,0.9,4.8
Avery Bradley,48,41,23.7,2.5,6.1,0.41,1.4,3.6,0.376,1.1,2.5,0.458,0.52,0.3,0.3,0.857,0.5,1.8,2.3,0.8,0.9,0.2,0.7,1.9,6.6
Tony Bradley,41,7,11.6,1.5,2.6,0.581,0.0,0.0,,1.5,2.6,0.581,0.581,0.3,0.5,0.7,1.3,2.5,3.8,0.5,0.2,0.7,0.6,1.3,3.3
Ignas Brazdeikis,25,0,9.1,1.0,2.8,0.366,0.4,1.3,0.303,0.6,1.5,0.421,0.437,0.4,0.5,0.75,0.4,1.0,1.4,0.8,0.2,0.0,0.3,1.0,2.8
Mikal Bridges,54,54,34.8,5.2,10.0,0.522,1.4,3.8,0.369,3.8,6.2,0.615,0.592,1.3,1.5,0.875,1.0,3.3,4.3,2.2,1.2,0.5,0.8,1.9,13.1
Miles Bridges,54,54,35.9,7.4,15.3,0.485,1.8,5.9,0.31,5.6,9.4,0.593,0.544,3.2,4.0,0.797,1.2,6.0,7.1,3.6,1.1,0.9,1.8,2.6,19.8
Oshae Brissett,43,1,19.1,2.2,5.5,0.403,0.8,2.5,0.333,1.4,3.0,0.462,0.479,1.1,1.7,0.658,1.3,3.1,4.4,0.7,0.6,0.3,0.7,1.4,6.4
Malcolm Brogdon,28,28,33.4,6.6,14.7,0.448,1.6,5.4,0.307,4.9,9.3,0.529,0.504,3.8,4.4,0.861,0.9,4.3,5.1,5.9,0.9,0.4,2.2,2.0,18.5
Armoni Brooks,41,8,16.8,2.1,6.1,0.347,1.6,5.2,0.3,0.6,0.9,0.605,0.474,0.4,0.5,0.842,0.3,1.7,2.0,1.2,0.5,0.2,0.6,1.5,6.2
Dillon Brooks,21,20,28.0,6.9,16.2,0.426,1.6,4.8,0.327,5.3,11.4,0.469,0.475,3.0,3.4,0.889,0.8,2.5,3.3,2.7,1.3,0.2,1.8,3.3,18.4
Bruce Brown,45,19,20.5,2.6,5.4,0.477,0.2,0.8,0.297,2.3,4.5,0.51,0.5,0.7,0.9,0.738,1.2,3.0,4.3,1.2,0.9,0.5,0.7,2.4,6.0
Charlie Brown Jr.,17,2,9.8,0.5,2.1,0.25,0.1,0.7,0.083,0.5,1.4,0.333,0.264,0.4,0.5,0.875,0.8,1.0,1.8,0.3,0.5,0.2,0.3,1.1,1.5
Chaundee Brown Jr.,5,2,20.8,2.0,6.4,0.313,1.2,3.6,0.333,0.8,2.8,0.286,0.406,1.0,1.2,0.833,0.2,3.0,3.2,0.8,0.4,0.0,0.2,1.4,6.2
Greg Brown III,25,0,6.9,1.3,2.8,0.457,0.2,0.8,0.211,1.1,2.0,0.549,0.486,0.7,1.1,0.607,0.6,1.1,1.8,0.2,0.2,0.3,0.4,0.8,3.4
Jaylen Brown,42,42,34.2,8.7,18.9,0.461,2.7,7.6,0.349,6.0,11.3,0.537,0.531,3.8,4.8,0.783,0.8,5.7,6.5,3.2,1.1,0.4,2.9,2.6,23.9
Moses Brown,26,1,6.5,1.0,1.9,0.54,0.0,0.0,,1.0,1.9,0.54,0.54,1.0,1.7,0.628,0.6,1.7,2.3,0.0,0.1,0.3,0.5,1.1,3.1
Sterling Brown,36,3,14.3,1.4,3.6,0.398,0.8,2.2,0.342,0.7,1.4,0.49,0.504,0.3,0.3,0.909,0.6,2.9,3.5,0.8,0.3,0.1,0.6,1.2,3.9
Troy Brown Jr.,44,5,17.8,1.8,4.3,0.431,0.7,2.1,0.352,1.1,2.2,0.505,0.516,0.4,0.6,0.76,0.7,2.6,3.3,1.2,0.6,0.1,0.5,1.1,4.8
Jalen Brunson,54,36,31.6,6.5,12.8,0.507,1.1,3.0,0.354,5.4,9.8,0.554,0.549,2.1,2.5,0.81,0.6,3.3,3.8,5.5,0.9,0.1,1.7,1.9,16.1
Thomas Bryant,11,4,16.1,2.5,5.6,0.452,0.6,1.9,0.333,1.9,3.7,0.512,0.508,1.2,1.5,0.765,1.0,2.4,3.4,0.5,0.3,0.5,0.7,1.7,6.9
Shaq Buchanan,2,0,5.0,0.5,2.0,0.25,0.0,1.0,0.0,0.5,1.0,0.5,0.25,0.0,0.0,,0.5,0.5,1.0,1.0,0.5,0.0,1.0,0.5,1.0
Reggie Bullock,47,16,24.8,2.8,6.7,0.411,1.8,5.1,0.358,0.9,1.6,0.579,0.547,0.6,0.7,0.844,0.4,3.0,3.4,1.0,0.5,0.1,0.5,1.3,7.9
Trey Burke,30,0,11.1,2.3,5.5,0.424,0.8,2.2,0.348,1.6,3.3,0.475,0.494,0.5,0.6,0.941,0.1,0.8,0.9,1.5,0.3,0.0,0.7,1.0,6.0
Alec Burks,54,21,26.8,3.3,8.7,0.382,1.8,4.5,0.388,1.6,4.1,0.377,0.484,2.7,3.2,0.832,0.6,3.7,4.3,2.5,1.1,0.3,1.0,2.4,11.1
Jared Butler,26,1,7.9,1.3,3.3,0.407,0.6,1.7,0.356,0.7,1.6,0.463,0.5,0.3,0.5,0.583,0.1,0.7,0.8,1.1,0.3,0.3,0.8,1.0,3.6
Jimmy Butler,36,36,33.8,7.2,14.7,0.491,0.4,1.8,0.212,6.8,12.9,0.531,0.505,6.9,7.8,0.89,1.9,4.3,6.2,6.2,1.8,0.4,2.1,1.4,21.8
Devontae Cacok,8,0,8.4,2.0,2.9,0.696,0.0,0.0,,2.0,2.9,0.696,0.696,0.5,0.9,0.571,0.6,2.8,3.4,0.3,0.5,0.9,0.1,1.0,4.5
Kentavious Caldwell-Pope,50,50,29.2,4.0,10.0,0.404,1.9,5.2,0.368,2.1,4.8,0.444,0.5,1.3,1.4,0.887,0.5,2.9,3.4,1.7,1.0,0.4,1.2,1.7,11.3
Facundo Campazzo,51,4,20.1,1.9,5.0,0.38,1.0,3.2,0.313,0.9,1.8,0.5,0.48,1.0,1.3,0.803,0.3,1.5,1.9,3.7,1.1,0.4,1.2,2.0,5.8
Vlatko Čančar,14,1,10.9,1.6,2.8,0.564,0.5,0.9,0.583,1.1,1.9,0.556,0.654,0.6,0.9,0.75,0.4,1.2,1.6,0.9,0.1,0.2,0.6,0.9,4.3
Clint Capela,46,45,28.2,4.9,8.4,0.58,0.0,0.0,0.0,4.9,8.4,0.581,0.58,1.1,2.4,0.455,3.8,8.3,12.2,1.4,0.8,1.3,0.5,2.3,10.9
Vernon Carey Jr.,4,1,4.3,0.8,1.5,0.5,0.0,0.0,,0.8,1.5,0.5,0.5,0.5,0.8,0.667,0.8,0.5,1.3,0.0,0.3,0.0,0.3,0.3,2.0
Jevon Carter,41,1,11.8,1.2,3.6,0.327,0.9,2.6,0.34,0.3,1.0,0.293,0.449,0.1,0.2,0.75,0.2,1.2,1.4,1.0,0.3,0.2,0.5,1.0,3.4
Wendell Carter Jr.,47,46,29.3,5.2,10.3,0.504,1.2,3.6,0.329,4.0,6.7,0.597,0.561,2.2,3.1,0.715,2.0,8.1,10.2,2.7,0.6,0.7,1.7,2.7,13.7
Alex Caruso,28,9,27.7,2.8,6.5,0.429,1.1,3.1,0.345,1.7,3.4,0.505,0.511,1.7,2.1,0.814,0.9,3.0,3.9,3.9,1.9,0.4,1.4,2.4,8.4
Willie Cauley-Stein,18,2,9.8,0.9,1.9,0.457,0.1,0.1,0.5,0.8,1.8,0.455,0.471,0.1,0.1,0.5,0.7,1.4,2.1,0.5,0.3,0.2,0.4,0.9,1.9
Ahmad Caver,1,0,1.0,1.0,1.0,1.0,0.0,0.0,,1.0,1.0,1.0,1.0,0.0,0.0,,0.0,0.0,0.0,0.0,0.0,0.0,0.0,0.0,2.0
Justin Champagnie,30,0,8.4,1.0,2.0,0.483,0.3,0.7,0.409,0.7,1.3,0.526,0.558,0.3,0.3,1.0,1.2,0.9,2.1,0.3,0.2,0.1,0.2,1.1,2.5
Zylan Cheatham,1,0,5.0,0.0,3.0,0.0,0.0,2.0,0.0,0.0,1.0,0.0,0.0,0.0,0.0,,0.0,0.0,0.0,0.0,0.0,0.0,0.0,0.0,0.0
Chris Chiozza,26,1,10.7,0.7,2.5,0.292,0.6,1.7,0.372,0.1,0.8,0.136,0.415,0.0,0.0,1.0,0.3,0.8,1.2,1.8,0.3,0.0,0.8,0.9,2.1
Marquese Chriss,22,0,11.4,2.2,4.5,0.49,0.3,0.9,0.35,1.9,3.5,0.526,0.526,0.5,0.9,0.632,0.9,2.6,3.5,0.5,0.5,0.5,0.8,2.2,5.2
Josh Christopher,46,2,16.6,2.9,6.1,0.47,0.8,2.3,0.336,2.1,3.8,0.552,0.534,1.1,1.4,0.766,0.7,1.3,2.0,1.8,0.8,0.1,1.5,1.1,7.6
Gary Clark,22,1,11.0,0.9,2.5,0.364,0.8,2.0,0.378,0.1,0.5,0.3,0.518,0.2,0.3,0.667,0.6,1.8,2.4,0.4,0.3,0.3,0.2,0.6,2.8
Brandon Clarke,41,1,18.7,4.3,6.6,0.654,0.1,0.4,0.222,4.2,6.2,0.685,0.662,1.3,1.9,0.711,1.9,3.3,5.2,1.4,0.5,1.1,0.5,1.7,10.1
Jordan Clarkson,52,1,26.6,5.6,14.0,0.401,2.6,8.0,0.321,3.0,6.0,0.508,0.492,1.7,2.0,0.819,0.8,2.6,3.4,2.4,0.7,0.3,1.7,1.9,15.5
Nic Claxton,25,18,21.2,4.0,6.2,0.639,0.0,0.0,,4.0,6.2,0.639,0.639,1.2,2.1,0.566,2.2,3.4,5.6,0.8,0.5,1.1,0.7,2.2,9.1
Amir Coffey,43,20,22.1,2.8,6.1,0.464,1.4,3.6,0.397,1.4,2.4,0.562,0.582,1.5,1.7,0.887,0.5,2.6,3.1,1.6,0.5,0.2,0.5,1.3,8.5
John Collins,49,49,31.5,6.6,12.2,0.541,1.3,3.2,0.395,5.3,9.0,0.593,0.593,2.6,3.3,0.794,1.8,6.2,8.0,1.9,0.7,1.1,1.1,3.1,17.0
Zach Collins,2,0,15.5,3.0,6.5,0.462,0.5,1.0,0.5,2.5,5.5,0.455,0.5,1.0,2.0,0.5,3.5,3.5,7.0,3.0,1.5,0.0,2.0,3.0,7.5
Darren Collison,3,0,12.3,0.7,2.3,0.286,0.0,1.0,0.0,0.7,1.3,0.5,0.286,0.0,0.0,,0.0,1.3,1.3,0.7,0.3,0.0,0.3,1.7,1.3
Mike Conley,49,49,28.5,5.0,11.0,0.449,2.5,5.8,0.425,2.5,5.2,0.477,0.561,2.0,2.3,0.835,0.6,2.4,3.1,5.2,1.2,0.3,1.7,1.8,14.3
Pat Connaughton,53,18,27.2,3.6,7.7,0.473,2.3,5.7,0.413,1.3,2.0,0.639,0.625,0.6,0.7,0.811,0.7,3.7,4.4,1.2,0.9,0.3,0.6,1.4,10.2
Tyler Cook,18,2,10.7,1.2,2.0,0.611,0.0,0.0,,1.2,2.0,0.611,0.611,1.1,1.7,0.645,0.9,1.9,2.8,0.2,0.2,0.2,0.4,1.3,3.6
Sharife Cooper,10,0,3.5,0.3,1.4,0.214,0.1,0.6,0.167,0.2,0.8,0.25,0.25,0.0,0.0,,0.0,0.5,0.5,0.5,0.0,0.0,0.5,0.1,0.7
Petr Cornelie,13,0,2.9,0.4,1.2,0.333,0.1,0.6,0.125,0.3,0.5,0.571,0.367,0.2,0.3,0.75,0.5,0.5,1.1,0.2,0.1,0.1,0.3,0.5,1.1
DeMarcus Cousins,22,5,16.0,2.9,7.0,0.418,0.7,2.8,0.262,2.2,4.2,0.522,0.471,1.8,2.4,0.769,1.5,4.5,6.0,1.0,0.9,0.4,1.3,2.8,8.4
Robert Covington,50,40,29.7,2.7,7.1,0.385,1.7,4.8,0.346,1.1,2.3,0.469,0.503,0.7,0.9,0.822,0.9,4.8,5.7,1.4,1.5,1.3,1.2,2.8,7.8
Torrey Craig,51,14,20.3,2.5,5.5,0.456,0.9,2.7,0.333,1.6,2.8,0.573,0.537,0.5,0.7,0.771,1.2,2.7,3.8,1.1,0.5,0.4,0.8,1.9,6.5
Jae Crowder,44,44,28.3,3.1,7.8,0.397,1.8,5.2,0.343,1.3,2.6,0.504,0.512,0.9,1.1,0.816,0.4,4.8,5.2,1.5,1.3,0.5,0.9,2.4,8.9
Jarrett Culver,25,0,9.3,1.5,3.6,0.416,0.4,1.2,0.3,1.1,2.4,0.475,0.466,0.4,0.8,0.524,0.3,1.2,1.5,1.0,0.6,0.1,0.4,1.0,3.8
Jarron Cumberland,3,0,4.0,0.3,0.7,0.5,0.0,0.3,0.0,0.3,0.3,1.0,0.5,0.0,0.0,,0.3,0.7,1.0,0.3,0.0,0.0,0.0,0.7,0.7
Cade Cunningham,41,41,32.0,6.0,15.0,0.397,2.0,6.2,0.328,3.9,8.8,0.446,0.465,1.8,2.1,0.86,0.9,4.5,5.5,5.2,1.3,0.7,3.5,3.0,15.8
Seth Curry,45,45,34.8,5.7,11.7,0.485,2.2,5.6,0.4,3.5,6.2,0.561,0.58,1.4,1.6,0.877,0.4,3.0,3.4,4.0,0.8,0.2,1.9,2.2,15.0
Stephen Curry,50,50,34.6,8.3,19.6,0.422,4.7,12.4,0.381,3.5,7.2,0.492,0.542,4.3,4.7,0.911,0.6,4.9,5.5,6.3,1.4,0.4,3.3,2.0,25.5
Anthony Davis,35,35,35.6,9.4,17.5,0.537,0.3,1.8,0.172,9.1,15.7,0.579,0.546,4.4,6.1,0.712,2.9,7.1,10.0,2.9,1.3,2.3,2.2,2.5,23.5
Ed Davis,18,3,7.7,0.5,0.8,0.643,0.0,0.0,,0.5,0.8,0.643,0.643,0.2,0.4,0.375,0.4,2.0,2.4,0.2,0.2,0.4,0.3,1.4,1.2
Terence Davis,30,11,17.9,3.8,8.9,0.423,1.6,5.0,0.329,2.1,3.9,0.542,0.515,1.2,1.5,0.818,0.4,2.8,3.1,1.3,0.8,0.4,1.1,2.3,10.4
Gabriel Deck,7,0,8.0,1.1,2.0,0.571,0.3,0.6,0.5,0.9,1.4,0.6,0.643,0.0,0.0,,0.1,0.7,0.9,0.7,0.1,0.0,0.3,0.3,2.6
Dewayne Dedmon,48,15,16.5,2.6,4.4,0.582,0.3,0.6,0.536,2.3,3.9,0.589,0.617,1.0,1.3,0.781,1.8,4.4,6.2,0.8,0.4,0.5,1.1,2.4,6.5
Sam Dekker,1,0,1.0,0.0,0.0,,0.0,0.0,,0.0,0.0,,,0.0,0.0,,0.0,0.0,0.0,0.0,0.0,0.0,0.0,0.0,0.0
Javin DeLaurier,1,0,3.0,0.0,0.0,,0.0,0.0,,0.0,0.0,,,0.0,0.0,,0.0,1.0,1.0,0.0,1.0,0.0,0.0,1.0,0.0
DeMar DeRozan,51,51,35.4,10.0,19.5,0.51,0.6,1.9,0.344,9.3,17.7,0.527,0.526,6.8,7.9,0.859,0.9,4.4,5.2,5.1,0.9,0.3,2.4,2.2,27.4
Mamadi Diakite,13,3,14.5,1.9,3.6,0.532,0.0,0.4,0.0,1.9,3.2,0.595,0.532,0.5,0.8,0.545,1.3,3.2,4.5,0.2,0.4,0.7,0.5,2.5,4.3
Cheick Diallo,3,0,10.3,1.0,2.7,0.375,0.0,0.0,,1.0,2.7,0.375,0.375,1.7,2.0,0.833,1.3,2.7,4.0,0.0,0.3,0.0,0.3,2.0,3.7
Hamidou Diallo,47,28,22.4,4.5,9.1,0.496,0.4,1.6,0.25,4.1,7.5,0.55,0.519,1.5,2.3,0.667,1.3,3.5,4.8,1.2,1.2,0.3,1.0,2.6,11.0
Gorgui Dieng,35,3,9.2,1.2,2.6,0.473,0.6,1.4,0.42,0.6,1.2,0.537,0.588,0.5,0.7,0.739,0.9,2.2,3.1,0.8,0.3,0.3,0.5,1.3,3.5
Spencer Dinwiddie,44,44,30.2,4.2,11.2,0.376,1.6,5.1,0.31,2.6,6.0,0.432,0.447,2.6,3.3,0.811,0.8,3.9,4.7,5.8,0.6,0.2,1.7,2.4,12.6
Donte DiVincenzo,17,0,20.1,2.3,6.9,0.331,1.2,4.4,0.284,1.1,2.6,0.409,0.419,1.4,1.6,0.852,1.1,2.5,3.5,1.7,0.6,0.2,1.6,1.5,7.2
Luka Dončić,40,40,35.1,9.4,21.0,0.445,2.5,7.9,0.316,6.9,13.1,0.523,0.505,5.0,6.7,0.736,0.9,8.0,8.9,9.2,1.2,0.5,4.3,2.4,26.2
Luguentz Dort,49,49,32.7,5.7,14.1,0.404,2.5,7.6,0.332,3.2,6.4,0.491,0.494,3.0,3.6,0.851,0.8,3.4,4.2,1.8,0.9,0.4,1.8,2.9,17.0
Ayo Dosunmu,50,16,24.7,3.1,6.0,0.517,0.9,2.2,0.409,2.2,3.8,0.58,0.592,0.7,1.1,0.661,0.3,2.3,2.6,2.7,0.6,0.4,1.2,2.1,7.8
Damyean Dotson,2,0,10.5,1.0,2.0,0.5,0.0,0.5,0.0,1.0,1.5,0.667,0.5,0.0,0.0,,0.0,1.0,1.0,0.5,0.0,0.0,0.0,0.0,2.0
Devon Dotson,11,0,7.7,1.0,2.1,0.478,0.2,0.8,0.222,0.8,1.3,0.643,0.522,0.5,0.8,0.556,0.1,0.7,0.8,1.4,0.1,0.0,0.5,1.0,2.6
Sekou Doumbouya,2,0,8.0,2.5,4.0,0.625,0.5,1.0,0.5,2.0,3.0,0.667,0.688,1.5,2.0,0.75,1.0,2.0,3.0,0.0,1.5,1.0,1.0,0.5,7.0
Jeff Dowtin,5,0,6.2,0.6,1.4,0.429,0.0,0.4,0.0,0.6,1.0,0.6,0.429,0.0,0.0,,0.2,1.2,1.4,0.6,0.0,0.2,0.2,0.4,1.2
PJ Dozier,18,0,18.9,2.0,5.5,0.364,0.8,2.7,0.313,1.2,2.8,0.412,0.439,0.6,0.7,0.769,0.8,2.7,3.5,1.6,0.6,0.3,0.7,1.8,5.4
Goran Dragić,5,2,18.0,2.6,6.8,0.382,0.8,2.8,0.286,1.8,4.0,0.45,0.441,2.0,2.0,1.0,0.4,2.4,2.8,1.8,1.0,0.2,0.2,1.6,8.0
Andre Drummond,49,12,18.4,2.6,4.9,0.538,0.0,0.0,0.0,2.6,4.8,0.542,0.538,0.9,1.7,0.512,2.8,6.1,8.8,2.0,1.1,0.9,1.6,2.5,6.1
Chris Duarte,48,36,29.0,5.1,11.7,0.435,1.7,4.8,0.359,3.4,6.9,0.488,0.509,1.7,2.1,0.792,0.7,3.5,4.2,2.2,1.1,0.2,1.6,1.7,13.6
David Duke Jr.,15,7,18.2,2.3,6.1,0.374,0.5,2.1,0.258,1.7,4.0,0.433,0.418,1.1,1.3,0.842,1.9,2.1,4.0,1.0,0.7,0.4,0.5,1.9,6.1
Kevin Durant,36,36,36.5,10.5,20.3,0.52,1.9,5.0,0.372,8.7,15.3,0.568,0.566,6.3,7.1,0.894,0.6,6.9,7.4,5.8,0.8,0.9,3.0,1.9,29.3
Jaime Echenique,1,0,3.0,0.0,0.0,,0.0,0.0,,0.0,0.0,,,0.0,0.0,,0.0,0.0,0.0,0.0,0.0,0.0,0.0,0.0,0.0
Anthony Edwards,49,49,34.9,7.9,18.1,0.436,3.1,8.7,0.357,4.8,9.4,0.509,0.521,3.1,3.8,0.806,0.9,3.9,4.8,3.6,1.5,0.7,2.8,2.3,22.0
Kessler Edwards,23,16,25.6,2.8,6.7,0.425,1.2,3.3,0.373,1.6,3.4,0.474,0.516,0.3,0.3,0.75,1.2,3.2,4.4,0.7,0.8,0.7,1.1,2.0,7.1
Rob Edwards,2,0,5.5,0.5,2.0,0.25,0.5,2.0,0.25,0.0,0.0,,0.375,0.0,0.0,,0.0,1.5,1.5,0.0,0.0,0.0,0.5,0.0,1.5
CJ Elleby,32,4,13.8,1.6,3.9,0.411,0.5,1.6,0.308,1.1,2.3,0.486,0.476,0.5,0.6,0.85,0.8,1.9,2.8,1.1,0.5,0.2,0.5,1.5,4.2
Wayne Ellington,34,9,19.3,2.1,5.4,0.399,1.9,4.9,0.392,0.2,0.5,0.471,0.577,0.1,0.1,0.8,0.3,1.4,1.7,0.7,0.5,0.1,0.4,1.0,6.3
Joel Embiid,42,42,33.0,9.6,19.3,0.498,1.3,3.6,0.358,8.3,15.7,0.53,0.531,8.9,11.0,0.812,2.0,8.9,10.9,4.3,1.0,1.4,2.9,2.6,29.4
James Ennis III,7,0,8.0,1.6,3.4,0.458,0.4,1.1,0.375,1.1,2.3,0.5,0.521,0.6,0.7,0.8,0.7,1.0,1.7,0.4,0.3,0.3,0.3,0.7,4.1
Drew Eubanks,49,9,12.1,1.7,3.2,0.528,0.0,0.2,0.125,1.7,3.1,0.55,0.531,1.2,1.6,0.747,1.3,2.7,4.0,1.0,0.3,0.6,0.9,1.2,4.7
Tacko Fall,11,1,5.4,0.5,1.1,0.417,0.0,0.0,,0.5,1.1,0.417,0.417,0.2,0.6,0.286,0.6,1.5,2.1,0.2,0.0,0.5,0.3,0.3,1.1
Derrick Favors,35,16,16.4,2.2,4.5,0.497,0.1,0.4,0.154,2.2,4.1,0.528,0.503,0.4,0.6,0.636,1.5,3.2,4.7,0.7,0.4,0.2,0.2,1.5,4.9
Bruno Fernando,20,0,2.9,0.4,0.7,0.5,0.1,0.1,1.0,0.3,0.7,0.462,0.536,0.2,0.3,0.8,0.4,0.4,0.8,0.2,0.0,0.2,0.3,0.3,1.0
Dorian Finney-Smith,54,54,32.5,3.7,8.5,0.435,1.9,5.1,0.363,1.8,3.4,0.544,0.545,0.8,1.2,0.688,1.6,3.2,4.8,2.0,1.2,0.5,1.1,2.2,10.1
Malik Fitts,7,0,5.0,0.3,1.3,0.222,0.3,0.6,0.5,0.0,0.7,0.0,0.333,0.0,0.0,,0.0,1.4,1.4,0.0,0.0,0.0,0.3,0.4,0.9
Malachi Flynn,31,1,8.6,1.1,3.1,0.365,0.5,1.6,0.28,0.7,1.5,0.457,0.438,0.2,0.3,0.667,0.2,0.8,1.0,1.0,0.4,0.1,0.3,0.9,2.9
Bryn Forbes,51,1,17.7,3.3,7.8,0.425,1.6,3.9,0.41,1.7,3.9,0.439,0.528,1.0,1.1,0.897,0.1,1.4,1.5,1.1,0.4,0.1,0.8,1.3,9.3
Aleem Ford,5,0,14.8,1.2,4.0,0.3,0.4,3.0,0.133,0.8,1.0,0.8,0.35,0.0,0.0,,0.4,2.6,3.0,0.4,0.2,0.0,0.8,1.4,2.8
Trent Forrest,43,4,12.0,1.2,2.2,0.552,0.1,0.3,0.2,1.2,1.9,0.617,0.568,0.6,0.7,0.781,0.3,1.3,1.7,1.4,0.5,0.1,0.8,0.7,3.1
Evan Fournier,53,53,29.0,5.2,12.0,0.429,2.9,7.2,0.402,2.3,4.8,0.471,0.55,1.0,1.4,0.716,0.5,2.4,3.0,1.8,0.9,0.2,1.4,2.1,14.2
De'Aaron Fox,45,45,34.2,8.0,17.3,0.46,1.0,3.7,0.269,7.0,13.6,0.512,0.489,4.4,5.8,0.749,0.5,3.5,3.9,5.1,1.2,0.4,2.8,2.8,21.3
Tim Frazier,10,3,20.0,1.3,4.3,0.302,0.6,1.7,0.353,0.7,2.6,0.269,0.372,0.5,0.9,0.556,0.5,1.4,1.9,3.3,0.3,0.1,1.3,2.4,3.7
Enes Freedom,35,1,11.7,1.5,2.8,0.526,0.1,0.1,0.4,1.4,2.6,0.533,0.536,0.7,0.8,0.857,1.7,2.8,4.6,0.2,0.1,0.4,0.6,1.2,3.7
Wenyen Gabriel,7,0,6.7,0.7,1.9,0.385,0.3,0.7,0.4,0.4,1.1,0.375,0.462,0.3,0.6,0.5,0.7,1.4,2.1,0.3,0.1,0.3,0.4,1.6,2.0
Daniel Gafford,48,46,20.6,3.8,5.6,0.678,0.0,0.0,,3.8,5.6,0.678,0.678,1.4,1.8,0.756,2.3,3.8,6.0,1.0,0.4,1.5,0.9,2.4,8.9
Danilo Gallinari,43,1,23.2,3.2,7.7,0.421,1.6,4.0,0.387,1.7,3.7,0.459,0.523,2.2,2.4,0.913,0.5,3.9,4.4,1.4,0.5,0.2,0.6,1.5,10.2
Langston Galloway,7,0,15.3,0.9,3.7,0.231,0.3,2.3,0.125,0.6,1.4,0.4,0.269,0.0,0.0,,0.4,2.1,2.6,1.7,0.1,0.0,0.9,1.0,2.0
Darius Garland,45,45,34.6,7.6,16.0,0.474,2.5,6.8,0.375,5.1,9.3,0.547,0.553,2.2,2.4,0.907,0.5,2.8,3.3,8.1,1.2,0.1,3.7,1.7,19.9
Marcus Garrett,12,0,10.7,0.4,1.8,0.238,0.1,0.3,0.25,0.3,1.4,0.235,0.262,0.2,0.4,0.4,0.8,1.2,1.9,0.6,0.4,0.3,0.2,1.3,1.1
Usman Garuba,15,0,7.0,0.5,1.6,0.333,0.1,0.9,0.154,0.4,0.7,0.545,0.375,0.1,0.1,0.5,0.6,1.7,2.3,0.5,0.5,0.4,0.2,0.6,1.3
Luka Garza,27,5,12.1,1.9,4.3,0.436,0.5,1.5,0.325,1.4,2.9,0.494,0.491,1.0,1.6,0.643,1.7,1.3,3.1,0.6,0.3,0.1,0.6,1.7,5.3
Rudy Gay,35,1,20.0,3.1,7.3,0.418,1.4,4.1,0.34,1.7,3.2,0.518,0.514,1.4,1.8,0.79,1.0,3.6,4.6,1.1,0.6,0.3,0.9,1.9,8.9
Paul George,26,26,35.5,9.0,21.4,0.421,2.7,8.3,0.323,6.3,13.0,0.484,0.484,4.0,4.5,0.88,0.4,6.7,7.1,5.5,2.0,0.4,4.2,2.5,24.7
Taj Gibson,35,4,17.9,1.4,2.7,0.516,0.2,0.5,0.333,1.2,2.2,0.558,0.547,0.7,0.9,0.742,1.5,2.7,4.3,0.7,0.5,0.8,0.6,2.7,3.6
Josh Giddey,49,49,31.3,5.1,12.2,0.416,1.0,4.0,0.253,4.1,8.2,0.498,0.458,0.9,1.3,0.697,1.8,5.8,7.6,6.2,1.0,0.4,3.1,1.7,12.1
Shai Gilgeous-Alexander,43,43,34.6,7.8,18.3,0.424,1.6,5.6,0.278,6.2,12.7,0.488,0.466,5.6,6.9,0.811,0.7,4.0,4.7,5.5,1.1,0.8,2.4,2.3,22.7
Anthony Gill,21,0,5.8,0.9,1.3,0.667,0.2,0.3,0.714,0.6,1.0,0.65,0.759,0.6,0.7,0.857,0.4,0.8,1.2,0.4,0.0,0.1,0.2,0.9,2.5
Freddie Gillespie,9,2,13.2,1.0,2.4,0.409,0.0,0.1,0.0,1.0,2.3,0.429,0.409,0.3,0.8,0.429,1.4,2.6,4.0,0.6,0.3,1.0,0.6,2.0,2.3
Rudy Gobert,42,42,32.5,5.6,8.0,0.707,0.0,0.0,0.0,5.6,7.9,0.712,0.707,4.7,6.8,0.69,3.7,11.4,15.1,1.2,0.8,2.3,1.8,2.7,16.0
Brandon Goodwin,15,3,16.7,2.2,5.7,0.388,0.8,2.1,0.375,1.4,3.5,0.396,0.459,0.5,0.9,0.5,0.5,2.0,2.5,3.3,1.1,0.0,1.1,1.5,5.7
Jordan Goodwin,2,0,3.0,0.0,1.5,0.0,0.0,0.5,0.0,0.0,1.0,0.0,0.0,0.0,0.0,,0.0,0.5,0.5,0.0,0.0,0.0,0.0,0.5,0.0
Aaron Gordon,49,49,31.7,5.7,10.9,0.52,1.2,3.5,0.337,4.5,7.4,0.607,0.574,2.2,3.0,0.733,1.7,4.0,5.7,2.6,0.7,0.6,1.7,1.8,14.7
Eric Gordon,45,34,29.5,5.0,10.2,0.491,2.2,5.2,0.427,2.8,5.0,0.558,0.6,1.9,2.6,0.757,0.3,1.7,2.0,3.0,0.5,0.4,2.0,1.0,14.2
Devonte' Graham,50,50,31.3,4.5,12.3,0.363,2.9,8.3,0.348,1.6,3.9,0.396,0.481,1.7,2.1,0.845,0.4,2.1,2.5,4.5,0.9,0.2,1.6,1.4,13.6
Jerami Grant,29,29,32.6,6.3,15.5,0.404,1.8,5.3,0.331,4.5,10.2,0.443,0.461,4.8,5.8,0.832,0.8,3.7,4.5,2.5,1.0,1.0,2.0,2.2,19.1
Hassani Gravett,8,3,21.4,2.3,4.8,0.474,1.4,3.3,0.423,0.9,1.5,0.583,0.618,0.4,0.5,0.75,0.1,2.5,2.6,2.5,0.6,0.1,1.1,1.6,6.3
Danny Green,36,23,23.4,2.3,5.7,0.412,1.8,4.8,0.386,0.5,0.9,0.545,0.574,0.3,0.3,0.9,0.5,2.0,2.6,1.0,1.1,0.8,0.9,1.7,6.8
Draymond Green,34,34,29.9,3.2,5.9,0.537,0.4,1.2,0.286,2.8,4.7,0.604,0.567,1.2,2.0,0.597,1.1,6.4,7.6,7.4,1.4,1.2,3.1,2.8,7.9
Jalen Green,39,39,30.2,4.7,12.6,0.377,1.8,6.1,0.29,3.0,6.5,0.458,0.447,3.1,3.6,0.838,0.4,2.9,3.3,2.4,0.6,0.2,2.3,1.5,14.3
JaMychal Green,41,7,14.7,2.2,4.9,0.46,0.6,2.1,0.264,1.7,2.8,0.611,0.518,1.2,1.3,0.873,0.9,2.7,3.6,0.9,0.7,0.4,0.9,2.2,6.2
Javonte Green,39,28,23.6,2.6,4.9,0.526,0.4,1.4,0.283,2.2,3.6,0.619,0.565,1.5,1.8,0.819,1.6,2.7,4.2,1.1,0.9,0.6,0.5,2.2,7.1
Jeff Green,50,38,24.6,3.7,7.3,0.514,0.7,2.2,0.321,3.0,5.0,0.599,0.563,2.1,2.5,0.817,0.6,2.6,3.1,1.2,0.3,0.4,0.9,2.2,10.3
Josh Green,40,0,13.8,1.8,3.5,0.518,0.3,0.8,0.313,1.6,2.7,0.579,0.554,0.6,0.9,0.714,0.7,1.4,2.1,1.3,0.7,0.2,0.5,1.6,4.5
Blake Griffin,43,22,18.6,2.5,6.1,0.413,0.7,2.8,0.23,1.9,3.3,0.57,0.466,1.0,1.4,0.733,1.2,3.3,4.5,2.1,0.5,0.3,0.5,1.8,6.7
Quentin Grimes,35,2,15.9,2.0,4.9,0.407,1.5,3.9,0.382,0.5,1.0,0.5,0.558,0.2,0.3,0.727,0.5,1.3,1.7,0.9,0.7,0.2,0.6,1.3,5.7
Kyle Guy,14,0,12.5,1.9,4.3,0.433,1.0,2.5,0.4,0.9,1.8,0.48,0.55,0.5,0.7,0.7,0.1,0.8,0.9,1.2,0.5,0.1,0.9,0.9,5.2
Rui Hachimura,14,0,17.9,2.9,6.7,0.436,0.8,2.1,0.379,2.1,4.6,0.462,0.495,1.1,1.5,0.762,0.4,3.3,3.6,0.9,0.3,0.2,0.6,1.0,7.8
Tyrese Haliburton,51,51,34.5,5.3,11.5,0.457,2.0,4.9,0.413,3.2,6.5,0.491,0.546,1.7,2.0,0.837,0.8,3.1,3.9,7.4,1.7,0.7,2.3,1.4,14.3
Tyler Hall,1,0,2.0,0.0,0.0,,0.0,0.0,,0.0,0.0,,,0.0,0.0,,0.0,0.0,0.0,0.0,0.0,0.0,0.0,0.0,0.0
R.J. Hampton,42,1,19.4,2.5,6.7,0.382,0.9,2.5,0.364,1.6,4.1,0.393,0.452,1.1,1.9,0.608,0.3,2.6,2.9,2.4,0.7,0.2,1.3,1.5,7.2
Tim Hardaway Jr.,42,20,29.6,5.0,12.6,0.394,2.4,7.2,0.336,2.5,5.4,0.473,0.491,1.9,2.5,0.757,0.3,3.4,3.7,2.2,0.9,0.1,0.8,1.8,14.2
James Harden,44,44,37.0,6.6,16.0,0.414,2.3,7.0,0.332,4.3,9.1,0.476,0.486,6.9,8.0,0.869,1.0,7.0,8.0,10.2,1.3,0.7,4.8,2.4,22.5
Maurice Harkless,38,19,19.4,1.9,4.3,0.444,0.7,2.4,0.297,1.2,1.9,0.634,0.528,0.4,0.6,0.714,0.3,2.1,2.4,0.6,0.6,0.6,0.7,1.7,4.9
Jared Harper,2,0,5.0,1.5,3.5,0.429,0.5,1.0,0.5,1.0,2.5,0.4,0.5,0.0,0.0,,0.5,0.0,0.5,1.5,0.0,0.5,0.5,1.0,3.5
Montrezl Harrell,46,3,24.3,5.4,8.3,0.645,0.1,0.3,0.267,5.3,8.0,0.66,0.65,3.2,4.5,0.727,2.1,4.6,6.7,2.1,0.4,0.7,1.1,1.9,14.1
Gary Harris,48,30,29.5,4.2,9.5,0.444,1.9,4.9,0.388,2.3,4.5,0.505,0.545,1.4,1.6,0.844,0.6,1.6,2.2,1.9,0.8,0.2,1.0,1.9,11.7
Joe Harris,14,14,30.2,4.0,8.9,0.452,2.9,6.3,0.466,1.1,2.6,0.417,0.617,0.4,0.4,0.833,0.4,3.6,4.0,1.0,0.5,0.1,1.1,2.2,11.3
Tobias Harris,45,45,35.4,7.4,15.2,0.488,1.2,3.5,0.346,6.2,11.7,0.53,0.528,3.1,3.6,0.853,1.1,6.2,7.3,3.8,0.6,0.6,1.8,2.0,19.1
Shaquille Harrison,2,0,11.5,1.0,3.0,0.333,0.0,1.0,0.0,1.0,2.0,0.5,0.333,0.0,0.0,,0.5,1.5,2.0,1.5,0.5,0.5,1.0,1.5,2.0
Josh Hart,41,40,33.5,4.8,9.4,0.505,1.0,3.2,0.323,3.7,6.2,0.598,0.56,2.8,3.8,0.753,1.3,6.5,7.8,4.1,1.1,0.3,2.0,2.9,13.4
Isaiah Hartenstein,42,0,16.0,3.2,5.1,0.624,0.1,0.1,0.5,3.1,4.9,0.628,0.631,1.2,1.7,0.681,1.6,2.7,4.3,1.9,0.7,1.1,1.0,2.5,7.6
Udonis Haslem,9,0,6.3,1.2,2.4,0.5,0.1,0.2,0.5,1.1,2.2,0.5,0.523,0.3,0.3,1.0,0.4,1.6,2.0,0.3,0.1,0.1,0.3,1.2,2.9
Sam Hauser,10,0,4.1,0.4,1.4,0.286,0.4,1.4,0.286,0.0,0.0,,0.429,0.0,0.0,,0.1,0.5,0.6,0.1,0.1,0.1,0.0,0.4,1.2
Jaxson Hayes,42,4,16.4,3.2,5.0,0.63,0.2,0.6,0.28,3.0,4.4,0.677,0.647,1.9,2.5,0.771,1.4,2.7,4.0,0.5,0.4,0.8,0.8,2.2,8.4
Killian Hayes,42,33,25.0,2.4,6.5,0.365,0.7,2.6,0.278,1.7,4.0,0.422,0.42,0.9,1.1,0.809,0.5,2.5,3.0,4.0,1.1,0.5,1.7,2.6,6.4
Gordon Hayward,48,48,32.2,5.9,12.7,0.46,1.8,4.5,0.39,4.1,8.2,0.499,0.529,2.6,3.1,0.846,0.8,3.8,4.6,3.6,1.0,0.5,1.7,1.8,16.1
Aaron Henry,6,0,2.8,0.2,0.8,0.2,0.0,0.2,0.0,0.2,0.7,0.25,0.2,0.0,0.0,,0.0,0.2,0.2,0.0,0.0,0.3,0.3,0.3,0.3
Juancho Hernangómez,23,0,6.4,0.3,1.4,0.212,0.1,0.9,0.143,0.2,0.5,0.333,0.258,0.4,0.6,0.692,0.6,1.2,1.7,0.3,0.2,0.1,0.3,0.3,1.1
Willy Hernangómez,28,6,16.7,3.5,6.5,0.536,0.1,0.3,0.429,3.4,6.3,0.54,0.544,2.1,2.8,0.753,2.8,4.3,7.1,1.3,0.4,0.3,1.0,1.9,9.2
Tyler Herro,45,10,32.9,7.5,17.4,0.428,2.6,6.8,0.378,4.9,10.6,0.46,0.502,2.6,3.0,0.873,0.6,4.2,4.8,4.0,0.6,0.2,2.8,1.5,20.1
Buddy Hield,55,6,28.6,4.8,12.6,0.382,3.3,9.0,0.368,1.5,3.6,0.419,0.514,1.5,1.7,0.87,0.8,3.2,4.0,1.9,0.9,0.3,1.6,2.1,14.4
Haywood Highsmith,4,0,10.5,1.0,2.0,0.5,1.0,1.8,0.571,0.0,0.3,0.0,0.75,0.0,0.0,,0.5,0.8,1.3,0.0,0.0,0.3,0.0,0.8,3.0
George Hill,41,16,25.5,2.5,5.7,0.436,0.9,2.9,0.316,1.6,2.9,0.556,0.515,1.2,1.2,0.96,0.9,2.4,3.2,2.5,0.8,0.1,0.9,1.4,7.0
Malcolm Hill,14,0,12.6,1.5,3.1,0.488,0.9,2.1,0.414,0.6,1.0,0.643,0.628,0.7,0.9,0.833,0.7,1.2,1.9,0.3,0.4,0.2,0.1,1.4,4.6
Solomon Hill,13,1,10.7,0.2,1.5,0.15,0.2,1.0,0.154,0.1,0.5,0.143,0.2,0.0,0.0,,0.5,1.3,1.8,0.9,0.3,0.2,0.1,1.2,0.6
Nate Hinton,2,0,1.0,0.0,0.5,0.0,0.0,0.0,,0.0,0.5,0.0,0.0,0.0,0.0,,0.0,0.0,0.0,0.0,0.0,0.0,0.5,0.0,0.0
Jaylen Hoard,1,0,2.0,0.0,1.0,0.0,0.0,0.0,,0.0,1.0,0.0,0.0,0.0,0.0,,1.0,1.0,2.0,0.0,0.0,0.0,0.0,0.0,0.0
Aaron Holiday,41,14,16.2,2.4,5.2,0.467,0.6,1.6,0.343,1.9,3.6,0.524,0.521,0.7,0.9,0.8,0.2,1.4,1.6,1.9,0.6,0.2,1.0,1.5,6.1
Jrue Holiday,43,40,32.7,7.2,14.2,0.503,1.8,4.5,0.395,5.4,9.7,0.554,0.566,1.8,2.3,0.76,1.0,3.7,4.7,6.7,1.5,0.6,2.7,1.9,17.9
Justin Holiday,50,41,28.9,3.8,9.4,0.409,2.5,6.8,0.371,1.3,2.5,0.512,0.545,0.7,0.9,0.837,0.4,2.4,2.7,1.9,0.8,0.4,1.1,2.1,10.9
Richaun Holmes,38,37,25.3,4.9,7.2,0.684,0.1,0.1,0.4,4.8,7.0,0.689,0.688,1.7,2.2,0.765,2.2,5.5,7.7,1.2,0.4,1.0,1.3,3.0,11.6
Rodney Hood,39,0,14.9,1.2,3.4,0.351,0.6,2.1,0.3,0.6,1.3,0.431,0.443,0.3,0.4,0.929,0.3,1.4,1.7,0.8,0.3,0.1,0.2,0.7,3.3
Scotty Hopson,1,0,18.0,2.0,4.0,0.5,0.0,1.0,0.0,2.0,3.0,0.667,0.5,0.0,0.0,,0.0,1.0,1.0,1.0,0.0,0.0,2.0,1.0,4.0
Al Horford,47,47,28.4,3.8,8.7,0.435,1.2,4.0,0.293,2.6,4.7,0.557,0.502,1.3,1.6,0.84,1.6,5.9,7.5,3.4,0.6,1.3,1.0,1.9,10.0
Talen Horton-Tucker,40,15,25.7,3.6,8.8,0.41,0.8,3.0,0.269,2.8,5.8,0.483,0.456,1.5,1.9,0.797,0.6,2.7,3.2,2.7,0.9,0.5,1.5,2.5,9.5
Danuel House Jr.,24,2,15.5,1.8,4.8,0.386,0.8,2.5,0.339,1.0,2.3,0.436,0.474,1.1,1.4,0.818,0.3,2.2,2.5,1.3,0.4,0.3,0.9,1.0,5.6
Dwight Howard,41,11,14.5,1.9,3.0,0.621,0.1,0.2,0.667,1.7,2.8,0.617,0.645,1.3,2.1,0.612,1.9,3.5,5.4,0.5,0.7,0.6,0.8,2.0,5.2
Markus Howard,22,0,6.1,1.2,3.3,0.37,1.0,2.4,0.434,0.2,0.9,0.2,0.527,0.6,0.6,0.929,0.0,0.3,0.3,0.3,0.3,0.0,0.3,0.5,4.1
Kevin Huerter,47,33,29.1,4.5,9.8,0.463,1.9,5.0,0.377,2.6,4.8,0.554,0.56,0.6,0.7,0.8,0.4,2.7,3.2,2.8,0.6,0.3,1.3,2.2,11.6
Jay Huff,4,0,5.0,0.0,0.8,0.0,0.0,0.5,0.0,0.0,0.3,0.0,0.0,0.0,0.0,,0.3,0.8,1.0,0.3,0.3,0.3,0.3,0.3,0.0
Elijah Hughes,14,1,8.0,1.1,2.6,0.417,0.7,2.0,0.357,0.4,0.6,0.625,0.556,0.2,0.2,1.0,0.1,1.1,1.2,0.4,0.3,0.1,0.5,0.5,3.1
De'Andre Hunter,26,25,28.7,4.8,10.5,0.453,1.4,3.5,0.407,3.3,7.0,0.475,0.52,2.1,3.0,0.701,0.4,3.0,3.4,1.3,0.6,0.4,1.5,2.8,13.0
Chandler Hutchison,6,0,3.7,0.2,0.3,0.5,0.0,0.0,,0.2,0.3,0.5,0.5,0.3,0.3,1.0,0.0,0.8,0.8,0.3,0.0,0.0,0.7,0.2,0.7
Bones Hyland,42,0,17.7,2.9,7.9,0.366,1.7,4.9,0.348,1.2,3.1,0.395,0.473,1.1,1.3,0.889,0.2,2.5,2.7,2.0,0.5,0.3,1.2,2.1,8.6
Serge Ibaka,35,10,15.4,2.7,5.5,0.49,0.7,1.8,0.387,2.0,3.7,0.538,0.552,0.6,0.8,0.69,1.1,3.1,4.3,1.0,0.2,0.7,0.9,1.6,6.6
Andre Iguodala,26,0,19.9,1.5,3.9,0.392,0.5,2.3,0.23,1.0,1.6,0.634,0.461,0.5,0.6,0.813,0.7,2.6,3.3,3.8,0.8,0.8,0.9,1.0,4.1
Joe Ingles,45,15,24.9,2.6,6.3,0.404,1.7,5.0,0.347,0.8,1.3,0.617,0.54,0.4,0.5,0.773,0.3,2.6,2.9,3.5,0.5,0.1,1.0,1.8,7.2
Brandon Ingram,40,40,34.5,8.3,18.5,0.45,1.6,4.5,0.348,6.8,14.0,0.483,0.493,4.7,5.7,0.82,0.7,5.1,5.8,5.5,0.7,0.5,2.6,2.0,22.9
Kyrie Irving,12,12,35.6,9.0,19.8,0.456,2.4,6.6,0.367,6.6,13.2,0.5,0.517,2.8,3.0,0.917,0.7,4.1,4.8,5.3,1.1,0.6,2.4,2.3,23.2
Wes Iwundu,3,1,27.3,2.7,6.0,0.444,1.0,1.7,0.6,1.7,4.3,0.385,0.528,1.0,1.3,0.75,1.0,3.3,4.3,0.0,0.3,0.0,0.3,2.7,7.3
Frank Jackson,41,5,22.7,4.0,9.4,0.422,1.8,5.5,0.33,2.1,3.8,0.554,0.52,1.4,1.8,0.792,0.3,1.3,1.7,1.0,0.5,0.2,0.8,1.8,11.1
Isaiah Jackson,19,2,9.5,2.1,4.0,0.526,0.2,0.4,0.429,1.9,3.6,0.536,0.546,1.1,1.6,0.677,1.2,1.6,2.8,0.4,0.4,0.8,0.5,1.8,5.5
Jaren Jackson Jr.,55,55,27.9,5.8,13.7,0.424,1.7,5.4,0.318,4.1,8.3,0.492,0.486,3.5,4.4,0.802,1.5,4.5,6.0,1.1,1.0,2.2,1.7,3.4,16.8
Josh Jackson,39,3,18.1,2.6,6.4,0.41,0.8,2.9,0.265,1.9,3.5,0.529,0.47,1.0,1.4,0.714,0.4,2.7,3.2,1.3,0.5,0.5,1.0,1.8,7.1
Justin Jackson,7,0,5.3,0.7,2.1,0.333,0.4,1.3,0.333,0.3,0.9,0.333,0.433,0.3,0.3,1.0,0.1,0.9,1.0,0.3,0.0,0.0,0.1,0.4,2.1
Reggie Jackson,52,52,30.5,6.2,15.7,0.394,2.4,7.2,0.331,3.8,8.6,0.446,0.469,1.7,2.0,0.857,0.5,2.9,3.3,4.1,0.8,0.1,2.2,1.9,16.5
LeBron James,39,39,36.7,11.0,21.0,0.526,2.8,7.8,0.354,8.3,13.2,0.628,0.592,4.2,5.6,0.753,1.1,6.6,7.7,6.5,1.6,1.0,3.2,2.3,29.1
DeJon Jarreau,1,0,1.0,0.0,0.0,,0.0,0.0,,0.0,0.0,,,0.0,0.0,,0.0,0.0,0.0,0.0,0.0,0.0,0.0,0.0,0.0
DaQuan Jeffries,3,0,3.0,0.3,0.7,0.5,0.0,0.3,0.0,0.3,0.3,1.0,0.5,0.0,0.0,,0.0,0.7,0.7,0.3,0.0,0.0,0.0,0.3,0.7
Ty Jerome,45,4,16.6,2.6,6.8,0.386,1.1,3.9,0.293,1.5,3.0,0.507,0.469,0.8,0.9,0.833,0.4,1.2,1.6,2.2,0.6,0.1,0.8,1.6,7.2
Isaiah Joe,38,1,12.9,1.3,3.6,0.355,0.9,2.8,0.33,0.4,0.8,0.438,0.482,0.5,0.6,0.952,0.1,1.1,1.2,0.7,0.3,0.1,0.3,1.0,4.0
Alize Johnson,19,0,7.3,0.7,1.5,0.483,0.0,0.2,0.0,0.7,1.3,0.56,0.483,0.2,0.4,0.5,1.1,1.4,2.5,0.4,0.2,0.0,0.6,0.8,1.7
B.J. Johnson,4,0,16.3,2.8,6.3,0.44,1.0,2.5,0.4,1.8,3.8,0.467,0.52,0.0,0.0,,1.5,2.3,3.8,0.0,0.0,0.3,0.0,1.0,6.5
Cameron Johnson,51,10,26.0,4.1,8.9,0.456,2.5,5.8,0.429,1.6,3.1,0.506,0.595,1.2,1.4,0.849,0.6,3.6,4.2,1.2,0.9,0.2,0.6,1.7,11.9
David Johnson,2,0,1.0,0.0,0.5,0.0,0.0,0.5,0.0,0.0,0.0,,0.0,0.0,0.0,,0.0,0.0,0.0,0.0,0.0,0.0,0.0,0.0,0.0
Jalen Johnson,13,0,4.5,0.7,1.5,0.474,0.2,0.5,0.429,0.5,0.9,0.5,0.553,0.3,0.5,0.667,0.0,1.2,1.2,0.1,0.0,0.0,0.2,0.2,1.9
James Johnson,39,5,18.8,2.4,5.0,0.485,0.3,1.2,0.283,2.1,3.8,0.547,0.518,0.3,0.7,0.379,1.0,2.5,3.5,1.9,0.5,0.4,0.7,2.3,5.5
Joe Johnson,1,0,2.0,1.0,1.0,1.0,0.0,0.0,,1.0,1.0,1.0,1.0,0.0,0.0,,0.0,0.0,0.0,0.0,0.0,0.0,0.0,0.0,2.0
Keldon Johnson,51,50,31.1,5.8,12.5,0.466,1.9,4.4,0.427,3.9,8.0,0.488,0.542,1.9,2.7,0.715,1.0,5.1,6.1,1.8,0.7,0.1,1.3,1.8,15.4
Keon Johnson,15,0,9.0,1.1,3.4,0.333,0.2,0.7,0.273,0.9,2.7,0.35,0.363,1.1,1.4,0.762,0.4,1.0,1.4,0.9,0.5,0.1,0.5,1.4,3.5
Stanley Johnson,22,12,22.4,2.5,5.1,0.487,0.7,2.3,0.32,1.8,2.9,0.619,0.558,1.0,1.4,0.677,0.7,2.6,3.3,1.3,0.8,0.5,0.6,3.0,6.7
Tyler Johnson,6,0,15.2,1.0,3.3,0.3,0.8,2.2,0.385,0.2,1.2,0.143,0.425,0.0,0.0,,0.5,1.5,2.0,1.2,0.5,0.5,0.3,1.2,2.8
Nikola Jokić,48,48,32.9,9.9,17.1,0.578,1.6,4.2,0.375,8.3,12.9,0.644,0.624,4.5,5.5,0.816,2.7,11.0,13.6,7.9,1.4,0.7,3.6,2.5,25.8
Carlik Jones,5,0,4.6,0.2,1.8,0.111,0.0,0.2,0.0,0.2,1.6,0.125,0.111,0.4,0.4,1.0,0.2,0.4,0.6,1.0,0.2,0.0,0.6,0.0,0.8
Damian Jones,37,5,15.2,2.4,3.8,0.638,0.1,0.4,0.357,2.3,3.4,0.669,0.656,1.3,1.8,0.727,1.4,2.5,3.9,1.1,0.3,0.6,1.0,2.1,6.3
Derrick Jones Jr.,31,8,17.2,2.3,3.9,0.582,0.5,1.2,0.405,1.8,2.7,0.659,0.643,1.3,1.5,0.848,1.2,2.2,3.4,0.5,0.5,0.7,0.5,2.3,6.3
Herbert Jones,51,42,29.8,3.6,7.4,0.496,0.7,1.9,0.361,3.0,5.5,0.543,0.543,1.6,1.9,0.835,1.3,2.6,3.9,2.1,1.5,0.9,1.1,3.0,9.6
Jemerrio Jones,2,0,7.5,1.0,1.5,0.667,0.0,0.0,,1.0,1.5,0.667,0.667,0.0,0.0,,1.0,0.5,1.5,0.0,0.5,0.0,0.0,1.0,2.0
Kai Jones,16,0,2.9,0.4,0.6,0.667,0.1,0.1,0.5,0.3,0.4,0.714,0.722,0.1,0.3,0.25,0.1,0.4,0.5,0.3,0.0,0.0,0.3,0.3,0.9
Mason Jones,2,0,4.5,1.0,4.0,0.25,0.0,1.0,0.0,1.0,3.0,0.333,0.25,0.5,1.0,0.5,0.5,0.5,1.0,0.0,0.5,0.0,0.5,0.5,2.5
Tre Jones,43,4,13.4,2.0,4.0,0.5,0.1,0.4,0.158,1.9,3.5,0.543,0.509,0.8,0.9,0.895,0.4,1.4,1.8,2.3,0.4,0.0,0.6,0.9,4.8
Tyus Jones,49,13,20.6,3.2,6.9,0.463,0.9,2.5,0.366,2.3,4.4,0.519,0.529,0.7,0.8,0.875,0.3,2.3,2.6,4.1,0.9,0.0,0.7,0.4,8.0
DeAndre Jordan,31,19,12.9,1.9,2.8,0.67,0.0,0.0,,1.9,2.8,0.67,0.67,0.4,0.8,0.48,1.6,3.9,5.5,0.4,0.3,0.8,0.6,1.6,4.2
Cory Joseph,43,17,24.0,2.9,6.3,0.458,1.0,2.4,0.437,1.8,3.9,0.47,0.541,1.6,1.8,0.848,0.4,2.0,2.4,3.8,0.7,0.3,1.5,2.1,8.4
Georgios Kalaitzakis,9,0,5.3,0.6,1.2,0.455,0.2,0.4,0.5,0.3,0.8,0.429,0.545,0.4,1.0,0.444,0.4,0.4,0.9,0.0,0.1,0.1,0.4,0.9,1.8
Frank Kaminsky,9,0,20.1,4.0,7.3,0.545,0.6,1.7,0.333,3.4,5.7,0.608,0.583,2.0,2.2,0.9,1.2,3.3,4.6,1.4,0.9,0.8,0.6,1.6,10.6
Luke Kennard,46,10,28.1,4.1,9.3,0.436,2.7,6.2,0.43,1.4,3.1,0.448,0.579,1.0,1.1,0.882,0.2,3.3,3.6,2.2,0.6,0.1,0.8,1.6,11.8
Braxton Key,2,0,3.0,0.5,1.0,0.5,0.0,0.5,0.0,0.5,0.5,1.0,0.5,0.0,0.0,,0.5,0.5,1.0,0.5,0.5,0.0,1.0,0.5,1.0
George King,4,0,4.8,0.0,1.3,0.0,0.0,1.0,0.0,0.0,0.3,0.0,0.0,0.3,0.5,0.5,0.0,1.3,1.3,0.0,0.0,0.0,0.3,1.0,0.3
Louis King,10,0,10.4,1.5,4.7,0.319,0.8,2.7,0.296,0.7,2.0,0.35,0.404,0.7,1.0,0.7,0.0,1.2,1.2,0.9,0.2,0.1,0.0,1.4,4.5
Corey Kispert,48,7,18.5,2.3,5.2,0.436,0.9,3.0,0.317,1.3,2.3,0.593,0.526,0.8,0.9,0.878,0.6,1.8,2.4,0.9,0.3,0.3,0.4,0.9,6.2
Maxi Kleber,38,20,25.1,2.6,6.1,0.424,1.7,4.5,0.374,0.9,1.6,0.567,0.563,0.7,0.9,0.771,1.1,4.8,5.9,1.1,0.5,1.0,0.7,2.3,7.6
Brandon Knight,3,0,18.0,3.0,6.7,0.45,1.3,4.3,0.308,1.7,2.3,0.714,0.55,2.7,2.7,1.0,0.0,2.3,2.3,2.7,0.3,0.0,1.3,1.7,10.0
Nathan Knight,28,2,6.9,1.0,2.0,0.482,0.1,0.3,0.25,0.9,1.7,0.521,0.5,1.1,1.6,0.711,0.8,1.3,2.1,0.5,0.1,0.3,0.4,1.0,3.1
Kevin Knox,19,0,8.1,1.1,2.9,0.364,0.6,2.0,0.289,0.5,0.9,0.529,0.464,0.4,0.5,0.7,0.4,1.1,1.5,0.3,0.2,0.1,0.4,0.4,3.1
John Konchar,48,6,18.4,1.8,3.6,0.506,0.7,1.7,0.422,1.1,1.9,0.584,0.608,0.4,0.7,0.606,1.2,3.3,4.4,1.5,0.7,0.3,0.4,1.3,4.8
Furkan Korkmaz,47,17,24.0,3.2,8.2,0.39,1.3,4.6,0.287,1.9,3.6,0.52,0.47,1.2,1.4,0.838,0.3,2.7,3.0,2.4,0.6,0.1,0.8,1.0,9.0
Luke Kornet,3,0,6.0,0.3,2.0,0.167,0.0,0.3,0.0,0.3,1.7,0.2,0.167,0.7,1.0,0.667,1.0,0.3,1.3,0.3,0.0,0.3,0.0,0.7,1.3
Vit Krejci,3,0,3.0,0.0,0.7,0.0,0.0,0.7,0.0,0.0,0.0,,0.0,0.7,0.7,1.0,0.0,1.0,1.0,0.0,0.0,0.0,0.3,0.0,0.7
Arnoldas Kulboka,1,0,3.0,0.0,0.0,,0.0,0.0,,0.0,0.0,,,0.0,0.0,,0.0,0.0,0.0,0.0,0.0,0.0,0.0,0.0,0.0
Jonathan Kuminga,43,4,13.2,2.7,5.5,0.489,0.6,1.8,0.304,2.1,3.6,0.583,0.54,1.5,2.3,0.636,0.6,2.0,2.6,0.7,0.3,0.2,0.9,1.7,7.4
Kyle Kuzma,50,50,32.9,6.0,13.3,0.456,1.8,5.5,0.335,4.2,7.8,0.541,0.525,2.2,3.2,0.692,1.1,7.5,8.7,2.8,0.7,0.9,2.2,1.8,16.1
Anthony Lamb,2,0,4.0,0.0,1.0,0.0,0.0,1.0,0.0,0.0,0.0,,0.0,0.0,0.0,,0.0,0.5,0.5,1.0,0.0,0.0,0.0,0.0,0.0
Jeremy Lamb,40,0,16.1,2.2,6.0,0.372,1.1,3.1,0.336,1.2,2.9,0.412,0.46,1.8,2.1,0.843,0.4,2.1,2.5,1.4,0.6,0.4,0.6,1.1,7.3
Jock Landale,34,1,10.1,1.7,3.4,0.496,0.6,1.5,0.365,1.1,1.9,0.6,0.577,0.6,0.7,0.87,1.1,1.1,2.3,0.9,0.2,0.4,0.6,0.9,4.6
Romeo Langford,44,5,16.5,1.8,4.2,0.429,0.7,1.9,0.349,1.1,2.3,0.495,0.508,0.5,0.8,0.588,0.7,1.7,2.4,0.4,0.5,0.4,0.4,1.0,4.7
Zach LaVine,46,46,34.5,8.8,18.2,0.484,2.9,7.2,0.404,5.9,11.0,0.536,0.564,4.3,4.9,0.876,0.3,4.6,4.9,4.4,0.6,0.4,2.7,1.7,24.9
Jake Layman,23,1,7.3,0.8,2.1,0.367,0.2,1.1,0.154,0.6,1.0,0.609,0.408,0.3,0.3,0.75,0.2,0.9,1.0,0.3,0.3,0.2,0.3,0.4,2.0
Damion Lee,44,3,20.5,2.9,6.5,0.451,1.2,3.2,0.366,1.7,3.2,0.535,0.542,0.9,1.1,0.851,0.4,2.7,3.1,0.9,0.7,0.1,0.7,1.4,7.9
Saben Lee,27,0,14.9,1.7,4.5,0.38,0.4,1.6,0.273,1.3,2.9,0.442,0.43,1.2,1.6,0.767,0.4,2.1,2.4,2.4,0.9,0.4,0.9,0.9,5.1
Alex Len,33,9,16.9,2.5,4.7,0.529,0.2,0.6,0.316,2.3,4.1,0.559,0.548,1.1,1.7,0.643,1.5,3.2,4.6,1.2,0.4,0.8,1.2,2.7,6.2
Caris LeVert,40,39,31.1,7.1,15.8,0.445,1.6,4.8,0.323,5.5,11.0,0.499,0.494,2.8,3.7,0.764,0.8,3.0,3.8,4.4,0.9,0.5,1.9,2.3,18.5
Kira Lewis Jr.,24,0,14.2,2.5,6.1,0.404,0.5,2.4,0.224,1.9,3.7,0.523,0.449,0.4,0.5,0.833,0.4,1.3,1.6,2.0,0.5,0.0,1.1,0.7,5.9
Scottie Lewis,2,0,3.5,0.0,0.0,,0.0,0.0,,0.0,0.0,,,0.5,1.0,0.5,0.0,0.0,0.0,0.5,0.5,0.0,0.0,0.0,0.5
Damian Lillard,29,29,36.4,7.7,19.0,0.402,3.2,9.8,0.324,4.5,9.2,0.485,0.486,5.5,6.2,0.878,0.4,3.7,4.1,7.3,0.6,0.4,2.9,1.3,24.0
Nassir Little,42,23,25.9,3.5,7.5,0.46,1.2,3.7,0.331,2.2,3.8,0.584,0.541,1.6,2.2,0.734,1.4,4.2,5.6,1.3,0.6,0.9,1.0,2.0,9.8
Isaiah Livers,1,0,5.0,0.0,2.0,0.0,0.0,2.0,0.0,0.0,0.0,,0.0,0.0,0.0,,0.0,0.0,0.0,0.0,1.0,1.0,1.0,1.0,0.0
Kevon Looney,55,55,21.3,2.6,4.7,0.55,0.0,0.0,0.0,2.6,4.7,0.553,0.55,1.1,1.6,0.663,2.8,4.8,7.6,1.7,0.6,0.7,1.0,2.7,6.2
Brook Lopez,1,1,28.0,3.0,9.0,0.333,2.0,4.0,0.5,1.0,5.0,0.2,0.444,0.0,0.0,,2.0,3.0,5.0,0.0,1.0,3.0,0.0,3.0,8.0
Robin Lopez,25,9,17.8,3.6,6.3,0.576,0.1,0.2,0.4,3.6,6.1,0.582,0.582,0.8,1.4,0.588,2.2,1.6,3.8,1.7,0.0,0.6,1.3,2.0,8.2
Didi Louzada,2,0,3.5,0.0,1.5,0.0,0.0,1.5,0.0,0.0,0.0,,0.0,0.0,0.0,,1.0,0.0,1.0,0.5,0.0,0.0,0.0,0.0,0.0
Kevin Love,47,2,22.3,4.6,10.7,0.427,2.5,6.4,0.393,2.1,4.3,0.478,0.545,2.8,3.2,0.855,1.2,6.3,7.5,2.2,0.4,0.2,1.3,1.1,14.4
Kyle Lowry,42,42,33.8,4.3,10.4,0.416,2.1,6.1,0.337,2.2,4.2,0.531,0.516,2.3,2.7,0.85,0.6,3.8,4.4,8.0,1.1,0.4,3.0,2.7,13.0
Timothé Luwawu-Cabarrot,34,12,13.0,1.4,3.6,0.387,0.9,2.5,0.36,0.5,1.1,0.447,0.512,0.5,0.6,0.85,0.2,1.1,1.4,0.8,0.4,0.1,0.4,1.4,4.2
Trey Lyles,51,3,19.4,3.4,7.5,0.456,0.9,2.9,0.301,2.6,4.7,0.55,0.513,2.7,3.5,0.784,1.2,3.6,4.8,1.1,0.4,0.5,1.1,1.8,10.4
Théo Maledon,28,0,13.8,1.2,3.8,0.318,0.4,2.0,0.218,0.8,1.9,0.423,0.374,1.0,1.2,0.848,0.3,1.3,1.6,1.1,0.4,0.1,0.8,1.1,3.9
Sandro Mamukelashvili,30,2,9.8,1.2,2.7,0.439,0.5,1.3,0.385,0.7,1.4,0.488,0.53,0.3,0.4,0.75,0.9,1.0,1.9,0.5,0.2,0.2,0.3,0.6,3.2
Terance Mann,55,20,28.5,3.9,8.1,0.474,1.0,2.7,0.358,2.9,5.4,0.534,0.535,1.3,1.7,0.758,1.3,3.8,5.1,2.3,0.6,0.1,1.0,2.2,10.0
Tre Mann,41,9,19.3,2.9,7.8,0.377,1.3,3.6,0.363,1.6,4.2,0.39,0.461,0.8,1.1,0.733,0.3,1.9,2.2,1.0,0.7,0.2,0.9,1.7,8.0
Boban Marjanović,17,0,5.8,2.1,3.4,0.632,0.1,0.2,0.333,2.1,3.2,0.648,0.64,0.5,0.9,0.5,0.4,1.4,1.8,0.1,0.0,0.1,0.6,1.2,4.8
Lauri Markkanen,38,38,30.2,4.9,11.3,0.436,2.0,5.9,0.342,2.9,5.4,0.539,0.526,1.7,1.9,0.863,1.1,4.2,5.3,1.5,0.8,0.6,0.8,1.8,13.6
Naji Marshall,29,0,9.8,1.2,3.3,0.358,0.2,1.3,0.158,1.0,2.0,0.491,0.389,1.0,1.2,0.857,0.5,1.7,2.2,0.8,0.4,0.1,0.8,1.0,3.6
Caleb Martin,44,10,22.9,3.7,7.2,0.506,1.0,2.6,0.379,2.7,4.6,0.579,0.575,1.2,1.6,0.739,1.3,2.7,4.0,1.0,1.0,0.5,0.8,1.6,9.5
Cody Martin,49,11,27.2,2.9,6.5,0.454,1.0,2.4,0.41,2.0,4.1,0.48,0.53,1.1,1.7,0.671,1.2,3.0,4.2,2.6,1.3,0.5,0.9,1.7,8.0
Kelan Martin,27,1,16.4,2.6,6.2,0.417,0.8,2.7,0.297,1.8,3.5,0.511,0.482,0.3,0.5,0.692,0.6,1.4,2.0,0.8,0.5,0.3,0.5,1.3,6.3
Kenyon Martin Jr.,51,0,19.6,3.4,6.4,0.525,0.5,1.8,0.29,2.8,4.6,0.618,0.566,1.1,1.7,0.635,1.1,2.8,3.9,1.4,0.5,0.5,0.7,1.3,8.3
Garrison Mathews,37,17,27.4,3.3,7.9,0.412,2.5,6.6,0.377,0.8,1.4,0.58,0.568,2.6,3.1,0.819,0.5,2.9,3.4,1.1,0.7,0.4,0.6,2.9,11.6
Dakota Mathias,6,0,2.7,0.3,1.0,0.333,0.3,1.0,0.333,0.0,0.0,,0.5,0.0,0.0,,0.0,0.3,0.3,0.2,0.2,0.0,0.0,0.2,1.0
Wesley Matthews,27,6,19.4,1.9,4.7,0.413,1.1,3.3,0.344,0.8,1.3,0.583,0.536,0.2,0.4,0.6,0.6,1.4,2.0,0.7,0.4,0.2,0.4,1.9,5.2
Tyrese Maxey,47,46,35.8,6.4,13.5,0.471,1.4,3.5,0.398,5.0,10.0,0.497,0.523,2.7,3.1,0.871,0.4,3.2,3.6,4.8,0.7,0.6,1.2,2.1,16.9
Skylar Mays,21,5,9.4,1.5,2.9,0.517,0.4,1.2,0.32,1.1,1.7,0.657,0.583,0.4,0.4,0.889,0.2,1.0,1.2,0.8,0.3,0.0,0.4,0.3,3.7
Miles McBride,21,2,7.2,0.7,2.8,0.259,0.2,1.5,0.161,0.5,1.3,0.37,0.302,0.1,0.2,0.75,0.1,0.7,0.8,1.1,0.4,0.0,0.1,0.7,1.8
Mac McClung,1,0,3.0,1.0,1.0,1.0,0.0,0.0,,1.0,1.0,1.0,1.0,0.0,0.0,,0.0,0.0,0.0,0.0,0.0,0.0,1.0,0.0,2.0
CJ McCollum,36,36,35.2,8.1,18.5,0.436,3.1,8.0,0.384,5.0,10.4,0.476,0.52,1.3,1.9,0.706,0.9,3.3,4.3,4.5,1.0,0.6,1.9,2.1,20.5
T.J. McConnell,24,6,24.2,3.8,7.5,0.503,0.3,1.0,0.28,3.5,6.5,0.538,0.522,0.5,0.6,0.8,0.8,2.5,3.3,4.8,1.0,0.4,1.2,1.8,8.4
Jaden McDaniels,52,24,26.0,3.4,7.7,0.438,1.1,3.5,0.308,2.3,4.2,0.545,0.507,0.7,0.8,0.773,1.2,3.1,4.3,1.2,0.8,0.7,1.0,3.3,8.5
Jalen McDaniels,39,2,17.6,2.5,5.1,0.492,0.8,2.2,0.372,1.7,2.8,0.586,0.574,0.8,1.2,0.674,0.7,2.7,3.5,1.1,0.5,0.4,0.8,1.8,6.6
Doug McDermott,39,39,24.4,4.4,9.5,0.465,2.2,5.2,0.429,2.2,4.3,0.509,0.582,0.5,0.7,0.704,0.4,2.1,2.5,1.2,0.2,0.1,0.8,1.6,11.5
JaVale McGee,48,14,16.3,4.3,6.5,0.658,0.0,0.1,0.4,4.2,6.4,0.662,0.661,1.5,2.1,0.68,2.4,4.6,7.1,0.7,0.3,1.0,1.4,2.5,10.0
Cameron McGriff,3,0,15.3,1.7,4.7,0.357,0.7,2.0,0.333,1.0,2.7,0.375,0.429,0.7,0.7,1.0,2.0,3.0,5.0,1.0,0.0,0.3,0.0,2.3,4.7
Rodney McGruder,29,1,13.3,1.6,3.6,0.433,0.8,2.1,0.393,0.7,1.5,0.488,0.548,0.3,0.5,0.714,0.6,1.4,2.0,0.8,0.4,0.1,0.4,1.0,4.3
Alfonzo McKinnie,17,3,12.1,1.4,3.6,0.393,0.5,1.6,0.333,0.9,2.0,0.441,0.467,0.1,0.5,0.25,0.8,1.2,1.9,0.3,0.1,0.2,0.4,1.5,3.5
JaQuori McLaughlin,4,0,2.8,0.0,0.5,0.0,0.0,0.3,0.0,0.0,0.3,0.0,0.0,0.0,0.0,,0.0,0.0,0.0,0.5,0.0,0.0,0.0,0.3,0.0
Jordan McLaughlin,37,3,12.2,1.1,2.9,0.383,0.2,1.1,0.2,0.9,1.8,0.493,0.421,0.5,0.7,0.741,0.2,1.1,1.3,2.8,0.7,0.1,0.5,0.5,3.0
Ben McLemore,39,6,18.3,3.0,7.6,0.392,2.3,6.1,0.378,0.7,1.5,0.448,0.544,0.6,0.8,0.781,0.3,1.2,1.5,0.8,0.4,0.1,0.7,1.4,8.9
De'Anthony Melton,47,13,22.9,3.6,9.4,0.384,1.6,4.8,0.335,2.0,4.6,0.435,0.469,1.0,1.5,0.69,1.0,3.5,4.5,2.7,1.6,0.6,1.4,1.8,9.8
Sam Merrill,6,0,9.7,1.3,4.0,0.333,1.2,3.8,0.304,0.2,0.2,1.0,0.479,0.3,0.7,0.5,0.2,1.0,1.2,0.7,0.0,0.0,0.3,0.5,4.2
Chimezie Metu,39,20,22.5,3.5,8.1,0.433,0.9,3.4,0.271,2.6,4.6,0.552,0.49,1.1,1.4,0.732,0.6,5.3,5.9,1.1,0.9,0.6,1.0,1.5,8.9
Khris Middleton,44,44,31.9,6.6,15.0,0.442,2.4,6.3,0.377,4.3,8.7,0.488,0.52,3.9,4.4,0.881,0.7,4.9,5.6,5.3,1.3,0.3,3.0,2.5,19.5
C.J. Miles,1,0,2.0,0.0,0.0,,0.0,0.0,,0.0,0.0,,,0.0,0.0,,0.0,0.0,0.0,0.0,0.0,0.0,0.0,1.0,0.0
Patty Mills,53,36,30.8,4.8,11.1,0.434,3.3,7.7,0.424,1.5,3.4,0.456,0.581,0.7,0.8,0.884,0.2,1.9,2.2,2.5,0.7,0.3,0.9,1.4,13.6
Paul Millsap,24,0,11.3,1.3,3.5,0.376,0.3,1.1,0.222,1.1,2.4,0.448,0.412,0.5,0.7,0.706,1.2,2.5,3.7,1.0,0.2,0.5,0.5,2.0,3.4
Shake Milton,27,6,24.7,4.0,9.4,0.429,0.9,2.9,0.316,3.1,6.5,0.48,0.478,1.5,1.8,0.854,0.5,2.5,3.0,2.8,0.7,0.4,1.1,2.1,10.5
Davion Mitchell,51,8,26.1,4.3,10.5,0.408,1.4,4.3,0.32,2.9,6.2,0.47,0.474,0.5,0.8,0.558,0.5,1.8,2.3,3.5,0.7,0.3,1.2,1.9,10.4
Donovan Mitchell,43,43,33.3,9.3,20.4,0.454,3.3,9.4,0.346,6.0,11.0,0.548,0.534,3.7,4.2,0.872,0.9,3.3,4.1,5.3,1.6,0.3,3.0,2.4,25.4
Evan Mobley,47,47,34.2,6.1,12.2,0.498,0.4,1.4,0.277,5.7,10.8,0.527,0.514,2.4,3.6,0.667,1.9,6.3,8.2,2.6,0.7,1.7,1.9,2.0,14.9
Malik Monk,50,18,27.2,4.8,10.1,0.47,2.3,5.7,0.403,2.5,4.5,0.556,0.583,1.2,1.5,0.787,0.4,2.9,3.3,2.5,0.7,0.4,1.4,1.6,13.0
Greg Monroe,8,0,15.8,2.5,4.8,0.526,0.0,0.0,,2.5,4.8,0.526,0.526,0.4,0.9,0.429,2.3,3.1,5.4,1.8,0.5,0.8,1.0,1.8,5.4
Moses Moody,32,4,9.6,1.2,3.0,0.389,0.6,1.8,0.316,0.6,1.2,0.5,0.484,0.4,0.5,0.824,0.2,1.2,1.4,0.3,0.1,0.2,0.2,0.7,3.3
Xavier Moon,6,0,13.8,2.3,5.7,0.412,0.5,1.7,0.3,1.8,4.0,0.458,0.456,0.3,0.5,0.667,0.2,1.3,1.5,1.7,0.8,0.2,0.5,0.7,5.5
Matt Mooney,1,0,2.0,0.0,1.0,0.0,0.0,1.0,0.0,0.0,0.0,,0.0,0.0,0.0,,0.0,0.0,0.0,0.0,1.0,0.0,1.0,0.0,0.0
Ja Morant,43,43,33.1,10.0,20.3,0.493,1.5,4.5,0.344,8.5,15.8,0.535,0.531,5.0,6.6,0.756,1.4,4.5,5.9,6.8,1.3,0.4,3.5,1.4,26.5
Juwan Morgan,1,0,27.0,2.0,3.0,0.667,1.0,2.0,0.5,1.0,1.0,1.0,0.833,0.0,0.0,,2.0,2.0,4.0,1.0,0.0,0.0,0.0,3.0,5.0
Jaylen Morris,3,0,5.3,0.0,2.0,0.0,0.0,0.7,0.0,0.0,1.3,0.0,0.0,0.7,1.3,0.5,0.0,0.7,0.7,0.7,0.0,0.0,0.3,0.7,0.7
Marcus Morris,31,31,29.9,5.5,13.1,0.424,2.1,5.4,0.383,3.5,7.7,0.452,0.502,2.4,2.8,0.83,0.6,4.6,5.2,2.3,0.5,0.3,1.3,2.3,15.5
Markieff Morris,10,0,18.7,3.2,7.0,0.457,0.8,2.2,0.364,2.4,4.8,0.5,0.514,0.5,0.5,1.0,1.3,1.5,2.8,1.4,0.3,0.1,1.2,2.2,7.7
Monte Morris,51,50,30.0,5.1,10.8,0.474,1.6,4.3,0.373,3.5,6.5,0.541,0.548,0.8,1.0,0.843,0.4,2.6,2.9,4.3,0.7,0.2,1.0,1.2,12.6
Emmanuel Mudiay,2,0,5.5,0.0,1.0,0.0,0.0,0.0,,0.0,1.0,0.0,0.0,1.5,2.0,0.75,0.0,0.0,0.0,2.0,0.5,0.0,0.5,0.5,1.5
Mychal Mulder,15,2,13.0,1.3,4.5,0.299,0.9,3.1,0.283,0.5,1.4,0.333,0.396,0.1,0.1,1.0,0.1,1.3,1.4,0.2,0.3,0.1,0.5,0.8,3.7
Ade Murkey,1,0,1.0,0.0,0.0,,0.0,0.0,,0.0,0.0,,,0.0,0.0,,0.0,0.0,0.0,0.0,0.0,0.0,0.0,0.0,0.0
Trey Murphy III,40,0,12.9,1.3,3.7,0.338,0.9,2.7,0.336,0.4,1.0,0.341,0.459,0.6,0.7,0.857,0.7,1.5,2.2,0.5,0.3,0.2,0.3,0.9,4.0
Dejounte Murray,48,48,34.4,8.1,17.9,0.453,1.3,4.1,0.315,6.8,13.8,0.495,0.49,2.0,2.7,0.744,1.3,7.0,8.4,9.2,2.0,0.4,2.5,2.1,19.5
Mike Muscala,43,0,13.8,2.6,5.8,0.456,1.6,3.8,0.429,1.0,2.0,0.506,0.597,1.1,1.3,0.842,0.5,2.5,3.0,0.5,0.4,0.6,0.3,1.3,8.0
Svi Mykhailiuk,41,5,15.8,2.0,5.0,0.407,0.9,2.8,0.31,1.2,2.2,0.527,0.493,0.7,0.8,0.844,0.5,1.6,2.1,1.0,0.6,0.1,0.7,1.1,5.6
Abdel Nader,14,0,10.4,0.9,2.5,0.343,0.3,1.0,0.286,0.6,1.5,0.381,0.4,0.4,0.7,0.6,0.3,1.6,1.9,0.5,0.6,0.3,0.8,1.4,2.4
Larry Nance Jr.,37,11,23.2,2.8,5.4,0.515,0.5,1.7,0.306,2.2,3.7,0.61,0.563,0.9,1.3,0.653,1.6,4.1,5.6,2.0,1.0,0.4,0.7,1.8,6.9
RJ Nembhard Jr.,7,0,6.3,0.7,1.6,0.455,0.0,0.1,0.0,0.7,1.4,0.5,0.455,0.1,0.3,0.5,0.0,0.3,0.3,1.4,0.0,0.0,0.3,0.3,1.6
Aaron Nesmith,39,1,10.2,1.2,3.3,0.354,0.4,2.1,0.207,0.7,1.2,0.604,0.419,0.3,0.4,0.813,0.3,1.4,1.6,0.3,0.3,0.1,0.5,1.2,3.1
Raul Neto,44,0,19.4,2.8,6.5,0.44,0.4,1.7,0.227,2.5,4.8,0.517,0.47,1.1,1.5,0.731,0.2,1.8,1.9,2.5,0.7,0.0,1.2,1.5,7.2
Malik Newman,1,0,8.0,3.0,5.0,0.6,0.0,1.0,0.0,3.0,4.0,0.75,0.6,2.0,2.0,1.0,0.0,1.0,1.0,1.0,0.0,0.0,1.0,0.0,8.0
Georges Niang,50,5,23.1,3.4,7.7,0.438,2.0,4.9,0.402,1.4,2.8,0.5,0.565,0.8,0.9,0.864,0.4,2.3,2.6,1.5,0.4,0.2,0.9,2.6,9.5
Daishen Nix,8,0,8.4,1.6,2.5,0.65,0.4,0.9,0.429,1.3,1.6,0.769,0.725,0.1,0.4,0.333,0.1,1.1,1.3,1.3,0.9,0.0,1.1,0.4,3.8
Zeke Nnaji,38,1,16.4,2.4,4.5,0.547,0.9,1.9,0.493,1.5,2.6,0.588,0.653,1.0,1.6,0.613,1.4,2.2,3.7,0.3,0.3,0.3,0.5,1.9,6.8
Nerlens Noel,25,11,22.5,1.3,2.4,0.533,0.0,0.1,0.0,1.3,2.3,0.561,0.533,0.8,1.2,0.7,1.9,3.7,5.6,0.9,1.2,1.2,0.8,2.7,3.4
Jaylen Nowell,40,1,15.1,3.1,6.6,0.464,0.9,2.4,0.365,2.2,4.2,0.521,0.53,1.0,1.4,0.745,0.4,1.6,2.0,2.1,0.6,0.2,0.5,1.2,8.0
Frank Ntilikina,44,5,12.9,1.5,4.1,0.378,0.7,2.1,0.34,0.8,2.0,0.419,0.467,0.5,0.5,0.958,0.2,1.3,1.4,1.2,0.5,0.1,0.6,1.1,4.3
Jusuf Nurkić,53,53,27.9,5.6,10.5,0.533,0.2,1.0,0.231,5.4,9.5,0.564,0.544,3.2,4.7,0.681,2.9,7.9,10.8,2.7,1.1,0.6,2.5,3.3,14.6
David Nwaba,34,4,14.0,2.0,4.1,0.475,0.3,1.0,0.286,1.7,3.1,0.538,0.511,1.0,1.4,0.714,0.9,3.0,3.8,0.8,0.6,0.5,0.5,1.2,5.3
Jordan Nwora,42,9,19.2,3.1,7.6,0.408,1.4,3.8,0.366,1.7,3.8,0.449,0.5,0.4,0.5,0.762,0.7,3.1,3.8,1.0,0.5,0.3,1.0,1.1,8.0
Royce O'Neale,51,51,31.4,2.7,5.5,0.482,1.5,3.7,0.397,1.2,1.8,0.656,0.615,0.6,0.8,0.786,0.8,4.2,5.0,2.5,1.2,0.5,0.9,2.4,7.5
Semi Ojeleye,20,0,15.4,0.9,3.5,0.257,0.6,2.1,0.268,0.4,1.5,0.241,0.336,0.5,0.7,0.769,1.3,1.7,2.9,0.3,0.3,0.3,0.3,1.3,2.9
Chuma Okeke,45,10,23.6,3.0,7.8,0.387,1.4,4.6,0.301,1.6,3.2,0.51,0.476,0.7,0.9,0.846,0.6,3.9,4.5,1.5,1.4,0.6,0.8,1.4,8.1
Josh Okogie,33,6,12.4,0.8,2.3,0.347,0.3,1.1,0.278,0.5,1.2,0.41,0.413,0.7,1.1,0.622,0.8,1.1,1.8,0.5,0.5,0.3,0.5,1.2,2.6
Onyeka Okongwu,22,6,22.1,3.6,4.9,0.731,0.0,0.0,,3.6,4.9,0.731,0.731,1.8,2.4,0.736,2.2,3.5,5.7,1.0,0.7,1.5,1.1,3.3,9.0
Isaac Okoro,40,34,28.7,3.3,7.1,0.465,0.9,2.7,0.312,2.4,4.3,0.561,0.525,1.7,2.2,0.764,1.1,2.2,3.3,1.8,0.8,0.3,1.0,2.5,9.1
KZ Okpala,21,0,11.6,1.4,3.3,0.435,0.4,1.2,0.346,1.0,2.0,0.488,0.5,0.4,0.5,0.727,0.5,1.4,2.0,0.7,0.2,0.3,0.2,1.2,3.7
Cameron Oliver,2,0,21.5,5.0,7.5,0.667,0.5,1.5,0.333,4.5,6.0,0.75,0.7,1.0,1.5,0.667,1.0,2.0,3.0,1.5,0.5,0.5,0.0,2.5,11.5
Kelly Olynyk,17,1,20.6,3.6,9.1,0.403,1.1,3.7,0.286,2.6,5.4,0.484,0.461,1.6,2.6,0.636,1.4,3.4,4.8,3.0,0.9,0.6,1.6,2.7,10.0
Eugene Omoruyi,4,0,4.5,0.5,1.3,0.4,0.3,0.5,0.5,0.3,0.8,0.333,0.5,0.5,1.0,0.5,0.5,1.3,1.8,0.5,0.0,0.0,0.0,0.5,1.8
Miye Oni,16,0,2.8,0.1,0.6,0.222,0.1,0.5,0.125,0.1,0.1,1.0,0.278,0.0,0.1,0.0,0.1,0.4,0.4,0.3,0.0,0.0,0.1,0.4,0.3
Cedi Osman,43,3,23.2,3.8,9.1,0.419,2.0,5.7,0.358,1.8,3.4,0.524,0.532,1.2,1.8,0.633,0.4,1.9,2.3,2.0,0.9,0.2,0.9,1.9,10.8
Daniel Oturu,3,0,9.0,1.0,2.0,0.5,0.0,0.3,0.0,1.0,1.7,0.6,0.5,1.0,1.7,0.6,0.3,1.3,1.7,0.0,0.0,0.7,0.0,0.3,3.0
Kelly Oubre Jr.,50,11,28.5,6.0,13.6,0.441,2.8,8.0,0.351,3.2,5.6,0.571,0.545,1.8,2.6,0.688,1.1,3.0,4.1,1.2,1.2,0.4,1.0,2.5,16.6
Jaysean Paige,1,0,7.0,0.0,3.0,0.0,0.0,2.0,0.0,0.0,1.0,0.0,0.0,0.0,0.0,,0.0,1.0,1.0,1.0,0.0,0.0,1.0,2.0,0.0
Trayvon Palmer,1,0,17.0,0.0,1.0,0.0,0.0,0.0,,0.0,1.0,0.0,0.0,0.0,0.0,,0.0,2.0,2.0,0.0,0.0,0.0,1.0,2.0,0.0
Kevin Pangos,24,3,6.9,0.6,1.9,0.326,0.3,1.1,0.231,0.4,0.8,0.45,0.391,0.1,0.2,0.75,0.1,0.4,0.5,1.3,0.1,0.0,0.3,0.5,1.6
Jabari Parker,12,0,9.3,1.5,3.2,0.474,0.7,1.3,0.5,0.8,1.8,0.455,0.579,0.8,0.8,1.0,0.4,1.9,2.3,0.5,0.3,0.1,0.7,1.1,4.4
Eric Paschall,41,1,13.3,2.0,4.1,0.485,0.8,2.1,0.372,1.2,2.0,0.605,0.581,1.1,1.5,0.754,0.6,1.5,2.1,0.6,0.1,0.1,0.6,1.0,5.9
Chris Paul,54,54,33.3,5.7,11.6,0.489,1.1,3.1,0.339,4.6,8.5,0.544,0.534,2.6,3.2,0.83,0.3,4.2,4.5,10.5,1.9,0.3,2.4,2.1,15.0
Cameron Payne,40,0,20.4,4.0,9.8,0.404,1.1,3.4,0.336,2.8,6.4,0.44,0.462,1.4,1.7,0.864,0.4,2.4,2.8,3.6,0.6,0.3,1.8,1.9,10.5
Elfrid Payton,34,0,11.7,1.4,3.6,0.387,0.1,0.4,0.167,1.4,3.3,0.411,0.395,0.3,0.6,0.455,0.5,1.5,2.0,2.0,0.5,0.1,1.0,0.9,3.2
Gary Payton II,52,9,16.8,3.0,4.8,0.623,0.6,1.7,0.375,2.3,3.1,0.761,0.69,0.5,0.9,0.587,1.0,2.6,3.6,0.8,1.3,0.3,0.5,1.7,7.1
Norvel Pelle,3,0,6.3,1.0,1.7,0.6,0.0,0.0,,1.0,1.7,0.6,0.6,0.0,0.0,,1.0,1.0,2.0,0.0,0.0,0.3,0.7,0.3,2.0
Reggie Perry,3,0,17.0,1.7,3.3,0.5,0.3,0.7,0.5,1.3,2.7,0.5,0.55,0.7,0.7,1.0,0.7,2.0,2.7,0.7,0.3,0.0,0.3,3.0,4.3
Jamorko Pickett,6,0,7.8,0.2,1.7,0.1,0.2,1.2,0.143,0.0,0.5,0.0,0.15,0.0,0.0,,0.3,1.2,1.5,0.2,0.0,0.2,0.5,0.5,0.5
Theo Pinson,16,0,7.5,0.6,2.0,0.281,0.4,1.6,0.24,0.2,0.4,0.429,0.375,0.3,0.3,1.0,0.1,1.1,1.2,0.8,0.3,0.1,0.1,0.6,1.8
Mason Plumlee,47,47,25.4,3.0,4.7,0.631,0.0,0.0,0.0,3.0,4.7,0.636,0.631,0.7,2.2,0.34,2.5,5.3,7.8,2.9,1.0,0.7,1.3,3.0,6.7
Jakob Poeltl,45,44,28.8,5.9,9.7,0.614,0.0,0.0,,5.9,9.7,0.614,0.614,1.2,2.7,0.459,4.0,5.1,9.0,2.8,0.7,1.7,1.6,3.0,13.1
Aleksej Pokusevski,38,2,15.8,2.1,5.6,0.384,0.7,2.6,0.268,1.4,3.0,0.482,0.445,0.2,0.4,0.5,1.0,3.2,4.2,1.2,0.6,0.5,1.2,1.2,5.1
Yves Pons,7,0,3.1,0.1,0.4,0.333,0.1,0.1,1.0,0.0,0.3,0.0,0.5,0.0,0.3,0.0,0.3,0.4,0.7,0.0,0.0,0.0,0.0,0.3,0.4
Jordan Poole,49,35,29.2,5.7,12.9,0.438,2.4,7.1,0.342,3.2,5.8,0.556,0.532,2.9,3.2,0.923,0.4,2.7,3.1,3.5,0.8,0.3,2.3,2.6,16.7
Kevin Porter Jr.,37,37,29.9,4.6,11.8,0.392,2.2,5.9,0.368,2.4,5.8,0.417,0.485,2.0,3.2,0.619,0.7,3.2,4.0,6.1,1.2,0.3,3.6,2.6,13.4
Michael Porter Jr.,9,9,29.4,4.1,11.4,0.359,1.1,5.3,0.208,3.0,6.1,0.491,0.408,0.6,1.0,0.556,1.0,5.6,6.6,1.9,1.1,0.2,1.3,1.8,9.9
Otto Porter Jr.,45,13,21.6,3.2,6.8,0.475,1.5,3.8,0.399,1.7,2.9,0.576,0.589,0.5,0.7,0.727,1.0,4.2,5.1,1.6,1.1,0.5,0.5,1.3,8.5
Bobby Portis,47,42,28.7,6.1,12.4,0.489,2.0,4.7,0.427,4.1,7.7,0.526,0.569,1.4,1.9,0.77,2.6,6.5,9.1,1.3,0.7,0.8,1.5,2.7,15.6
Kristaps Porziņģis,34,34,29.5,6.7,14.9,0.451,1.4,5.1,0.283,5.3,9.9,0.537,0.499,4.3,5.0,0.865,1.9,5.8,7.7,2.0,0.7,1.7,1.6,2.6,19.2
Micah Potter,3,0,10.3,1.7,3.7,0.455,0.0,0.7,0.0,1.7,3.0,0.556,0.455,0.7,0.7,1.0,1.3,1.7,3.0,0.0,0.3,0.3,0.3,1.3,4.0
Dwight Powell,55,44,20.3,2.8,4.3,0.644,0.2,0.6,0.387,2.5,3.7,0.683,0.669,1.6,2.2,0.748,2.0,2.4,4.4,1.1,0.5,0.4,0.8,2.5,7.4
Myles Powell,11,0,4.7,0.5,1.5,0.294,0.1,0.5,0.167,0.4,1.0,0.364,0.324,0.2,0.2,1.0,0.1,0.5,0.5,0.3,0.1,0.0,0.3,0.7,1.2
Norman Powell,42,40,32.9,6.2,13.6,0.46,2.3,5.7,0.408,3.9,7.9,0.497,0.546,4.0,5.0,0.808,0.4,2.8,3.2,2.1,1.0,0.5,1.5,2.3,18.8
Joshua Primo,26,4,15.4,1.7,4.7,0.364,0.8,2.4,0.317,0.9,2.2,0.414,0.446,0.5,0.7,0.778,0.6,1.0,1.7,1.4,0.3,0.5,1.0,1.0,4.7
Taurean Prince,44,8,15.6,2.1,4.5,0.455,1.1,2.8,0.393,1.0,1.8,0.551,0.575,0.6,0.8,0.757,0.4,2.0,2.4,0.9,0.6,0.2,0.7,1.5,5.9
Payton Pritchard,45,2,12.2,1.8,4.6,0.385,1.0,2.8,0.371,0.7,1.8,0.407,0.498,0.3,0.3,1.0,0.3,1.3,1.6,1.7,0.2,0.1,0.6,0.9,4.8
Trevelin Queen,8,0,8.6,1.6,3.6,0.448,1.0,2.8,0.364,0.6,0.9,0.714,0.586,0.4,0.4,1.0,0.6,1.1,1.8,0.4,0.6,0.0,0.9,0.8,4.6
Neemias Queta,10,0,5.6,0.9,2.3,0.391,0.0,0.0,,0.9,2.3,0.391,0.391,0.3,0.5,0.6,1.1,0.8,1.9,0.4,0.1,0.4,0.4,1.1,2.1
Immanuel Quickley,51,2,21.7,3.2,8.6,0.367,1.6,4.9,0.331,1.5,3.7,0.415,0.461,1.6,1.8,0.912,0.3,2.0,2.3,3.0,0.6,0.1,1.3,2.3,9.6
Jahmi'us Ramsey,19,0,7.1,1.3,3.1,0.414,0.3,0.9,0.278,1.0,2.1,0.475,0.457,0.4,0.7,0.5,0.2,0.5,0.7,0.4,0.1,0.1,0.3,0.5,3.2
Julius Randle,53,53,35.4,6.9,16.5,0.42,1.7,5.4,0.31,5.3,11.1,0.473,0.47,3.6,4.8,0.752,1.9,8.1,9.9,5.1,0.8,0.6,3.5,2.8,19.1
Austin Reaves,37,0,21.1,2.0,4.2,0.471,0.8,2.4,0.322,1.2,1.8,0.672,0.564,1.1,1.4,0.824,0.6,2.0,2.6,1.2,0.3,0.2,0.5,1.4,5.9
Cam Reddish,39,7,21.7,3.6,9.2,0.396,1.5,4.2,0.364,2.1,5.1,0.421,0.478,2.1,2.3,0.912,0.5,1.8,2.3,1.0,0.9,0.3,1.2,1.2,10.9
Davon Reed,28,3,14.3,1.6,3.4,0.474,0.8,1.9,0.434,0.8,1.5,0.524,0.595,0.1,0.2,0.8,0.4,2.3,2.6,1.0,0.6,0.1,0.3,1.4,4.2
Paul Reed,21,2,8.8,1.0,2.0,0.465,0.0,0.2,0.0,1.0,1.9,0.513,0.465,0.1,0.4,0.375,1.0,1.3,2.2,0.5,0.6,0.5,0.3,1.3,2.0
Naz Reid,52,5,16.0,3.0,6.4,0.467,0.8,2.2,0.345,2.2,4.2,0.532,0.527,1.4,2.0,0.728,1.5,2.4,3.9,0.8,0.4,1.0,1.1,2.2,8.2
Nick Richards,40,5,8.5,1.4,2.0,0.679,0.0,0.0,,1.4,2.0,0.679,0.679,0.8,1.0,0.732,0.8,1.3,2.0,0.3,0.2,0.5,0.5,1.2,3.5
Josh Richardson,44,0,24.7,3.5,7.8,0.443,1.4,3.5,0.397,2.0,4.3,0.481,0.534,1.4,1.6,0.859,0.6,2.3,2.8,1.5,0.8,0.5,0.9,1.9,9.7
Austin Rivers,40,13,21.1,2.2,5.5,0.406,1.3,3.6,0.352,1.0,1.9,0.514,0.523,0.5,0.7,0.704,0.3,1.3,1.6,1.1,0.7,0.1,0.8,1.6,6.2
Duncan Robinson,52,47,27.4,3.9,10.0,0.394,3.0,8.4,0.362,0.9,1.6,0.566,0.546,0.7,0.9,0.822,0.4,2.7,3.0,1.5,0.6,0.2,0.9,2.6,11.6
Justin Robinson,25,0,12.2,1.1,3.7,0.301,0.7,2.4,0.295,0.4,1.3,0.313,0.398,0.2,0.3,0.5,0.2,0.7,0.8,1.3,0.4,0.0,0.7,1.1,3.1
Mitchell Robinson,49,40,25.4,3.6,4.7,0.781,0.0,0.0,,3.6,4.7,0.781,0.781,1.3,2.6,0.516,3.8,4.9,8.7,0.5,0.6,1.6,0.8,2.7,8.6
Jeremiah Robinson-Earl,44,36,23.0,2.7,6.6,0.401,1.1,3.4,0.333,1.5,3.2,0.472,0.486,0.7,1.0,0.714,1.6,4.2,5.8,1.0,0.6,0.3,0.8,1.7,7.1
Isaiah Roby,18,5,13.7,2.6,4.7,0.56,0.6,1.2,0.5,2.0,3.4,0.581,0.625,0.9,1.2,0.762,1.1,2.2,3.3,0.7,0.2,0.3,0.8,1.4,6.7
Rajon Rondo,29,0,17.8,1.7,4.8,0.343,0.7,2.3,0.313,0.9,2.5,0.37,0.418,0.5,0.6,0.824,0.4,2.4,2.9,4.1,0.8,0.2,1.9,1.5,4.5
Derrick Rose,26,4,24.5,4.7,10.5,0.445,1.4,3.5,0.402,3.3,7.0,0.467,0.513,1.2,1.2,0.968,0.8,2.2,3.0,4.0,0.8,0.5,1.5,0.6,12.0
Terrence Ross,47,0,24.5,3.7,9.3,0.405,1.3,4.3,0.308,2.4,5.0,0.487,0.476,2.1,2.4,0.874,0.3,2.3,2.6,2.0,0.5,0.3,1.4,1.2,10.9
Terry Rozier,47,47,33.3,6.8,15.7,0.43,3.0,8.1,0.366,3.8,7.6,0.497,0.524,1.9,2.3,0.806,0.7,3.5,4.2,4.0,1.1,0.3,1.3,1.4,18.4
Ricky Rubio,34,8,28.5,4.4,12.1,0.363,1.7,5.1,0.339,2.6,7.0,0.38,0.434,2.6,3.0,0.854,0.4,3.7,4.1,6.6,1.4,0.2,2.6,2.2,13.1
D'Angelo Russell,41,41,32.0,6.6,16.0,0.412,3.0,8.6,0.353,3.6,7.4,0.479,0.506,2.8,3.5,0.806,0.4,3.2,3.6,7.0,1.0,0.5,2.6,2.1,19.0
Domantas Sabonis,48,47,34.7,7.1,12.3,0.578,0.7,2.3,0.321,6.4,10.0,0.636,0.608,4.0,5.4,0.739,3.3,8.8,12.1,5.0,1.0,0.5,3.1,3.1,19.0
Olivier Sarr,2,0,7.0,0.5,1.5,0.333,0.0,0.5,0.0,0.5,1.0,0.5,0.333,1.0,1.0,1.0,0.0,2.5,2.5,0.0,0.0,1.0,0.0,0.5,2.0
Tomáš Satoranský,32,3,15.0,1.0,3.3,0.299,0.2,1.0,0.161,0.8,2.4,0.355,0.322,0.6,0.8,0.76,0.6,1.4,2.0,2.4,0.4,0.0,0.7,1.0,2.8
Jordan Schakel,2,0,7.0,0.0,3.0,0.0,0.0,1.5,0.0,0.0,1.5,0.0,0.0,0.0,0.0,,1.0,0.5,1.5,0.0,0.0,0.0,0.0,0.0,0.0
Admiral Schofield,20,1,11.8,1.4,2.8,0.491,0.6,1.7,0.333,0.8,1.1,0.727,0.591,0.2,0.3,0.6,0.3,1.9,2.2,0.8,0.1,0.2,0.6,1.4,3.4
Dennis Schröder,49,25,29.2,5.2,11.9,0.44,1.4,3.9,0.349,3.9,8.0,0.485,0.497,2.5,3.0,0.848,0.6,2.8,3.3,4.2,0.8,0.1,2.1,2.4,14.4
Tre Scott,2,0,5.5,1.5,3.0,0.5,0.0,0.5,0.0,1.5,2.5,0.6,0.5,0.0,0.0,,0.5,0.5,1.0,0.0,0.5,0.5,0.0,1.0,3.0
Jay Scrubb,18,0,6.7,1.0,2.6,0.391,0.3,1.2,0.286,0.7,1.4,0.48,0.457,0.4,0.6,0.7,0.1,0.8,0.9,0.4,0.2,0.2,0.4,0.5,2.7
Wayne Selden,3,0,6.3,0.3,1.3,0.25,0.3,0.7,0.5,0.0,0.7,0.0,0.375,0.7,1.3,0.5,0.0,0.3,0.3,0.3,0.0,0.0,0.0,0.3,1.7
Alperen Şengün,46,4,18.7,3.1,6.4,0.481,0.3,1.3,0.259,2.8,5.2,0.536,0.507,2.3,3.3,0.707,1.7,3.0,4.7,2.4,0.8,1.0,2.0,2.9,8.8
Collin Sexton,11,11,28.7,6.2,13.7,0.45,1.0,4.1,0.244,5.2,9.6,0.538,0.487,2.6,3.5,0.744,1.2,2.1,3.3,2.1,0.9,0.0,2.8,2.3,16.0
Landry Shamet,45,7,19.8,2.4,6.4,0.37,1.6,4.5,0.353,0.8,2.0,0.409,0.493,1.0,1.2,0.852,0.2,1.7,1.9,1.6,0.5,0.1,0.5,1.2,7.4
Day'Ron Sharpe,26,8,12.5,2.7,4.8,0.563,0.0,0.2,0.25,2.7,4.7,0.574,0.567,0.7,1.2,0.6,2.6,2.4,5.0,0.5,0.3,0.6,1.0,2.1,6.2
Pascal Siakam,40,40,37.9,8.2,16.9,0.487,1.1,3.1,0.355,7.1,13.8,0.517,0.52,4.1,5.5,0.736,2.2,6.7,8.9,5.2,1.3,0.8,2.8,3.5,21.6
Chris Silva,10,0,9.1,0.8,1.5,0.533,0.0,0.0,,0.8,1.5,0.533,0.533,1.0,1.2,0.833,1.3,2.3,3.6,0.7,0.0,0.1,0.8,2.0,2.6
Marko Simonovic,9,0,3.9,0.4,1.7,0.267,0.1,0.6,0.2,0.3,1.1,0.3,0.3,0.9,1.2,0.727,0.6,0.6,1.1,0.0,0.1,0.1,0.2,0.7,1.9
Anfernee Simons,50,23,29.0,5.8,13.3,0.439,2.9,7.3,0.392,3.0,6.0,0.497,0.547,1.6,1.8,0.888,0.5,2.2,2.7,3.7,0.5,0.1,1.9,1.9,16.1
Jericho Sims,17,0,6.5,0.5,0.6,0.727,0.0,0.0,,0.5,0.6,0.727,0.727,0.2,0.2,0.75,0.6,0.9,1.6,0.1,0.2,0.4,0.1,0.5,1.1
Deividas Sirvydis,3,0,9.0,0.3,3.3,0.1,0.3,2.3,0.143,0.0,1.0,0.0,0.15,0.0,0.0,,0.0,2.0,2.0,0.3,1.0,0.3,0.0,1.3,1.0
Javonte Smart,13,1,12.3,0.8,3.3,0.256,0.3,1.4,0.222,0.5,1.9,0.28,0.302,0.4,0.5,0.833,0.3,1.2,1.5,1.1,0.3,0.2,0.7,0.8,2.4
Marcus Smart,47,47,33.0,4.0,9.8,0.414,1.5,4.8,0.316,2.5,5.0,0.509,0.491,1.9,2.4,0.791,0.6,3.3,4.0,5.4,1.8,0.3,2.1,2.5,11.5
Dennis Smith Jr.,37,4,17.2,2.1,5.1,0.418,0.2,0.7,0.222,2.0,4.4,0.451,0.434,1.1,1.7,0.656,0.5,1.8,2.4,3.6,1.2,0.3,1.4,1.4,5.6
Ish Smith,37,1,13.8,2.0,5.0,0.395,0.3,0.7,0.4,1.7,4.3,0.394,0.422,0.3,0.5,0.632,0.3,1.2,1.5,2.6,0.5,0.3,1.0,0.9,4.5
Jalen Smith,29,4,13.2,2.2,4.7,0.46,0.3,1.3,0.231,1.9,3.4,0.551,0.493,1.4,1.8,0.769,1.9,2.9,4.8,0.2,0.2,0.6,0.8,1.8,6.0
Xavier Sneed,2,0,4.0,0.0,1.0,0.0,0.0,1.0,0.0,0.0,0.0,,0.0,0.0,0.0,,0.5,0.5,1.0,0.0,0.0,0.0,0.0,1.0,0.0
Tony Snell,38,10,14.4,0.9,2.6,0.371,0.6,2.0,0.32,0.3,0.6,0.545,0.495,0.1,0.1,1.0,0.3,1.6,1.9,0.5,0.2,0.2,0.3,1.2,2.6
Jaden Springer,2,0,3.0,0.5,0.5,1.0,0.0,0.0,,0.5,0.5,1.0,1.0,0.0,0.0,,0.5,0.5,1.0,0.0,0.0,1.0,0.5,0.0,1.0
Cassius Stanley,9,1,17.2,2.1,5.1,0.413,0.4,1.9,0.235,1.7,3.2,0.517,0.457,1.1,1.1,1.0,0.6,1.6,2.1,0.4,0.6,0.2,0.7,1.9,5.8
Nik Stauskas,2,0,12.0,1.5,4.0,0.375,1.0,2.0,0.5,0.5,2.0,0.25,0.5,1.5,2.0,0.75,0.5,1.0,1.5,0.5,0.0,0.0,0.0,0.5,5.5
Lance Stephenson,26,1,17.1,3.0,6.7,0.451,0.5,2.1,0.259,2.5,4.6,0.538,0.491,1.3,1.6,0.786,0.4,2.5,2.9,3.7,0.4,0.0,1.6,1.9,7.8
Lamar Stevens,39,8,14.8,2.1,4.5,0.477,0.3,1.1,0.302,1.8,3.4,0.534,0.514,0.6,1.0,0.625,0.7,1.6,2.3,0.6,0.5,0.2,0.6,1.5,5.2
Isaiah Stewart,46,46,26.0,3.5,6.7,0.518,0.1,0.5,0.125,3.4,6.2,0.551,0.523,1.0,1.5,0.657,3.0,5.5,8.5,1.1,0.3,1.1,1.3,2.9,8.0
Max Strus,43,9,24.1,3.9,8.7,0.444,2.7,6.6,0.41,1.2,2.2,0.548,0.598,0.7,0.9,0.775,0.4,2.9,3.3,1.3,0.3,0.2,0.8,1.7,11.2
Jalen Suggs,35,32,28.0,4.3,11.7,0.366,1.0,4.2,0.245,3.3,7.5,0.433,0.41,2.6,3.4,0.773,0.6,3.1,3.7,4.2,1.2,0.4,3.1,3.0,12.2
Craig Sword,3,0,6.3,1.0,1.3,0.75,0.0,0.3,0.0,1.0,1.0,1.0,0.75,0.0,0.0,,0.0,0.0,0.0,0.3,1.3,0.0,0.3,2.3,2.0
Keifer Sykes,18,10,19.6,2.4,6.7,0.367,0.9,3.1,0.304,1.5,3.6,0.422,0.438,0.7,0.8,0.857,0.3,1.6,1.9,2.1,0.4,0.2,1.3,2.0,6.5
Jae'Sean Tate,52,51,27.3,4.8,9.7,0.5,0.8,2.6,0.301,4.0,7.0,0.574,0.541,1.9,2.7,0.7,1.7,3.9,5.6,3.1,1.0,0.6,1.9,3.7,12.3
Jayson Tatum,52,52,36.0,8.9,20.7,0.431,2.8,8.4,0.328,6.2,12.3,0.501,0.497,5.0,5.9,0.84,1.2,7.2,8.4,4.1,1.0,0.7,2.9,2.4,25.5
Terry Taylor,10,1,16.6,3.7,6.7,0.552,0.4,0.7,0.571,3.3,6.0,0.55,0.582,0.8,1.0,0.8,3.5,3.1,6.6,1.6,0.1,0.2,0.4,1.8,8.6
Garrett Temple,50,16,19.7,2.0,5.2,0.382,1.0,3.2,0.319,1.0,2.0,0.48,0.479,0.6,0.8,0.718,0.5,2.1,2.6,1.3,0.8,0.4,0.8,1.5,5.6
Emanuel Terry,3,0,6.0,0.0,1.7,0.0,0.0,0.0,,0.0,1.7,0.0,0.0,0.0,0.0,,2.7,2.3,5.0,0.7,0.3,0.0,1.7,1.3,0.0
Tyrell Terry,2,0,1.5,0.5,0.5,1.0,0.0,0.0,,0.5,0.5,1.0,1.0,0.0,0.0,,0.0,0.0,0.0,0.0,0.0,0.0,0.0,0.5,1.0
Jon Teske,3,0,2.7,0.0,0.3,0.0,0.0,0.0,,0.0,0.3,0.0,0.0,0.0,0.7,0.0,0.0,0.7,0.7,0.3,0.3,0.0,0.0,0.3,0.0
Daniel Theis,26,21,22.5,3.2,6.9,0.469,0.9,3.0,0.291,2.3,3.8,0.61,0.534,1.0,1.5,0.675,1.2,3.8,5.0,0.8,0.4,0.7,1.2,2.4,8.4
Brodric Thomas,7,0,4.0,0.1,1.3,0.111,0.0,0.9,0.0,0.1,0.4,0.333,0.111,0.3,0.3,1.0,0.3,0.4,0.7,0.7,0.0,0.0,0.4,0.1,0.6
Cam Thomas,43,1,18.3,3.3,7.7,0.438,0.7,2.8,0.258,2.6,4.9,0.541,0.485,1.1,1.4,0.783,0.2,2.2,2.4,1.2,0.5,0.2,0.8,0.8,8.5
Isaiah Thomas,5,1,22.8,3.0,9.4,0.319,1.0,5.0,0.2,2.0,4.4,0.455,0.372,1.6,2.2,0.727,0.2,1.4,1.6,2.0,0.0,0.4,1.0,2.4,8.6
Matt Thomas,32,0,13.0,1.6,3.8,0.413,1.0,2.6,0.402,0.5,1.2,0.436,0.55,0.4,0.5,0.765,0.1,1.3,1.4,0.6,0.2,0.1,0.2,0.5,4.6
Klay Thompson,12,12,23.9,6.0,14.1,0.426,2.8,7.5,0.378,3.2,6.6,0.481,0.527,1.8,1.8,1.0,0.5,2.8,3.3,3.0,0.7,0.5,1.6,1.4,16.7
Tristan Thompson,30,3,15.2,2.5,5.0,0.503,0.0,0.0,1.0,2.5,5.0,0.5,0.507,1.1,2.0,0.533,2.4,3.0,5.4,0.6,0.4,0.4,1.0,1.7,6.2
JT Thor,15,0,8.5,0.7,2.1,0.344,0.3,1.3,0.25,0.4,0.8,0.5,0.422,0.5,0.7,0.7,0.4,0.9,1.3,0.5,0.3,0.4,0.3,0.9,2.3
Matisse Thybulle,39,24,26.5,2.3,4.6,0.503,0.8,2.4,0.316,1.6,2.2,0.709,0.586,0.3,0.5,0.684,0.5,1.8,2.3,1.1,1.7,1.1,0.6,2.2,5.8
Killian Tillie,32,3,13.3,1.3,3.6,0.362,0.8,2.4,0.338,0.5,1.2,0.41,0.474,0.2,0.3,0.625,0.6,1.1,1.7,0.6,0.7,0.4,0.3,1.7,3.6
Xavier Tillman Sr.,39,0,13.1,1.8,3.9,0.451,0.2,0.9,0.2,1.6,3.0,0.525,0.474,0.8,1.2,0.646,1.2,1.8,3.0,1.0,1.1,0.4,0.7,1.3,4.5
Isaiah Todd,9,0,3.9,0.6,1.7,0.333,0.4,1.1,0.4,0.1,0.6,0.2,0.467,0.2,0.4,0.5,0.2,0.8,1.0,0.1,0.2,0.2,0.1,0.1,1.8
Obi Toppin,50,2,15.5,2.9,5.6,0.523,0.4,1.7,0.238,2.5,3.9,0.646,0.559,1.3,1.7,0.75,0.9,2.7,3.6,0.9,0.3,0.4,0.7,1.4,7.5
Juan Toscano-Anderson,53,5,15.1,1.8,3.8,0.49,0.4,1.4,0.306,1.4,2.4,0.594,0.545,0.6,1.1,0.596,0.5,2.2,2.7,1.9,0.7,0.3,1.1,1.6,4.8
Karl-Anthony Towns,48,48,34.3,8.6,16.6,0.521,2.1,5.2,0.406,6.5,11.4,0.574,0.585,4.8,5.9,0.817,2.8,6.7,9.5,4.0,1.0,1.2,3.3,3.6,24.3
Gary Trent Jr.,44,43,34.8,6.6,15.3,0.431,3.2,7.9,0.401,3.5,7.5,0.463,0.534,1.8,2.3,0.818,0.3,2.4,2.7,2.0,1.9,0.3,1.0,2.1,18.2
P.J. Tucker,48,47,28.3,3.2,6.3,0.503,1.4,3.1,0.469,1.7,3.2,0.535,0.618,0.7,1.0,0.723,1.4,4.0,5.4,2.1,0.9,0.2,1.0,2.3,8.5
Rayjon Tucker,3,0,9.7,0.3,0.7,0.5,0.3,0.7,0.5,0.0,0.0,,0.75,1.0,1.3,0.75,0.3,1.0,1.3,1.3,0.3,0.0,0.0,1.0,2.0
Myles Turner,42,42,29.4,4.8,9.4,0.509,1.5,4.4,0.333,3.3,5.0,0.662,0.587,1.9,2.5,0.752,1.5,5.5,7.1,1.0,0.7,2.8,1.3,2.8,12.9
Jonas Valančiūnas,48,48,31.3,6.9,13.1,0.529,0.9,2.3,0.402,6.0,10.8,0.556,0.564,3.3,4.0,0.814,3.4,8.3,11.6,2.6,0.5,0.9,2.5,3.3,18.1
Denzel Valentine,24,0,9.3,1.0,2.8,0.379,0.8,2.0,0.404,0.3,0.8,0.316,0.523,0.0,0.0,,0.4,1.4,1.8,0.5,0.3,0.0,0.5,0.8,2.9
Jarred Vanderbilt,50,43,26.0,3.0,5.1,0.592,0.0,0.2,0.182,3.0,4.9,0.611,0.596,1.2,1.8,0.663,3.2,5.8,9.0,1.4,1.5,0.7,1.0,2.6,7.3
Fred VanVleet,48,48,38.6,7.3,17.5,0.418,4.0,10.0,0.397,3.3,7.4,0.445,0.532,3.0,3.4,0.873,0.8,3.8,4.6,7.1,1.7,0.5,2.7,2.4,21.6
Devin Vassell,47,8,25.4,4.4,10.1,0.432,1.7,5.1,0.345,2.6,5.0,0.521,0.519,0.9,1.1,0.792,0.6,3.7,4.3,1.5,1.0,0.6,0.7,2.1,11.4
Gabe Vincent,46,19,23.9,3.4,7.9,0.431,1.9,4.9,0.392,1.5,2.9,0.496,0.554,0.7,0.9,0.8,0.4,1.6,2.0,3.3,1.0,0.2,1.6,2.5,9.4
Nikola Vučević,48,48,33.7,7.4,15.9,0.466,1.6,4.8,0.329,5.8,11.1,0.525,0.516,1.2,1.6,0.727,2.0,9.6,11.6,3.6,1.0,1.2,1.8,2.5,17.5
Dean Wade,40,22,19.1,1.9,4.2,0.449,1.0,2.8,0.366,0.9,1.4,0.618,0.572,0.4,0.6,0.609,0.6,2.4,3.0,1.1,0.6,0.1,0.4,1.6,5.1
Franz Wagner,56,56,32.1,6.0,12.9,0.464,1.3,3.5,0.359,4.7,9.4,0.503,0.512,2.4,2.9,0.85,1.1,3.5,4.6,3.0,0.9,0.5,1.6,2.2,15.6
Moritz Wagner,45,0,12.5,2.6,5.3,0.5,0.9,2.8,0.331,1.7,2.5,0.684,0.586,1.4,1.8,0.797,0.5,2.0,2.4,1.1,0.3,0.2,0.7,1.8,7.6
Ish Wainright,27,0,7.4,0.8,2.1,0.362,0.3,1.1,0.29,0.4,1.0,0.444,0.44,0.1,0.2,0.4,0.7,0.6,1.3,0.3,0.3,0.1,0.4,1.2,2.0
Kemba Walker,33,33,25.8,4.1,10.1,0.401,2.0,5.4,0.365,2.1,4.7,0.442,0.499,1.5,1.8,0.817,0.4,2.8,3.2,3.5,0.8,0.2,1.4,1.1,11.6
Lonnie Walker IV,50,6,22.7,4.0,10.4,0.388,1.4,4.8,0.294,2.6,5.7,0.466,0.455,1.5,1.8,0.831,0.2,2.3,2.5,2.3,0.7,0.3,1.1,1.4,11.0
M.J. Walker,2,0,4.0,0.0,2.0,0.0,0.0,1.0,0.0,0.0,1.0,0.0,0.0,0.0,0.0,,0.0,0.5,0.5,0.5,1.0,0.0,0.0,0.5,0.0
Derrick Walton,3,3,36.0,2.0,8.7,0.231,1.0,4.3,0.231,1.0,4.3,0.231,0.288,1.3,1.3,1.0,0.7,2.7,3.3,7.0,2.3,1.3,3.7,2.7,6.3
Brad Wanamaker,23,2,13.9,1.2,3.3,0.364,0.2,0.7,0.235,1.0,2.6,0.4,0.39,1.0,1.1,0.92,0.3,1.4,1.7,2.4,0.3,0.3,1.0,2.0,3.6
Duane Washington Jr.,24,7,21.0,3.6,9.3,0.384,1.7,4.8,0.348,1.9,4.5,0.422,0.473,0.9,1.1,0.808,0.1,2.0,2.0,2.0,0.5,0.0,1.0,1.3,9.7
P.J. Washington,39,4,24.6,3.5,7.8,0.446,1.8,4.7,0.386,1.7,3.1,0.537,0.562,1.1,1.5,0.729,1.3,4.2,5.5,2.0,0.7,0.9,1.3,2.5,9.9
Yuta Watanabe,23,4,15.3,1.8,4.5,0.398,0.9,2.5,0.351,0.9,2.0,0.457,0.495,0.6,1.1,0.538,0.6,2.4,3.0,0.7,0.3,0.4,0.7,1.3,5.0
Tremont Waters,3,0,16.7,1.3,4.7,0.286,0.7,3.0,0.222,0.7,1.7,0.4,0.357,0.0,0.0,,0.0,1.3,1.3,2.3,1.7,0.0,1.3,1.3,3.3
Trendon Watford,30,0,12.1,1.9,3.2,0.583,0.0,0.3,0.0,1.9,2.9,0.651,0.583,0.7,1.0,0.677,0.8,2.1,2.9,0.9,0.3,0.5,0.7,1.6,4.4
Paul Watson,9,3,17.3,1.3,3.9,0.343,0.7,2.9,0.231,0.7,1.0,0.667,0.429,0.1,0.2,0.5,0.3,2.7,3.0,0.9,0.3,0.3,0.4,1.1,3.4
Quinndary Weatherspoon,5,0,6.6,1.2,2.0,0.6,0.0,0.2,0.0,1.2,1.8,0.667,0.6,0.4,0.4,1.0,0.2,1.0,1.2,0.4,0.2,0.2,0.6,1.4,2.8
Russell Westbrook,55,55,34.6,6.9,15.9,0.435,1.0,3.5,0.298,5.9,12.5,0.473,0.467,3.4,5.1,0.665,1.4,6.5,7.8,7.6,1.1,0.3,4.1,3.0,18.3
Coby White,35,12,27.5,4.7,10.7,0.437,2.1,5.7,0.362,2.6,5.0,0.523,0.533,1.5,1.8,0.841,0.3,2.5,2.7,2.6,0.5,0.3,1.2,2.2,12.9
Derrick White,49,48,30.3,5.0,11.6,0.426,1.7,5.3,0.314,3.3,6.4,0.519,0.497,2.8,3.3,0.869,0.5,3.0,3.5,5.6,1.0,0.9,1.8,2.4,14.4
Hassan Whiteside,43,7,18.3,3.4,5.4,0.627,0.0,0.0,,3.4,5.4,0.627,0.627,1.7,2.6,0.655,2.3,5.1,7.4,0.4,0.3,1.5,0.9,3.0,8.5
Joe Wieskamp,14,0,6.3,0.9,1.9,0.481,0.6,1.3,0.444,0.4,0.6,0.556,0.63,0.2,0.5,0.429,0.1,0.4,0.5,0.3,0.1,0.1,0.1,0.4,2.6
Aaron Wiggins,31,18,21.9,2.7,5.6,0.486,0.8,2.5,0.329,1.9,3.1,0.615,0.56,1.1,1.5,0.702,0.9,2.6,3.5,1.1,0.7,0.2,0.9,1.8,7.4
Andrew Wiggins,50,50,31.6,6.8,14.0,0.484,2.3,5.5,0.415,4.5,8.5,0.528,0.565,2.2,3.3,0.669,1.0,3.2,4.2,2.1,1.0,0.7,1.5,1.9,18.0
Lindell Wigginton,6,0,4.2,1.0,1.0,1.0,0.3,0.3,1.0,0.7,0.7,1.0,1.167,0.0,0.0,,0.0,0.2,0.2,0.5,0.3,0.2,0.2,0.5,2.3
Brandon Williams,2,0,6.0,1.0,1.5,0.667,0.0,0.0,,1.0,1.5,0.667,0.667,2.0,3.5,0.571,0.0,1.0,1.0,1.0,0.0,0.0,0.0,0.0,4.0
Grant Williams,51,13,22.8,2.5,5.1,0.483,1.5,3.4,0.429,1.0,1.6,0.595,0.627,0.8,0.9,0.896,0.8,2.5,3.3,1.1,0.5,0.7,0.8,2.2,7.2
Kenrich Williams,46,0,21.6,2.9,6.5,0.448,0.9,2.5,0.351,2.0,4.0,0.508,0.515,0.5,1.0,0.523,1.5,2.8,4.4,2.2,0.9,0.2,1.0,1.6,7.2
Lou Williams,37,0,14.6,2.4,6.1,0.398,0.8,2.1,0.354,1.7,4.0,0.422,0.46,1.3,1.5,0.889,0.3,1.3,1.6,2.0,0.5,0.1,0.8,1.0,6.9
Patrick Williams,5,5,25.0,2.6,4.6,0.565,0.6,1.2,0.5,2.0,3.4,0.588,0.63,0.8,0.8,1.0,0.2,2.0,2.2,0.6,0.6,0.4,0.4,1.8,6.6
Robert Williams,45,45,29.7,4.4,5.9,0.737,0.0,0.0,0.0,4.4,5.9,0.74,0.737,1.1,1.6,0.708,3.8,5.6,9.5,2.0,0.9,2.2,1.2,2.1,9.8
Ziaire Williams,36,15,21.5,2.9,6.7,0.433,1.1,3.9,0.281,1.8,2.8,0.644,0.515,0.5,0.6,0.864,0.3,1.5,1.8,0.9,0.5,0.2,0.6,1.9,7.4
D.J. Wilson,3,1,16.0,2.7,3.7,0.727,0.0,0.7,0.0,2.7,3.0,0.889,0.727,2.7,3.3,0.8,0.3,4.3,4.7,1.3,1.7,0.3,0.7,1.7,8.0
Dylan Windler,37,0,9.3,0.9,2.1,0.429,0.6,1.5,0.389,0.3,0.6,0.522,0.565,0.2,0.2,0.778,0.4,1.3,1.7,0.7,0.2,0.1,0.4,1.0,2.5
Justise Winslow,40,3,14.1,1.9,4.2,0.45,0.2,1.0,0.171,1.7,3.2,0.539,0.47,0.7,1.1,0.605,0.8,3.1,3.9,1.5,0.7,0.5,1.1,1.3,4.6
Cassius Winston,2,0,3.5,0.0,1.0,0.0,0.0,1.0,0.0,0.0,0.0,,0.0,1.0,1.0,1.0,0.0,0.0,0.0,1.0,0.0,0.0,0.5,0.0,1.0
Christian Wood,51,50,31.1,6.5,13.5,0.483,1.9,5.0,0.374,4.6,8.5,0.546,0.552,2.9,4.7,0.617,1.7,8.5,10.3,2.1,0.8,0.9,1.9,2.5,17.7
Robert Woodard II,12,0,3.5,0.2,1.3,0.125,0.1,0.3,0.25,0.1,1.0,0.083,0.156,0.2,0.2,1.0,0.4,0.5,0.9,0.3,0.1,0.1,0.1,0.3,0.6
Delon Wright,49,5,18.2,1.6,3.5,0.439,0.5,1.4,0.388,1.0,2.2,0.472,0.514,0.7,0.8,0.825,0.7,2.0,2.7,2.6,1.0,0.2,0.7,0.7,4.3
McKinley Wright IV,3,0,3.0,0.7,1.0,0.667,0.3,0.7,0.5,0.3,0.3,1.0,0.833,0.0,0.0,,0.0,0.0,0.0,0.3,0.0,0.0,0.3,0.3,1.7
Moses Wright,1,0,1.0,0.0,0.0,,0.0,0.0,,0.0,0.0,,,0.0,0.0,,0.0,0.0,0.0,1.0,0.0,0.0,0.0,0.0,0.0
Thaddeus Young,26,1,14.2,2.8,4.9,0.578,0.0,0.2,0.0,2.8,4.7,0.602,0.578,0.4,0.8,0.455,1.5,2.0,3.6,2.3,0.9,0.3,1.2,1.5,6.1
Trae Young,49,49,34.5,9.4,20.6,0.458,2.9,7.8,0.379,6.5,12.8,0.506,0.529,6.0,6.8,0.894,0.6,3.3,3.9,9.3,1.0,0.1,4.1,1.6,27.8
Omer Yurtseven,39,10,14.3,2.6,4.9,0.523,0.0,0.2,0.143,2.6,4.8,0.538,0.526,0.8,1.3,0.64,1.7,4.3,6.0,1.1,0.4,0.5,0.9,1.7,6.0
Cody Zeller,27,0,13.1,1.9,3.3,0.567,0.0,0.1,0.0,1.9,3.2,0.593,0.567,1.4,1.8,0.776,1.9,2.8,4.6,0.8,0.3,0.2,0.7,2.1,5.2
Ivica Zubac,50,50,23.9,3.6,5.5,0.649,0.0,0.0,,3.6,5.5,0.649,0.649,2.3,3.1,0.735,2.6,5.4,8.0,1.3,0.4,1.0,1.4,2.5,9.4
