playerid,name,twit_followers_count,2021-22,followers per dollar
2546,Carmelo Anthony,9266281,2641691,3.507708130890403
2730,Dwight Howard,6383134,2641691,2.4163060706191604
2544,LeBron James,50745912,41180544,1.232278815937934
202326,DeMarcus Cousins,1250353,1203925,1.0385638640280748
2738,Andre Iguodala,1326440,2641691,0.5021177722905518
201142,Kevin Durant,19527561,40918900,0.4772259518217743
203083,Andre Drummond,846677,2401537,0.35255630040261715
201939,Stephen Curry,15826000,45780966,0.3456895164684817
202362,Lance Stephenson,235797,690095,0.34168773864467933
200746,LaMarcus Aldridge,748991,2641691,0.28352710441910123
101108,Chris Paul,8413220,30800000,0.2731564935064935
202683,Enes Freedom,595866,2641691,0.2255623386686785
200765,Rajon Rondo,1625940,7500000,0.216792
200752,Rudy Gay,1221248,5890000,0.2073426146010187
1630199,Cassius Stanley,49521,256734,0.19288835915772745
201565,Derrick Rose,2532308,13445120,0.18834402370525513
1629033,Theo Pinson,80577,440710,0.18283451702933903
201935,James Harden,7373953,44310840,0.1664142002273033
201937,Ricky Rubio,2877519,17800000,0.16165837078651685
1629630,Ja Morant,1537673,9603360,0.16011822945302479
1630536,Sharife Cooper,74051,462629,0.16006562493920615
1629027,Trae Young,1293651,8326471,0.15536606084378363
201566,Russell Westbrook,6839765,44211146,0.15470680176442383
2617,Udonis Haslem,401122,2641691,0.15184289154181924
1629029,Luka Doncic,1428077,10174391,0.14035994881659256
201933,Blake Griffin,4477345,32405817,0.13816485478517637
203506,Victor Oladipo,320652,2389641,0.13418417243426942
202083,Wesley Matthews,248746,1958495,0.1270087490649708
202681,Kyrie Irving,4385593,35053700,0.12511070158071758
1630267,Facundo Campazzo,394311,3200000,0.1232221875
203085,Austin Rivers,288147,2401537,0.119984409984106
1630163,LaMelo Ball,986673,8231760,0.11986173066270153
201599,DeAndre Jordan,1155837,10517224,0.10989943734202105
1629139,Yuta Watanabe,188091,1762796,0.10670037826271446
1629657,Kyle Guy,45128,425198,0.10613408341525594
1628372,Dennis Smith Jr,182946,1789256,0.10224696745462919
201567,Kevin Love,3181789,31258256,0.10179035580231988
1626163,Frank Kaminsky,211534,2089448,0.1012391789601847
201586,Serge Ibaka,909519,9720900,0.09356325031632874
1630216,Cassius Winston,42447,462629,0.09175170601064785
1629117,Wenyen Gabriel,36358,397520,0.09146206480177098
1628398,Kyle Kuzma,1127123,13000000,0.08670176923076924
201587,Nicolas Batum,1016936,12026998,0.0845544332841828
1628370,Malik Monk,149697,1789256,0.08366438340852288
1629639,Tyler Herro,332786,4004280,0.0831075748948625
1627780,Gary Payton II,126750,1669178,0.0759355802676527
203081,Damian Lillard,2950145,39344900,0.07498163675597092
202355,Hassan Whiteside,178881,2401537,0.07448604789349487
201580,JaVale McGee,365149,5000000,0.0730298
1629674,Neemias Queta,33689,462629,0.07282076999064045
201988,Patty Mills,422879,5890000,0.07179609507640068
1628366,Lonzo Ball,1297437,18604651,0.06973723936020085
1629678,Admiral Schofield,49803,723741,0.06881329094247804
202684,Tristan Thompson,661486,9720900,0.06804781450277238
203110,Draymond Green,1616732,24026712,0.06728894074228717
201959,Taj Gibson,323245,4910000,0.06583401221995927
1630245,Ayo Dosunmu,60263,925258,0.06513102291468974
1628960,Grayson Allen,257488,4054695,0.06350366673695555
201980,Danny Green,634863,10000000,0.0634863
203076,Anthony Davis,2184592,35361360,0.061779071845653
202331,Paul George,2401180,39344970,0.06102889390943747
203954,Joel Embiid,1919448,31579390,0.06078166804361959
203469,Cody Zeller,142892,2389641,0.059796429672909025
101150,Lou Williams,298622,5000000,0.0597244
1629603,Mamadi Diakite,14603,256734,0.056879883459144485
203507,Giannis Antetokounmpo,2109122,39344900,0.05360598196970891
1630222,Mason Jones,15705,295125,0.05321473951715375
1629649,Ignas Brazdeikis,23665,462629,0.05115329994444793
203504,Trey Burke,161022,3150000,0.05111809523809524
1629308,Juan Toscano-Anderson,83181,1701593,0.04888419263595936
1628373,Frank Ntilikina,86312,1789256,0.04823904460848531
203648,Thanasis Antetokounmpo,82770,1729217,0.047865594659316904
1626224,Cedi Osman,367499,8133334,0.04518429957505741
1629627,Zion Williamson,474397,10733400,0.04419820373786498
1629060,Rui Hachimura,215219,4916160,0.04377786727852633
201588,George Hill,230279,5275491,0.04365072369567117
202691,Klay Thompson,1642064,37980720,0.04323414616679199
202322,John Wall,1908967,44310840,0.043081264087974865
1629623,Lindell Wigginton,10028,233973,0.04285964619849299
203463,Ben McLemore,102116,2389641,0.04273277868935125
1630528,Josh Christopher,96339,2259240,0.04264221596643119
1626169,Stanley Johnson,58171,1368998,0.0424916617847506
1626168,Trey Lyles,105545,2500000,0.042218
1628404,Josh Hart,498861,12000000,0.04157175
1627936,Alex Caruso,356924,8600000,0.041502790697674416
203552,Seth Curry,339693,8207518,0.04138802985263024
1628378,Donovan Mitchell,1143926,28103500,0.04070404042201149
1630193,Immanuel Quickley,86023,2210640,0.038913165418159444
1630568,Luka Garza,35809,925258,0.038701637813453114
203487,Michael Carter-Williams,127011,3300000,0.03848818181818182
1629626,Bol Bol,83057,2161152,0.038431817845297325
1629164,Brandon Goodwin,13194,343988,0.03835598916241264
203903,Jordan Clarkson,456598,12420000,0.03676312399355878
202693,Markieff Morris,96406,2641691,0.03649404869835268
202687,Bismack Biyombo,55217,1518213,0.036369732046820834
1629021,Moritz Wagner,62035,1729217,0.03587461839665004
201145,Jeff Green,155764,4500000,0.03461422222222222
1626164,Devin Booker,1089895,31650600,0.03443520817930782
1630570,Trendon Watford,15804,462629,0.03416128258280393
200768,Kyle Lowry,920819,26984128,0.03412446753884357
201568,Danilo Gallinari,691244,20475000,0.03376039072039072
1626171,Bobby Portis,146303,4347600,0.03365143987487349
1626195,Willy Hernangomez,78257,2327220,0.033626816545062346
1629076,Tyler Cook,15540,462629,0.033590630937533096
1629683,Quinndary Weatherspoon,11516,346491,0.03323607250981988
201577,Robin Lopez,163745,5000000,0.032749
203145,Kent Bazemore,78490,2401537,0.032683235777754
1630527,Brandon Boston Jr,29890,925258,0.032304503176411335
1630181,RJ Hampton,73080,2303040,0.03173197165485619
1629680,Matisse Thybulle,89661,2840160,0.03156899611289505
1628369,Jayson Tatum,878963,28103500,0.031275926486024876
1626159,Justise Winslow,121376,3902439,0.03110260019439125
1627732,Ben Simmons,1026080,33003936,0.03108962518894716
1629011,Mitchell Robinson,55983,1802057,0.031066164943728197
1626246,Boban Marjanovic,108401,3500000,0.030971714285714286
1630178,Tyrese Maxey,79817,2602920,0.0306644076652375
1629185,Chris Chiozza,14127,462629,0.03053634769977671
1630792,Malcolm Hill,9695,324373,0.029888430911327393
1628997,Caleb Martin,13762,462629,0.029747378569004536
1628970,Miles Bridges,160834,5421493,0.029665997908694154
203901,Elfrid Payton,66291,2239544,0.02960022218808829
203084,Harrison Barnes,592490,20284091,0.029209590905503235
1629672,Eric Paschall,51769,1782621,0.029040945888105213
200794,Paul Millsap,73859,2641691,0.02795898536202758
1630208,Nick Richards,42271,1517981,0.027846857108224675
1629684,Grant Williams,71673,2617800,0.02737909695163878
1630580,Joe Wieskamp,12613,462629,0.027263746976518982
201942,DeMar DeRozan,706849,26000000,0.0271865
1628973,Jalen Brunson,48958,1802057,0.02716784208268662
2772,Trevor Ariza,71461,2641691,0.0270512334712879
1629004,Svi Mykhailiuk,46777,1729217,0.027050971624729574
1630582,Yves Pons,12488,462629,0.02699355206872029
203897,Zach LaVine,522082,19500000,0.026773435897435898
1627737,Marquese Chriss,34052,1292900,0.02633769046329956
1627777,Georges Niang,84528,3300000,0.025614545454545456
201144,Mike Conley,535854,21000000,0.025516857142857143
203457,Nerlens Noel,220615,8800000,0.025069886363636364
1630210,Markus Howard,11098,462629,0.023988984693998863
1630688,Ish Wainright,16934,707311,0.023941377979417824
1630535,Greg Brown III,22016,925258,0.023794444360383808
203935,Marcus Smart,339466,14339285,0.02367384426768838
1630575,Scottie Lewis,10906,462629,0.023573965315620074
1630175,Cole Anthony,80763,3449400,0.0234136371542877
1630540,Miles McBride,21589,925258,0.023332951457863644
1629023,PJ Washington,96357,4215120,0.02285984740647953
1629628,RJ Barrett,197038,8623920,0.02284784645497639
202334,Ed Davis,59773,2641691,0.02262679473110216
1629719,Devontae Cacok,10255,462629,0.0221667902358045
202710,Jimmy Butler,795925,36016200,0.022099083190342123
1627788,Furkan Korkmaz,101875,4629630,0.02200499823960014
202330,Gordon Hayward,657341,29925000,0.02196628237259816
203944,Julius Randle,476792,21780000,0.02189127640036731
1628983,Shai Gilgeous-Alexander,119944,5495532,0.021825730429738194
1629735,Chris Silva,10457,479650,0.021801313457729593
1627814,Damion Lee,40567,1910860,0.0212297080895513
203918,Rodney Hood,47341,2239544,0.021138678230925582
1629599,Amir Coffey,9774,462629,0.021127080230595143
1626156,DAngelo Russell,629857,30013500,0.020985789727955752
1629744,Matt Thomas,34934,1669178,0.020928864387141456
1630525,David Johnson,9476,462629,0.020482935570403066
1626157,Karl-Anthony Towns,647106,31650600,0.020445299615173173
202357,Nemanja Bjelica,42663,2089448,0.02041831143919351
203109,Jae Crowder,197431,9720900,0.020309950724727133
1630202,Payton Pritchard,43151,2137440,0.02018816902462759
1629670,Jordan Nwora,30465,1517981,0.020069421158762858
1630593,McKinley Wright IV,9246,462629,0.019985776940053476
203078,Bradley Beal,669627,33724200,0.01985597879267707
201961,Wayne Ellington,51454,2641691,0.01947767547377797
1628400,Semi Ojeleye,34436,1789256,0.01924598827669154
201609,Goran Dragic,373217,19440000,0.019198405349794237
1630224,Jalen Green,170837,8992080,0.018998607663632885
201976,Patrick Beverley,271487,14320987,0.018957282762703438
1630555,Joel Ayayi,8713,462629,0.018833665853199864
1626145,Tyus Jones,157482,8376286,0.018800933970019647
1630573,Sam Hauser,8640,462629,0.018675872027045428
1630698,Kevin Pangos,31107,1669178,0.01863611909574653
203095,Evan Fournier,319349,17142857,0.018628691821905765
203468,CJ McCollum,571537,30864198,0.01851779851852946
1630206,Jay Scrubb,8541,462629,0.018461877660068866
1629652,Luguentz Dort,32884,1782621,0.01844699462196395
1629642,Nassir Little,42571,2316240,0.01837935619797603
1627759,Jaylen Brown,489709,26758928,0.018300770494244015
1630561,David Duke Jr,8451,462629,0.01826733732645381
1629629,Cam Reddish,84824,4670160,0.018162975144320536
1628991,Jaren Jackson Jr,163581,9180560,0.017818194097092118
1630200,Tre Jones,26130,1517981,0.01721365418934756
203497,Rudy Gobert,574767,34844000,0.016495436804040867
203952,Andrew Wiggins,520428,31579390,0.01647998900548744
204060,Joe Ingles,214318,13036364,0.016440013488423614
1630554,Jason Preston,17447,1062303,0.016423751039016176
203082,Terrence Ross,204055,12500000,0.0163244
1630578,Alperen Sengun,51526,3214680,0.01602834496746177
1630235,Trent Forrest,7414,462629,0.01602580037135588
1626149,Montrezl Harrell,154921,9720900,0.015936898846814596
203992,Bogdan Bogdanovic,284288,18000000,0.015793777777777778
1630572,Sandro Mamukelashvili,7303,462629,0.015785867293230643
203476,Gorgui Dieng,61956,4000000,0.015489
202324,Derrick Favors,148837,9720900,0.015311030871627112
1629641,Romeo Langford,57879,3804360,0.015213859887076932
1630631,Jose Alvarado,6952,462629,0.015027159992131923
1628035,Alfonzo McKinnie,19379,1295669,0.014956752071709673
1627826,Ivica Zubac,112447,7518518,0.014956005957557061
1628995,Kevin Knox II,86827,5845978,0.01485243358767344
1629022,Lonnie Walker IV,65162,4453617,0.014631253652929742
202709,Cory Joseph,106505,7310000,0.014569767441860466
1630176,Vernon Carey Jr,21964,1517981,0.014469219311704164
1630215,Jared Butler,13346,925258,0.01442408495792525
1626208,Keifer Sykes,7961,558345,0.014258209529950121
1628365,Markelle Fultz,235150,16500000,0.014251515151515152
1629003,Shake Milton,26077,1846738,0.014120573681810846
1630214,Xavier Tillman,21371,1517981,0.014078568835841819
1629656,Quentin Grimes,30403,2168640,0.014019385421277852
1626192,Pat Connaughton,74709,5333334,0.014007935749008032
1629109,Gary Clark,11346,811213,0.013986462248509331
1630169,Tyrese Haliburton,55682,4023600,0.013838850780395666
1630598,Aaron Wiggins,6308,462629,0.013635115827153075
1629750,Javonte Green,22720,1669178,0.01361149020655676
1630194,Paul Reed,20610,1517981,0.013577245037981371
202689,Kemba Walker,467832,34967442,0.013379074168479353
201143,Al Horford,355115,27000000,0.013152407407407408
1629611,Terance Mann,23411,1782621,0.013132909350893993
1629655,Daniel Gafford,23382,1782621,0.01311664117050119
202339,Eric Bledsoe,235905,18125000,0.013015448275862068
1630198,Isaiah Joe,19629,1517981,0.012930991889885314
1628977,Hamidou Diallo,67222,5200000,0.012927307692307693
1627789,Timothe Luwawu-Cabarrot,24870,1939350,0.012823884291128471
1629663,Louis King,5932,462629,0.012822369544494616
1628981,Bruno Fernando,22845,1782621,0.01281539934736548
1629712,Didi Louzada,22876,1786878,0.01280221705119208
1629057,Robert Williams III,46791,3661976,0.012777527760968395
202734,ETwaun Moore,33606,2641691,0.012721397014260942
202685,Jonas Valanciunas,176521,14000000,0.012608642857142856
203500,Steven Adams,214597,17073171,0.01256925265962603
1629020,Jarred Vanderbilt,50888,4050000,0.012564938271604938
201569,Eric Gordon,225392,18218818,0.012371384356548267
1627745,Damian Jones,24349,1977011,0.01231606703250513
1628396,Tony Bradley,21710,1789256,0.0121335348323549
202695,Kawhi Leonard,475867,39344900,0.012094756880815558
203932,Aaron Gordon,198025,16409091,0.012068005473307448
203090,Maurice Harkless,51717,4347600,0.011895528567485509
204001,Kristaps Porzingis,374353,31650600,0.011827674672834007
1626162,Kelly Oubre Jr,141521,12000000,0.011793416666666667
203526,Raul Neto,24542,2089448,0.011745685941932989
1629111,Jock Landale,10811,925258,0.011684308592846537
1627742,Brandon Ingram,342175,29467800,0.011611827146919688
1628367,Josh Jackson,57947,5005350,0.011577012596521722
1629632,Coby White,67348,5837760,0.011536616784520089
1630256,JaeSean Tate,17387,1517981,0.0114540300570297
1630587,Isaiah Livers,12020,1057260,0.01136901046100297
1630538,Bones Hyland,23697,2096880,0.011301075884170769
1626172,Kevon Looney,58454,5178572,0.011287667719981492
1630217,Desmond Bane,22937,2033160,0.01128145350095418
203994,Jusuf Nurkic,134382,12000000,0.0111985
1630243,Trevelin Queen,3381,303102,0.011154660807253004
1630225,Isaiah Todd,16723,1500000,0.011148666666666666
202704,Reggie Jackson,114586,10384500,0.011034330011074197
1627749,Dejounte Murray,166055,15428880,0.010762608821897637
1630173,Precious Achiuwa,29150,2711280,0.010751379422265499
1630613,Duane Washington Jr,4938,462629,0.010673779637679437
203493,Reggie Bullock,100471,9536000,0.010535968959731544
1629634,Brandon Clarke,28566,2726880,0.010475708502024292
1630231,Kenyon Martin Jr,15757,1517981,0.010380235325738596
1630551,Justin Champagnie,4799,462629,0.010373322900207293
1628408,PJ Dozier,19806,1910860,0.01036496655955957
1629676,Isaiah Roby,18380,1782621,0.010310660538611405
1628368,DeAaron Fox,285469,28103500,0.010157773942747344
1629028,Deandre Ayton,127731,12632950,0.010110940041716305
1626179,Terry Rozier,180365,17905263,0.010073295209347107
201949,James Johnson,26405,2641691,0.00999549152417902
203926,Doug McDermott,137105,13750000,0.009971272727272728
1629619,Myles Powell,2987,300443,0.009941985667830503
1628778,Paul Watson,4592,462629,0.009925880132892664
202694,Marcus Morris Sr,154314,15627907,0.00987425891387759
1628432,Davon Reed,5210,532398,0.009785912043245842
1630209,Omer Yurtseven,14467,1489065,0.009715492607777364
1629013,Landry Shamet,35859,3768342,0.009515856044913121
1630162,Anthony Edwards,97438,10245480,0.009510340169518657
1627832,Fred VanVleet,183342,19675926,0.009318087494331906
1630625,Dalano Banton,8605,925258,0.009300108726430898
1627846,Abdel Nader,18530,2000000,0.009265
1628989,Kevin Huerter,39322,4253357,0.009244932884777835
1629731,Dean Wade,16352,1782621,0.009173009854590516
1630219,Skylar Mays,4147,462629,0.008963986261129328
1627750,Jamal Murray,264048,29467800,0.008960560340439395
203486,Mason Plumlee,82723,9248333,0.00894463899602231
203503,Tony Snell,21332,2389641,0.008926863909683504
1629681,Killian Tillie,9318,1052534,0.008852920665745714
1629647,Darius Bazley,21849,2513040,0.008694250787890365
1629659,Talen Horton-Tucker,81811,9500000,0.008611684210526317
1630586,Usman Garuba,20089,2353320,0.008536450631448337
1630552,Jalen Johnson,22704,2659680,0.008536365277025807
1630167,Obi Toppin,42579,5105160,0.00834038502221282
1629660,Ty Jerome,19866,2412840,0.008233451036952305
203484,Kentavious Caldwell-Pope,106788,13038862,0.008189978542605942
203496,Robert Covington,106053,12975471,0.008173344921351989
1630182,Josh Green,24160,2957520,0.008169006464875977
1630233,Nathan Knight,3779,462629,0.008168532452569986
1628963,Marvin Bagley III,92338,11312114,0.008162753663904024
1630541,Moses Moody,28930,3562200,0.008121385660546853
1629014,Anfernee Simons,31570,3938818,0.008015094883795088
1628969,Mikal Bridges,44320,5557725,0.007974485963231357
1630581,Josh Giddey,47257,5988000,0.00789195056780227
1629012,Collin Sexton,50007,6349671,0.007875526149307577
1630595,Cade Cunningham,78911,10050120,0.007851747043816392
1629052,Oshae Brissett,13286,1701593,0.007807977583358653
1630529,Herbert Jones,13169,1700000,0.007746470588235294
1628976,Wendell Carter Jr,53150,6920027,0.007680605870468425
1629134,Kendrick Nunn,38294,5000000,0.0076588
1629718,Charlie Brown Jr,3248,431151,0.00753332359196662
1628389,Bam Adebayo,206216,28103500,0.007337733734232391
1630612,RJ Nembhard Jr,3369,462629,0.007282293154990284
204456,TJ McConnell,54464,7500000,0.007261866666666667
1629651,Nic Claxton,12921,1782621,0.0072483158226005415
1628379,Luke Kennard,91035,12727273,0.007152749846726789
1628402,Frank Jackson,21227,3000000,0.007075666666666667
1629685,Dylan Windler,15697,2239200,0.00701009289031797
1628975,Jevon Carter,25554,3650000,0.007001095890410959
1630186,Jahmius Ramsey,10574,1517981,0.006965831588142408
1630227,Daishen Nix,3215,462629,0.006949413028582298
202699,Tobias Harris,245733,35995950,0.006826684668691895
1630195,Leandro Bolmaro,16053,2353320,0.006821426750293203
1630190,Elijah Hughes,10292,1517981,0.006780058511931308
1630591,Jalen Suggs,44669,6592920,0.00677529835035159
1629635,Sekou Doumbouya,26375,3908141,0.006748732965366398
1628374,Lauri Markkanen,105890,15690909,0.0067484936659820026
1626196,Josh Richardson,78310,11615328,0.00674195339124302
1630531,Jaden Springer,13601,2023680,0.006720924256799494
202696,Nikola Vucevic,160385,24000000,0.006682708333333333
1630164,James Wiseman,60813,9166800,0.006634048959287865
1629636,Darius Garland,46421,7040880,0.00659306791196555
203915,Spencer Dinwiddie,112939,17142857,0.006588108388234237
203482,Kelly Olynyk,79079,12195122,0.006484477974062088
1627823,Juancho Hernangomez,44786,6907815,0.0064833815034131635
1629717,Armoni Brooks,9638,1489065,0.0064725179894766175
1628966,Keita Bates-Diop,11094,1729217,0.006415620480252045
1628371,Jonathan Isaac,109930,17400000,0.006317816091954023
1629006,Josh Okogie,25729,4087904,0.006293934495526314
1630174,Aaron Nesmith,22849,3631200,0.006292410222515973
1628464,Daniel Theis,51870,8280351,0.006264227204861243
1626167,Myles Turner,111832,18000000,0.006212888888888889
1630201,Malachi Flynn,12638,2048040,0.006170777914493858
1630543,Isaiah Jackson,14924,2451240,0.006088347122272809
1627741,Buddy Hield,136671,23073234,0.005923356907835286
1629002,Chimezie Metu,10436,1762796,0.0059201405040628634
201950,Jrue Holiday,186729,32431333,0.005757672680305801
202692,Alec Burks,54702,9536000,0.00573636744966443
1630567,Scottie Barnes,41122,7280400,0.005648316026591945
1629726,Garrison Mathews,7030,1247809,0.005633875056198505
1630191,Isaiah Stewart,18108,3277080,0.005525650884323849
1626166,Cameron Payne,35871,6500000,0.005518615384615385
1626220,Royce ONeale,48090,8800000,0.005464772727272727
203937,Kyle Anderson,54278,9937150,0.005462129483805719
202066,Garrett Temple,26406,4910000,0.005378004073319755
1629633,Jarrett Culver,34068,6395160,0.0053271536599553415
1630179,Tyrell Terry,9858,1869438,0.005273242546690503
1630560,Cam Thomas,10724,2036280,0.005266466301294517
1630228,Jonathan Kuminga,28783,5466360,0.005265478307319679
1630544,Tre Mann,15229,2901240,0.00524913485268368
1629646,Charles Bassey,4792,925258,0.005179095992685284
1628964,Mo Bamba,38602,7568743,0.005100186384978325
1629067,Isaac Bonga,8725,1729217,0.005045636261961339
1629216,Gabe Vincent,8415,1669178,0.005041403613035877
1630171,Isaac Okoro,33586,6720720,0.004997381232963135
203991,Clint Capela,92303,18603448,0.004961607117132265
203200,Justin Holiday,29535,6006420,0.0049172385547464215
1629018,Gary Trent Jr,78144,16000000,0.004884
1630168,Onyeka Okongwu,29727,6104280,0.004869861801883269
1629833,Keljin Blevins,2243,462629,0.004848377425539687
1630183,Jaden McDaniels,9913,2063280,0.004804486061029041
1626181,Norman Powell,73516,15517242,0.004737697588269875
1630218,Robert Woodard II,7177,1517981,0.0047279906665498445
1629643,Chuma Okeke,15218,3277080,0.00464376823269496
201152,Thaddeus Young,65515,14190000,0.004616983791402396
1627854,Bryn Forbes,20775,4500000,0.0046166666666666665
1628972,Troy Brown Jr,23443,5170564,0.004533934789318922
203087,Jeremy Lamb,47197,10500000,0.004494952380952381
1629669,Jaylen Nowell,8008,1782621,0.004492261675364533
203458,Alex Len,16714,3732000,0.004478563772775991
1630556,Kessler Edwards,2050,462629,0.004431196487898511
1630533,Ziaire Williams,19311,4373040,0.004415921189835904
1628380,Zach Collins,30776,7000000,0.0043965714285714285
1630558,Davion Mitchell,19977,4603200,0.0043398070907195
1627774,Jake Layman,17049,3940184,0.004326955289397653
1627783,Pascal Siakam,142233,33003936,0.004309576894101358
1629056,Terence Davis,17058,4000000,0.0042645
1630205,Lamar Stevens,6375,1517981,0.00419965730796367
1629638,Nickeil Alexander-Walker,13645,3261480,0.004183683481119001
1630678,Terry Taylor,1405,342984,0.004096400998297296
203585,Rodney McGruder,7943,1939350,0.0040957021682522495
1630596,Evan Mobley,33008,8075160,0.004087597025941281
203933,TJ Warren,52677,12940000,0.004070865533230294
1628962,Udoka Azubuike,8289,2075880,0.0039930053760332965
1629675,Naz Reid,7055,1782621,0.003957655609352745
1627863,Danuel House Jr,17089,4339828,0.003937713660541385
1630537,Chris Duarte,14745,3749400,0.003932629220675308
1628449,Chris Boucher,27595,7020000,0.003930911680911681
1629604,CJ Elleby,5933,1517981,0.003908481067944856
1630526,Jeremiah Robinson-Earl,7790,2000000,0.003895
1626153,Delon Wright,33209,8526316,0.0038948826198794413
1626174,Christian Wood,52377,13666667,0.003832463321159431
203967,Dario Saric,32588,8510000,0.0038293772032902467
1627827,Dorian Finney-Smith,15096,4000000,0.003774
1629083,Arnoldas Kulboka,1740,462629,0.00376111311655776
1630553,Keon Johnson,9601,2553240,0.0037603202205824756
1628418,Thomas Bryant,32201,8666667,0.0037154998570961594
1630550,JT Thor,4528,1250000,0.0036224
1630691,Jamorko Pickett,1664,462629,0.0035968346126161567
1630172,Patrick Williams,26396,7422000,0.003556453786041498
1630250,Marko Simonovic,3225,925258,0.0034855143106030965
1628392,Isaiah Hartenstein,5969,1729217,0.0034518513292432357
1628384,OG Anunoby,54965,16071429,0.0034200443532432616
1626158,Richaun Holmes,35485,10384500,0.003417112041985652
1627884,Derrick Jones Jr,32775,9720900,0.003371601394932568
1630170,Devin Vassell,14183,4235160,0.003348869936436876
1629162,Jordan McLaughlin,6633,2000000,0.0033165
203473,Dewayne Dedmon,17408,5256308,0.0033118302808739517
1628998,Cody Martin,5800,1782621,0.003253636078560726
1630192,Zeke Nnaji,8104,2498760,0.0032432086314812146
1628978,Donte DiVincenzo,14857,4675830,0.0031774037978284067
203914,Gary Harris,65182,20932143,0.0031139668785943224
1630547,James Bouknight,12930,4154400,0.003112362796071635
1630557,Corey Kispert,10497,3383640,0.0031022803844380606
1629677,Luka Samanic,10358,3421709,0.0030271422847471833
1629637,Jaxson Hayes,16107,5348280,0.0030116224281451233
1628984,Devonte Graham,32927,11000000,0.0029933636363636365
1630165,Killian Hayes,16610,5572680,0.002980612559845532
203115,Will Barton,46397,15625000,0.002969408
1627747,Caris LeVert,51937,17500000,0.0029678285714285716
1629130,Duncan Robinson,46180,15650000,0.0029507987220447284
203114,Khris Middleton,104505,35500000,0.0029438028169014086
1629234,Drew Eubanks,5058,1762796,0.002869305353540625
1628386,Jarrett Allen,56722,20000000,0.0028361
1630583,Santi Aldama,5638,1994520,0.0028267452820728797
1630197,Aleksej Pokusevski,8678,3113160,0.0027875213609323004
1630549,DayRon Sharpe,5478,2009160,0.002726512572418324
1630188,Jalen Smith,12142,4458000,0.002723642889187977
203924,Jerami Grant,51514,20002500,0.0025753780777402827
1630563,Joshua Primo,10032,3946800,0.0025418060200668897
1627734,Domantas Sabonis,46460,18500000,0.0025113513513513514
1628971,Bruce Brown,11739,4736102,0.002478620604032599
1630539,Kai Jones,6720,2770560,0.0024255024255024253
1628425,Sterling Brown,7240,3000000,0.0024133333333333333
1628420,Monte Morris,20246,8449074,0.002396238925117711
1628470,Torrey Craig,11369,4878049,0.0023306448951209797
203920,Khem Birch,14680,6350000,0.0023118110236220474
1628021,David Nwaba,10706,4650000,0.0023023655913978493
1630249,Vit Krejci,2077,925258,0.0022447792939915136
1628415,Dillon Brooks,27245,12200000,0.0022331967213114756
203210,JaMychal Green,17653,8200000,0.0021528048780487803
1628427,Vlatko Cancar,3691,1782621,0.002070546683787524
1630530,Trey Murphy III,6195,3053760,0.0020286466519962277
1630532,Franz Wagner,9749,5007840,0.0019467474999201252
1629667,Jalen McDaniels,3435,1782621,0.0019269379189407057
203107,Tomas Satoransky,19239,10000000,0.0019239
1629631,DeAndre Hunter,14568,7775400,0.0018736013581294854
1629644,KZ Okpala,3318,1782621,0.0018613042256318084
1628467,Maxi Kleber,15826,8825000,0.001793314447592068
1628401,Derrick White,26543,15678571,0.001692947654476929
1629723,John Konchar,3387,2200000,0.0015395454545454545
203939,Dwight Powell,16115,11080125,0.0014544059746618382
1628381,John Collins,33239,23000000,0.0014451739130434782
1629026,Kenrich Williams,2889,2000000,0.0014445
202340,Avery Bradley,3547,2641691,0.0013427005656604046
202711,Bojan Bogdanovic,25005,18700000,0.0013371657754010695
1630240,Saben Lee,1936,1489065,0.0013001447216877706
1629001,DeAnthony Melton,10633,8805976,0.0012074754689315528
202397,Ish Smith,5360,4500000,0.001191111111111111
1627752,Taurean Prince,14706,13000000,0.0011312307692307691
1630180,Saddiq Bey,2929,2824320,0.001037063788805801
203490,Otto Porter Jr,2289,2389641,0.0009578844688386247
201571,DJ Augustin,4851,7000000,0.000693
1627763,Malcolm Brogdon,14743,21700000,0.0006794009216589861
1629650,Moses Brown,1076,1701593,0.0006323486286086038
1629640,Keldon Johnson,1183,2145720,0.0005513300896668717
1630230,Naji Marshall,673,1517981,0.0004433520577662039
1629048,Goga Bitadze,948,3098400,0.00030596436870642914
1627751,Jakob Poeltl,1654,8750000,0.00018902857142857142
203501,Tim Hardaway Jr,3550,21306816,0.00016661335039454042
201572,Brook Lopez,1524,13302325,0.00011456643857370798
203999,Nikola Jokic,561,31579390,1.776475099740685e-05
203471,Dennis Schroder,77,5890000,1.3073005093378608e-05
1629661,Cameron Johnson,0,4437000,0.0
1630177,Theo Maledon,0,2000000,0.0
1629645,Kevin Porter Jr,0,1782621,0.0
1628988,Aaron Holiday,0,3980551,0.0
203488,Mike Muscala,0,3500000,0.0
200782,PJ Tucker,0,7000000,0.0
1629622,Max Strus,0,1669178,0.0
1630271,Brodric Thomas,0,462629,0.0
1630607,Chris Smith,0,462629,0.0
1627761,DeAndre Bembry,0,1669178,0.0
1630184,Kira Lewis Jr,0,3822240,0.0
1627736,Malik Beasley,0,14491964,0.0
1630166,Deni Avdija,0,4692840,0.0
1626204,Larry Nance Jr,0,10690909,0.0
203925,Joe Harris,0,17357143,0.0
1630579,Jericho Sims,0,462629,0.0
1630264,Anthony Gill,0,1517981,0.0
1629008,Michael Porter Jr,0,5258735,0.0
1630559,Austin Reaves,0,925258,0.0
202722,Davis Bertans,0,16000000,0.0
1629673,Jordan Poole,0,2161440,0.0
