Player,G,GS,MP,FG,FGA,FG%,3P,3PA,3P%,2P,2PA,2P%,FT,FTA,FT%,ORB,DRB,TRB,AST,STL,BLK,TOV,PF,PTS,Unnamed: 29,ORtg,DRtg
Precious Achiuwa,44,22,1047,6.7,15.9,0.422,0.8,2.6,0.296,5.9,13.3,0.446,1.9,3.3,0.557,4.8,10.2,15.1,2.4,1.1,1.3,2.1,4.2,16.0,,102.0,109
Steven Adams,52,51,1354,4.8,9.0,0.53,0.0,0.0,,4.8,9.0,0.53,2.8,4.8,0.582,8.1,9.5,17.6,5.8,1.7,1.2,3.0,3.2,12.3,,121.0,108
Bam Adebayo,30,30,985,10.4,20.2,0.518,0.0,0.2,0.0,10.4,20.0,0.522,7.1,9.2,0.772,4.1,11.2,15.2,5.4,2.4,1.0,4.5,4.9,28.0,,112.0,103
Santi Aldama,27,0,277,6.4,16.9,0.381,0.7,6.8,0.103,5.7,10.1,0.569,2.1,3.5,0.6,4.0,7.1,11.1,2.4,0.3,1.2,1.6,4.7,15.7,,99.0,112
LaMarcus Aldridge,36,11,825,12.2,21.9,0.555,0.7,2.2,0.316,11.5,19.7,0.582,3.4,4.0,0.853,3.2,8.7,11.9,1.8,0.8,2.3,1.9,3.7,28.4,,118.0,111
Nickeil Alexander-Walker,50,19,1317,8.9,23.8,0.375,3.6,11.5,0.311,5.3,12.3,0.434,2.6,3.6,0.722,1.4,4.8,6.2,5.2,1.5,0.7,3.2,3.3,24.0,,96.0,114
Grayson Allen,46,45,1298,7.0,16.3,0.428,4.4,11.1,0.394,2.6,5.2,0.5,1.8,2.1,0.857,0.9,5.0,6.0,2.6,1.4,0.6,1.0,2.4,20.1,,119.0,112
Jarrett Allen,47,47,1531,10.1,15.1,0.667,0.0,0.3,0.1,10.1,14.8,0.679,4.6,6.6,0.686,5.5,11.6,17.1,2.8,1.2,2.1,2.7,2.8,24.8,,130.0,103
Jose Alvarado,27,1,335,7.4,17.6,0.42,2.2,7.2,0.306,5.2,10.4,0.5,2.1,3.1,0.667,1.3,4.0,5.3,8.0,4.4,0.4,1.5,5.5,19.1,,114.0,108
Justin Anderson,6,0,77,3.9,12.2,0.316,1.9,9.7,0.2,1.9,2.6,0.75,3.9,4.5,0.857,1.3,5.2,6.4,5.8,1.3,0.6,1.9,5.8,13.5,,106.0,111
Justin Anderson,3,0,47,4.2,8.5,0.5,2.1,6.4,0.333,2.1,2.1,1.0,3.2,4.2,0.75,0.0,6.4,6.4,6.4,1.1,0.0,2.1,4.2,13.8,,126.0,109
Justin Anderson,3,0,30,3.3,18.1,0.182,1.6,14.8,0.111,1.6,3.3,0.5,4.9,4.9,1.0,3.3,3.3,6.6,4.9,1.6,1.6,1.6,8.2,13.2,,86.0,114
Kyle Anderson,43,8,955,6.8,15.7,0.431,1.3,3.8,0.342,5.5,11.9,0.46,2.3,3.5,0.657,2.1,9.3,11.4,5.7,2.5,1.3,2.2,3.2,17.2,,108.0,106
Giannis Antetokounmpo,46,46,1499,14.9,27.4,0.544,1.7,5.7,0.303,13.1,21.6,0.607,11.8,16.4,0.722,2.8,14.0,16.8,8.9,1.5,2.1,4.9,4.8,43.3,,122.0,104
Thanasis Antetokounmpo,33,5,347,5.3,11.6,0.458,0.1,1.5,0.091,5.2,10.0,0.514,2.1,3.3,0.625,4.2,6.6,10.7,2.6,1.8,1.1,2.6,7.8,12.8,,102.0,109
Carmelo Anthony,50,3,1327,8.3,18.9,0.437,4.2,10.7,0.392,4.1,8.2,0.496,3.5,4.3,0.824,1.5,6.0,7.5,1.9,1.3,1.5,1.6,4.0,24.3,,114.0,111
Cole Anthony,42,42,1396,8.8,22.6,0.392,3.2,9.7,0.327,5.7,12.9,0.441,5.2,6.1,0.851,0.9,7.7,8.6,8.9,1.3,0.4,4.1,3.9,26.0,,103.0,113
OG Anunoby,38,38,1413,9.3,20.9,0.446,3.4,9.4,0.358,6.0,11.5,0.517,2.8,3.7,0.743,2.2,5.6,7.8,3.6,2.2,0.8,2.4,4.0,24.8,,112.0,111
Trevor Ariza,18,8,350,3.4,9.4,0.362,2.6,7.8,0.333,0.8,1.6,0.5,1.0,1.4,0.7,0.7,7.5,8.2,3.1,1.4,0.5,1.1,2.5,10.4,,107.0,111
D.J. Augustin,34,2,510,5.1,12.7,0.404,3.6,9.0,0.406,1.5,3.7,0.4,3.1,3.5,0.868,0.7,3.2,3.8,6.9,0.9,0.0,4.2,1.6,17.0,,107.0,120
Deni Avdija,53,6,1206,5.9,13.2,0.444,1.8,5.9,0.306,4.1,7.3,0.556,2.3,3.1,0.747,1.4,9.2,10.6,3.5,1.6,1.2,1.9,4.9,15.8,,107.0,110
Joel Ayayi,7,0,20,2.5,14.8,0.167,0.0,2.5,0.0,2.5,12.4,0.2,0.0,0.0,,2.5,4.9,7.4,9.9,0.0,0.0,0.0,0.0,4.9,,78.0,118
Deandre Ayton,33,33,967,11.6,18.2,0.635,0.1,0.4,0.25,11.5,17.8,0.643,3.3,4.6,0.725,4.6,12.6,17.1,2.5,1.4,1.3,2.8,3.8,26.5,,123.0,103
Udoka Azubuike,13,5,149,7.6,11.2,0.676,0.0,0.0,,7.6,11.2,0.676,1.3,3.0,0.444,4.3,12.8,17.1,0.0,0.3,3.3,3.3,5.6,16.5,,110.0,106
Marvin Bagley III,30,17,656,8.4,18.1,0.463,1.1,4.6,0.242,7.3,13.5,0.538,2.6,3.5,0.745,4.9,10.9,15.8,1.2,0.7,0.8,1.5,3.7,20.4,,110.0,114
LaMelo Ball,49,49,1589,10.5,24.7,0.423,3.8,10.5,0.361,6.7,14.2,0.468,4.4,5.1,0.865,2.4,8.1,10.5,11.0,2.3,0.6,4.6,4.6,29.2,,110.0,111
Lonzo Ball,35,35,1212,6.5,15.4,0.423,4.4,10.5,0.423,2.1,5.0,0.423,0.8,1.1,0.75,1.4,6.2,7.7,7.2,2.6,1.2,3.3,3.4,18.3,,109.0,109
Mo Bamba,45,43,1180,7.4,15.7,0.47,2.3,6.8,0.343,5.0,8.9,0.567,1.6,2.0,0.792,3.9,10.9,14.8,2.5,1.2,3.6,2.3,4.7,18.7,,109.0,107
Desmond Bane,52,52,1564,10.6,23.1,0.459,4.5,11.0,0.408,6.1,12.1,0.505,2.4,2.7,0.897,0.9,6.2,7.1,3.9,1.8,0.7,2.4,3.9,28.1,,115.0,110
Dalano Banton,43,1,505,5.9,14.8,0.403,1.1,3.8,0.289,4.9,11.0,0.441,1.8,2.8,0.643,2.7,6.6,9.3,6.9,2.1,0.8,4.5,5.2,14.8,,94.0,110
Cat Barber,3,0,13,0.0,15.1,0.0,0.0,0.0,,0.0,15.1,0.0,0.0,15.1,0.0,3.8,7.6,11.4,11.4,0.0,0.0,3.8,3.8,0.0,,37.0,118
Harrison Barnes,52,52,1755,7.4,16.1,0.462,2.9,7.1,0.412,4.5,9.0,0.502,6.6,8.0,0.829,1.6,7.2,8.8,3.6,1.0,0.2,2.3,1.8,24.4,,122.0,117
Scottie Barnes,45,45,1620,8.1,17.1,0.475,1.2,3.7,0.325,6.9,13.3,0.516,3.2,4.3,0.741,3.5,7.1,10.7,4.7,1.3,1.1,2.7,4.0,20.6,,113.0,111
RJ Barrett,48,48,1587,9.7,23.5,0.412,3.0,8.6,0.354,6.6,14.9,0.445,4.9,7.1,0.695,1.3,7.3,8.6,4.0,0.8,0.4,3.0,3.1,27.3,,103.0,112
Will Barton,47,47,1533,9.0,20.3,0.444,3.6,9.5,0.375,5.5,10.8,0.504,2.0,2.6,0.778,1.0,6.5,7.6,6.3,1.3,0.8,2.8,2.4,23.6,,108.0,111
Paris Bass,2,0,7,13.8,41.5,0.333,0.0,13.8,0.0,13.8,27.6,0.5,13.8,13.8,1.0,13.8,13.8,27.6,0.0,6.9,0.0,13.8,13.8,41.5,,82.0,91
Charles Bassey,22,0,161,8.7,13.4,0.651,0.0,1.2,0.0,8.7,12.1,0.718,2.5,3.4,0.727,6.2,12.4,18.7,2.2,1.2,5.3,2.5,9.6,19.9,,128.0,102
Keita Bates-Diop,42,12,701,6.3,12.6,0.5,1.0,2.9,0.333,5.4,9.8,0.549,2.0,2.9,0.69,3.2,8.5,11.7,1.7,1.3,0.9,2.0,3.0,15.6,,109.0,111
Nicolas Batum,35,30,871,6.3,13.0,0.483,3.8,9.4,0.405,2.5,3.6,0.688,0.9,1.3,0.667,0.9,7.8,8.7,3.1,2.0,1.5,1.5,2.9,17.2,,119.0,107
Kent Bazemore,31,14,455,4.1,12.5,0.328,2.4,6.8,0.354,1.7,5.7,0.296,1.4,1.8,0.765,0.9,4.7,5.7,3.1,2.1,0.6,1.1,5.9,12.0,,98.0,111
Darius Bazley,49,33,1309,6.4,15.9,0.401,1.9,6.4,0.292,4.5,9.5,0.474,2.9,4.2,0.685,2.1,9.7,11.8,2.2,1.5,2.1,2.5,1.8,17.5,,96.0,107
Bradley Beal,40,40,1439,12.0,26.5,0.451,2.2,7.2,0.3,9.8,19.3,0.508,5.8,7.0,0.833,1.3,5.2,6.5,9.1,1.2,0.5,4.6,3.3,31.9,,106.0,114
Malik Beasley,55,10,1421,8.2,21.5,0.38,5.5,15.3,0.358,2.7,6.1,0.434,1.0,1.3,0.75,0.7,4.9,5.6,2.8,1.0,0.3,1.2,2.2,22.8,,107.0,115
Jordan Bell,1,0,2,0.0,0.0,,0.0,0.0,,0.0,0.0,,0.0,0.0,,24.4,0.0,24.4,0.0,24.4,0.0,0.0,48.8,0.0,,224.0,64
DeAndre' Bembry,48,20,949,6.2,10.9,0.568,0.8,1.8,0.417,5.4,9.0,0.599,1.1,1.8,0.6,1.9,5.8,7.8,3.1,2.4,1.3,1.5,5.3,14.2,,119.0,110
Dāvis Bertāns,34,0,501,5.9,16.9,0.351,4.5,14.2,0.319,1.4,2.7,0.519,2.8,3.0,0.933,0.6,5.4,6.0,1.6,1.1,0.6,1.4,5.4,19.2,,103.0,114
Patrick Beverley,36,32,931,5.8,14.2,0.406,2.5,7.4,0.333,3.3,6.8,0.485,2.5,3.5,0.706,2.1,6.2,8.3,9.3,2.1,1.6,2.1,5.4,16.5,,120.0,109
Saddiq Bey,54,54,1807,7.7,20.3,0.381,3.6,10.7,0.338,4.1,9.6,0.43,3.5,4.2,0.827,1.9,6.4,8.3,4.0,1.3,0.3,1.9,2.4,22.6,,106.0,115
Khem Birch,27,7,508,5.0,10.4,0.481,0.0,0.8,0.0,5.0,9.7,0.52,3.3,4.3,0.75,6.3,6.0,12.3,3.0,1.9,1.2,1.7,4.1,13.3,,123.0,111
Goga Bitadze,32,5,359,8.0,18.0,0.443,1.1,6.2,0.178,6.9,11.8,0.581,4.0,6.3,0.63,6.0,6.5,12.5,2.6,1.6,2.9,3.4,7.6,21.0,,103.0,111
Bismack Biyombo,15,3,290,9.0,14.8,0.607,0.0,0.0,,9.0,14.8,0.607,4.3,7.8,0.553,7.3,10.0,17.4,2.3,1.5,2.3,2.0,5.2,22.4,,127.0,103
Nemanja Bjelica,49,0,755,7.4,16.4,0.453,2.6,7.6,0.342,4.8,8.8,0.547,2.8,4.0,0.71,2.7,10.1,12.8,5.8,2.0,1.1,3.7,5.2,20.3,,108.0,102
Eric Bledsoe,54,29,1361,7.1,16.7,0.421,1.8,5.8,0.313,5.2,10.9,0.479,3.2,4.2,0.761,1.0,5.5,6.5,8.1,2.5,0.7,4.2,3.0,19.1,,100.0,109
Keljin Blevins,12,0,73,6.0,15.5,0.391,4.0,9.4,0.429,2.0,6.0,0.333,0.0,1.3,0.0,1.3,4.0,5.4,2.7,0.0,0.0,4.0,3.4,16.1,,86.0,121
Bogdan Bogdanović,36,26,1027,7.9,18.8,0.417,4.1,11.2,0.363,3.8,7.6,0.497,1.7,2.2,0.8,0.5,5.9,6.5,5.0,1.4,0.3,1.8,3.4,21.5,,110.0,116
Bojan Bogdanović,53,53,1641,9.7,21.2,0.459,3.9,10.1,0.382,5.9,11.1,0.53,5.2,6.0,0.871,1.3,5.6,6.9,2.7,0.7,0.0,2.6,2.7,28.5,,116.0,113
Bol Bol,14,0,81,9.2,16.5,0.556,0.6,2.4,0.25,8.6,14.1,0.609,1.2,3.1,0.4,2.4,9.8,12.2,3.1,0.6,1.2,2.4,2.4,20.2,,106.0,111
Leandro Bolmaro,25,2,188,2.3,8.2,0.281,0.5,3.1,0.167,1.8,5.1,0.35,2.0,2.3,0.889,3.8,5.1,8.9,2.8,1.3,0.0,3.1,5.4,7.1,,87.0,114
Isaac Bonga,13,0,66,2.3,9.9,0.231,0.8,3.0,0.25,1.5,6.8,0.222,3.0,4.6,0.667,3.0,2.3,5.3,2.3,5.3,1.5,1.5,7.6,8.3,,89.0,105
Devin Booker,47,47,1598,13.3,29.6,0.45,3.8,10.1,0.373,9.5,19.4,0.49,6.2,7.2,0.857,1.1,6.4,7.6,6.1,1.4,0.5,3.4,3.6,36.5,,110.0,108
Brandon Boston Jr.,39,0,605,7.5,20.6,0.363,2.1,7.2,0.289,5.4,13.4,0.404,3.8,4.4,0.855,1.0,6.4,7.4,2.7,1.6,0.8,2.1,2.7,20.9,,93.0,110
Chris Boucher,51,8,1028,8.0,17.4,0.461,1.9,6.8,0.279,6.1,10.6,0.578,4.5,5.8,0.767,5.2,9.4,14.7,0.9,1.7,2.7,1.6,5.4,22.4,,120.0,107
James Bouknight,25,0,249,8.1,21.9,0.368,2.7,7.9,0.341,5.4,14.0,0.384,4.4,5.2,0.852,3.3,4.0,7.3,3.6,1.0,0.0,1.9,4.2,23.2,,104.0,118
Avery Bradley,48,41,1139,5.0,12.3,0.41,2.7,7.3,0.376,2.3,5.0,0.458,0.5,0.6,0.857,1.1,3.6,4.7,1.7,1.9,0.4,1.4,3.8,13.3,,102.0,113
Tony Bradley,41,7,474,6.3,10.8,0.581,0.0,0.0,,6.3,10.8,0.581,1.4,2.1,0.7,5.6,10.4,16.0,2.2,1.0,2.9,2.7,5.6,14.0,,116.0,108
Ignas Brazdeikis,25,0,228,5.5,15.1,0.366,2.1,7.0,0.303,3.4,8.1,0.421,1.9,2.6,0.75,2.1,5.1,7.2,4.0,1.3,0.2,1.7,5.3,15.1,,100.0,115
Mikal Bridges,54,54,1877,7.2,13.9,0.522,1.9,5.2,0.369,5.3,8.6,0.615,1.8,2.1,0.875,1.4,4.5,6.0,3.0,1.7,0.6,1.1,2.6,18.2,,124.0,108
Miles Bridges,54,54,1941,9.8,20.3,0.485,2.4,7.8,0.31,7.4,12.5,0.593,4.3,5.3,0.797,1.6,7.9,9.5,4.7,1.4,1.2,2.4,3.5,26.4,,115.0,113
Oshae Brissett,43,1,822,5.8,14.3,0.403,2.2,6.5,0.333,3.6,7.8,0.462,2.9,4.4,0.658,3.4,7.9,11.3,1.9,1.5,0.8,1.9,3.6,16.6,,106.0,113
Malcolm Brogdon,28,28,934,9.7,21.7,0.448,2.4,7.9,0.307,7.3,13.8,0.529,5.5,6.4,0.861,1.3,6.3,7.6,8.8,1.3,0.6,3.2,3.0,27.4,,115.0,115
Armoni Brooks,41,8,690,6.0,17.3,0.347,4.4,14.7,0.3,1.6,2.6,0.605,1.1,1.3,0.842,0.8,4.8,5.6,3.4,1.4,0.6,1.6,4.1,17.5,,101.0,117
Dillon Brooks,21,20,587,11.9,27.9,0.426,2.7,8.3,0.327,9.2,19.6,0.469,5.3,5.9,0.889,1.4,4.3,5.7,4.7,2.2,0.3,3.0,5.7,31.8,,107.0,111
Bruce Brown,45,19,924,6.0,12.6,0.477,0.6,1.9,0.297,5.5,10.7,0.51,1.6,2.2,0.738,2.9,7.2,10.1,2.8,2.2,1.2,1.6,5.6,14.3,,110.0,110
Charlie Brown Jr.,17,2,166,2.7,10.9,0.25,0.3,3.6,0.083,2.4,7.2,0.333,2.1,2.4,0.875,4.2,5.1,9.3,1.5,2.7,1.2,1.5,5.4,7.8,,85.0,108
Charlie Brown Jr.,3,0,15,3.3,16.7,0.2,0.0,10.0,0.0,3.3,6.7,0.5,0.0,0.0,,0.0,3.3,3.3,3.3,6.7,3.3,0.0,6.7,6.7,,55.0,94
Charlie Brown Jr.,14,2,151,2.7,10.3,0.258,0.3,3.0,0.111,2.3,7.3,0.318,2.3,2.7,0.875,4.6,5.3,9.9,1.3,2.3,1.0,1.7,5.3,8.0,,88.0,109
Chaundee Brown Jr.,5,2,104,4.7,15.1,0.313,2.8,8.5,0.333,1.9,6.6,0.286,2.4,2.8,0.833,0.5,7.1,7.5,1.9,0.9,0.0,0.5,3.3,14.6,,97.0,116
Chaundee Brown Jr.,2,0,21,2.3,16.0,0.143,0.0,6.8,0.0,2.3,9.1,0.25,0.0,0.0,,0.0,4.6,4.6,0.0,0.0,0.0,2.3,0.0,4.6,,27.0,117
Chaundee Brown Jr.,3,2,83,5.3,14.8,0.36,3.6,8.9,0.4,1.8,5.9,0.3,3.0,3.6,0.833,0.6,7.7,8.3,2.4,1.2,0.0,0.0,4.1,17.2,,117.0,116
Greg Brown III,25,0,173,9.1,19.9,0.457,1.1,5.4,0.211,7.9,14.5,0.549,4.8,7.9,0.607,4.5,7.9,12.5,1.7,1.7,2.0,2.6,6.0,24.1,,105.0,112
Jaylen Brown,42,42,1435,12.7,27.5,0.461,3.9,11.1,0.349,8.8,16.4,0.537,5.5,7.0,0.783,1.2,8.3,9.5,4.6,1.6,0.5,4.3,3.8,34.7,,107.0,106
Moses Brown,26,1,169,8.0,14.8,0.54,0.0,0.0,,8.0,14.8,0.54,8.0,12.8,0.628,4.7,13.3,18.1,0.3,0.9,2.7,4.2,8.3,24.0,,106.0,103
Sterling Brown,36,3,513,5.0,12.5,0.398,2.6,7.7,0.342,2.3,4.8,0.49,1.0,1.1,0.909,2.1,10.2,12.3,2.8,1.2,0.5,2.1,4.2,13.6,,103.0,107
Troy Brown Jr.,44,5,782,5.1,11.7,0.431,2.0,5.7,0.352,3.1,6.1,0.505,1.2,1.6,0.76,1.8,7.1,8.9,3.2,1.6,0.2,1.2,3.1,13.3,,112.0,112
Jalen Brunson,54,36,1708,10.3,20.2,0.507,1.7,4.7,0.354,8.6,15.5,0.554,3.3,4.0,0.81,0.9,5.2,6.0,8.7,1.4,0.1,2.7,3.0,25.5,,117.0,110
Thomas Bryant,11,4,177,7.8,17.3,0.452,2.0,5.9,0.333,5.9,11.5,0.512,3.6,4.8,0.765,3.1,7.3,10.3,1.7,0.8,1.4,2.2,5.3,21.2,,107.0,113
Shaq Buchanan,2,0,10,4.8,19.3,0.25,0.0,9.6,0.0,4.8,9.6,0.5,0.0,0.0,,4.8,4.8,9.6,9.6,4.8,0.0,9.6,4.8,9.6,,61.0,105
Reggie Bullock,47,16,1164,5.6,13.6,0.411,3.7,10.3,0.358,1.9,3.3,0.579,1.2,1.4,0.844,0.9,6.1,6.9,2.1,1.1,0.3,1.1,2.7,16.1,,111.0,110
Trey Burke,30,0,334,10.5,24.8,0.424,3.5,9.9,0.348,7.1,14.9,0.475,2.4,2.6,0.941,0.5,3.8,4.2,6.8,1.5,0.0,3.2,4.5,26.9,,102.0,110
Alec Burks,54,21,1445,6.2,16.3,0.382,3.3,8.5,0.388,2.9,7.8,0.377,5.0,6.0,0.832,1.1,6.9,8.1,4.8,2.1,0.5,1.8,4.4,20.7,,115.0,110
Jared Butler,26,1,206,8.3,20.5,0.407,3.8,10.7,0.356,4.5,9.8,0.463,1.7,2.9,0.583,0.7,4.5,5.2,6.9,1.9,1.7,5.2,6.4,22.1,,96.0,109
Jimmy Butler,36,36,1215,10.7,21.9,0.491,0.6,2.7,0.212,10.2,19.1,0.531,10.3,11.6,0.89,2.8,6.4,9.2,9.2,2.7,0.7,3.1,2.1,32.4,,127.0,106
Devontae Cacok,8,0,67,11.5,16.5,0.696,0.0,0.0,,11.5,16.5,0.696,2.9,5.0,0.571,3.6,15.8,19.4,1.4,2.9,5.0,0.7,5.7,25.9,,137.0,98
Kentavious Caldwell-Pope,50,50,1461,6.8,16.9,0.404,3.3,8.8,0.368,3.6,8.1,0.444,2.1,2.4,0.887,0.8,5.0,5.8,2.9,1.8,0.6,2.0,2.9,19.1,,102.0,113
Facundo Campazzo,51,4,1024,4.7,12.3,0.38,2.5,7.9,0.313,2.2,4.4,0.5,2.6,3.2,0.803,0.8,3.8,4.6,9.2,2.6,1.0,2.9,5.0,14.4,,110.0,110
Vlatko Čančar,14,1,152,7.2,12.7,0.564,2.3,3.9,0.583,4.9,8.8,0.556,2.9,3.9,0.75,2.0,5.5,7.5,4.2,0.7,1.0,2.6,4.2,19.6,,123.0,113
Clint Capela,46,45,1295,8.5,14.7,0.58,0.0,0.0,0.0,8.5,14.7,0.581,1.9,4.3,0.455,6.7,14.6,21.2,2.5,1.3,2.4,0.9,4.0,19.0,,128.0,108
Vernon Carey Jr.,4,1,17,8.4,16.9,0.5,0.0,0.0,,8.4,16.9,0.5,5.6,8.4,0.667,8.4,5.6,14.0,0.0,2.8,0.0,2.8,2.8,22.5,,112.0,113
Jevon Carter,41,1,484,4.8,14.7,0.327,3.6,10.6,0.34,1.2,4.1,0.293,0.6,0.8,0.75,0.7,5.0,5.7,4.0,1.4,1.0,1.9,4.1,13.8,,95.0,113
Wendell Carter Jr.,47,46,1376,8.6,17.0,0.504,1.9,5.9,0.329,6.6,11.1,0.597,3.6,5.1,0.715,3.4,13.5,16.9,4.4,1.1,1.2,2.8,4.5,22.7,,114.0,109
Alex Caruso,28,9,775,4.9,11.5,0.429,1.9,5.5,0.345,3.0,6.0,0.505,3.0,3.7,0.814,1.6,5.2,6.8,6.9,3.4,0.7,2.5,4.3,14.7,,115.0,109
Willie Cauley-Stein,18,2,177,4.5,9.9,0.457,0.3,0.6,0.5,4.2,9.3,0.455,0.3,0.6,0.5,3.7,7.1,10.8,2.5,1.7,0.8,2.0,4.8,9.6,,101.0,107
Ahmad Caver,1,0,1,49.3,49.3,1.0,0.0,0.0,,49.3,49.3,1.0,0.0,0.0,,0.0,0.0,0.0,0.0,0.0,0.0,0.0,0.0,98.7,,200.0,122
Justin Champagnie,30,0,252,5.8,11.9,0.483,1.8,4.4,0.409,4.0,7.5,0.526,1.8,1.8,1.0,7.3,5.4,12.7,1.8,1.4,0.8,1.4,6.4,15.1,,132.0,113
Zylan Cheatham,1,0,5,0.0,29.4,0.0,0.0,19.6,0.0,0.0,9.8,0.0,0.0,0.0,,0.0,0.0,0.0,0.0,0.0,0.0,0.0,0.0,0.0,,0.0,119
Chris Chiozza,26,1,279,3.3,11.4,0.292,2.8,7.5,0.372,0.5,3.8,0.136,0.2,0.2,1.0,1.4,3.8,5.2,8.2,1.6,0.0,3.8,4.2,9.6,,92.0,108
Marquese Chriss,22,0,251,9.6,19.6,0.49,1.4,4.0,0.35,8.2,15.6,0.526,2.4,3.8,0.632,4.0,11.6,15.6,2.4,2.2,2.0,3.4,9.8,23.0,,102.0,101
Josh Christopher,46,2,765,8.2,17.5,0.47,2.2,6.7,0.336,6.0,10.8,0.552,3.0,4.0,0.766,1.9,3.9,5.8,5.0,2.4,0.4,4.2,3.1,21.7,,104.0,116
Gary Clark,22,1,241,4.1,11.3,0.364,3.5,9.3,0.378,0.6,2.1,0.3,0.8,1.2,0.667,2.9,8.0,10.9,1.6,1.4,1.2,1.0,2.9,12.5,,113.0,112
Brandon Clarke,41,1,766,11.2,17.1,0.654,0.3,1.1,0.222,11.0,16.0,0.685,3.4,4.8,0.711,5.0,8.5,13.5,3.7,1.2,2.8,1.3,4.3,26.1,,141.0,108
Jordan Clarkson,52,1,1381,10.4,25.9,0.401,4.8,14.8,0.321,5.6,11.0,0.508,3.1,3.7,0.819,1.5,4.9,6.3,4.4,1.3,0.5,3.1,3.5,28.5,,105.0,112
Nic Claxton,25,18,530,9.1,14.2,0.639,0.0,0.0,,9.1,14.2,0.639,2.7,4.8,0.566,5.0,7.8,12.8,1.9,1.1,2.6,1.6,5.1,20.9,,128.0,110
Amir Coffey,43,20,949,6.2,13.4,0.464,3.2,8.0,0.397,3.0,5.4,0.562,3.2,3.6,0.887,1.1,5.7,6.8,3.5,1.1,0.5,1.1,2.8,18.8,,127.0,112
John Collins,49,49,1543,10.3,19.0,0.541,2.0,5.0,0.395,8.3,14.0,0.593,4.1,5.1,0.794,2.8,9.8,12.6,3.0,1.0,1.7,1.7,4.8,26.6,,125.0,113
Zach Collins,2,0,31,9.3,20.2,0.462,1.6,3.1,0.5,7.8,17.1,0.455,3.1,6.2,0.5,10.9,10.9,21.7,9.3,4.7,0.0,6.2,9.3,23.3,,107.0,103
Darren Collison,3,0,37,2.6,9.1,0.286,0.0,3.9,0.0,2.6,5.2,0.5,0.0,0.0,,0.0,5.2,5.2,2.6,1.3,0.0,1.3,6.5,5.2,,65.0,113
Mike Conley,49,49,1395,8.5,19.0,0.449,4.3,10.0,0.425,4.3,9.0,0.477,3.4,4.0,0.835,1.1,4.2,5.3,9.0,2.0,0.5,2.9,3.2,24.7,,123.0,111
Pat Connaughton,53,18,1441,6.5,13.7,0.473,4.2,10.1,0.413,2.3,3.6,0.639,1.0,1.2,0.811,1.2,6.6,7.9,2.2,1.7,0.5,1.0,2.4,18.1,,125.0,110
Tyler Cook,18,2,192,5.6,9.2,0.611,0.0,0.0,,5.6,9.2,0.611,5.1,7.9,0.645,4.1,8.9,13.0,0.8,1.0,1.0,1.8,6.1,16.3,,126.0,112
Sharife Cooper,10,0,35,4.2,19.7,0.214,1.4,8.4,0.167,2.8,11.2,0.25,0.0,0.0,,0.0,7.0,7.0,7.0,0.0,0.0,7.0,1.4,9.8,,52.0,119
Petr Cornelie,13,0,38,6.5,19.6,0.333,1.3,10.4,0.125,5.2,9.1,0.571,3.9,5.2,0.75,9.1,9.1,18.2,3.9,1.3,1.3,5.2,9.1,18.2,,93.0,109
DeMarcus Cousins,22,5,353,8.8,21.1,0.418,2.2,8.4,0.262,6.6,12.7,0.522,5.5,7.2,0.769,4.7,13.6,18.3,3.2,2.8,1.2,4.0,8.4,25.3,,103.0,102
DeMarcus Cousins,17,5,287,9.3,19.9,0.466,2.2,8.1,0.271,7.1,11.8,0.6,5.2,6.4,0.816,4.0,12.5,16.5,3.0,2.7,1.3,2.7,7.8,26.0,,115.0,103
DeMarcus Cousins,5,0,66,6.8,26.3,0.257,2.3,9.8,0.231,4.5,16.5,0.273,6.8,10.5,0.643,7.5,18.8,26.3,3.8,3.0,0.8,9.8,11.3,22.5,,73.0,101
Robert Covington,50,40,1483,4.5,11.7,0.385,2.7,7.9,0.346,1.8,3.7,0.469,1.2,1.5,0.822,1.5,7.9,9.4,2.3,2.5,2.2,2.0,4.6,13.0,,101.0,110
Robert Covington,48,40,1431,4.4,11.5,0.381,2.7,7.9,0.343,1.7,3.6,0.462,1.0,1.2,0.833,1.4,8.0,9.4,2.3,2.5,2.2,2.0,4.5,12.5,,100.0,110
Robert Covington,2,0,52,7.5,15.9,0.471,3.7,9.4,0.4,3.7,6.6,0.571,6.6,8.4,0.778,3.7,5.6,9.4,0.9,1.9,1.9,2.8,5.6,25.3,,119.0,108
Torrey Craig,51,14,1034,6.1,13.4,0.456,2.2,6.6,0.333,3.9,6.8,0.573,1.3,1.7,0.771,2.8,6.5,9.3,2.8,1.1,0.9,1.9,4.5,15.7,,112.0,114
Jae Crowder,44,44,1244,5.3,13.3,0.397,3.1,8.9,0.343,2.2,4.4,0.504,1.6,1.9,0.816,0.7,8.2,8.9,2.6,2.1,0.8,1.5,4.1,15.2,,106.0,105
Jarrett Culver,25,0,233,7.7,18.4,0.416,1.9,6.2,0.3,5.8,12.2,0.475,2.3,4.3,0.524,1.7,6.0,7.7,5.2,2.9,0.6,2.3,5.4,19.5,,103.0,108
Jarron Cumberland,3,0,12,4.1,8.2,0.5,0.0,4.1,0.0,4.1,4.1,1.0,0.0,0.0,,4.1,8.2,12.3,4.1,0.0,0.0,0.0,8.2,8.2,,137.0,118
Cade Cunningham,41,41,1314,9.1,22.8,0.397,3.1,9.5,0.328,6.0,13.4,0.446,2.7,3.2,0.86,1.4,6.9,8.3,8.0,2.0,1.0,5.3,4.5,24.0,,94.0,112
Seth Curry,45,45,1566,8.2,16.9,0.485,3.2,8.0,0.4,5.0,8.9,0.561,2.0,2.3,0.877,0.5,4.3,4.8,5.8,1.2,0.4,2.7,3.2,21.6,,113.0,113
Stephen Curry,50,50,1732,11.6,27.5,0.422,6.6,17.4,0.381,5.0,10.1,0.492,6.0,6.6,0.911,0.9,6.8,7.7,8.9,2.0,0.6,4.6,2.9,35.9,,113.0,105
Anthony Davis,35,35,1245,12.7,23.6,0.537,0.4,2.5,0.172,12.2,21.1,0.579,5.9,8.3,0.712,3.9,9.6,13.5,3.9,1.7,3.1,2.9,3.4,31.6,,115.0,106
Ed Davis,18,3,139,3.2,5.0,0.643,0.0,0.0,,3.2,5.0,0.643,1.1,2.9,0.375,2.5,12.9,15.4,1.1,1.1,2.5,1.8,9.3,7.5,,106.0,101
Terence Davis,30,11,536,10.2,24.0,0.423,4.4,13.4,0.329,5.8,10.6,0.542,3.2,4.0,0.818,1.0,7.5,8.4,3.6,2.2,1.0,3.0,6.3,27.9,,104.0,112
Gabriel Deck,7,0,56,7.0,12.3,0.571,1.8,3.5,0.5,5.3,8.8,0.6,0.0,0.0,,0.9,4.4,5.3,4.4,0.9,0.0,1.8,1.8,15.8,,121.0,114
Dewayne Dedmon,48,15,792,7.9,13.5,0.582,1.0,1.8,0.536,6.9,11.7,0.589,3.2,4.1,0.781,5.5,13.2,18.8,2.3,1.3,1.6,3.3,7.2,19.8,,120.0,104
Sam Dekker,1,0,1,0.0,0.0,,0.0,0.0,,0.0,0.0,,0.0,0.0,,0.0,0.0,0.0,0.0,0.0,0.0,0.0,0.0,0.0,,,120
Javin DeLaurier,1,0,3,0.0,0.0,,0.0,0.0,,0.0,0.0,,0.0,0.0,,0.0,16.1,16.1,0.0,16.1,0.0,0.0,16.1,0.0,,,71
DeMar DeRozan,51,51,1807,13.7,26.9,0.51,0.9,2.6,0.344,12.8,24.3,0.527,9.4,10.9,0.859,1.2,6.0,7.2,7.0,1.2,0.5,3.2,3.1,37.7,,119.0,114
Mamadi Diakite,13,3,188,6.5,12.3,0.532,0.0,1.3,0.0,6.5,11.0,0.595,1.6,2.9,0.545,4.4,11.0,15.4,0.5,1.3,2.4,1.8,8.6,14.6,,107.0,106
Cheick Diallo,3,0,31,4.7,12.5,0.375,0.0,0.0,,4.7,12.5,0.375,7.8,9.4,0.833,6.3,12.5,18.8,0.0,1.6,0.0,1.6,9.4,17.2,,114.0,111
Hamidou Diallo,47,28,1055,9.8,19.7,0.496,0.9,3.5,0.25,8.9,16.2,0.55,3.3,5.0,0.667,2.7,7.6,10.3,2.6,2.6,0.7,2.2,5.6,23.7,,107.0,110
Gorgui Dieng,35,3,323,6.6,13.9,0.473,3.2,7.6,0.42,3.4,6.2,0.537,2.6,3.5,0.739,4.7,11.9,16.6,4.3,1.4,1.8,2.9,6.9,18.9,,120.0,110
Spencer Dinwiddie,44,44,1330,6.9,18.3,0.376,2.6,8.4,0.31,4.3,9.9,0.432,4.3,5.3,0.811,1.3,6.4,7.7,9.5,1.0,0.3,2.7,4.0,20.7,,108.0,115
Donte DiVincenzo,17,0,341,5.5,16.7,0.331,3.0,10.5,0.284,2.6,6.2,0.409,3.3,3.8,0.852,2.6,6.0,8.5,4.1,1.6,0.4,4.0,3.7,17.3,,93.0,111
Luka Dončić,40,40,1403,13.4,30.0,0.445,3.6,11.3,0.316,9.8,18.7,0.523,7.1,9.6,0.736,1.3,11.4,12.7,13.1,1.8,0.7,6.1,3.4,37.4,,107.0,105
Luguentz Dort,49,49,1601,8.6,21.2,0.404,3.8,11.5,0.332,4.8,9.7,0.491,4.6,5.4,0.851,1.2,5.2,6.3,2.6,1.4,0.6,2.6,4.4,25.5,,104.0,112
Ayo Dosunmu,50,16,1237,6.1,11.8,0.517,1.8,4.3,0.409,4.3,7.4,0.58,1.5,2.2,0.661,0.6,4.5,5.1,5.4,1.2,0.7,2.3,4.2,15.4,,114.0,114
Damyean Dotson,2,0,21,4.8,9.6,0.5,0.0,2.4,0.0,4.8,7.2,0.667,0.0,0.0,,0.0,4.8,4.8,2.4,0.0,0.0,0.0,0.0,9.6,,113.0,117
Devon Dotson,11,0,85,6.3,13.2,0.478,1.1,5.2,0.222,5.2,8.0,0.643,2.9,5.2,0.556,0.6,4.6,5.2,8.6,0.6,0.0,2.9,6.3,16.7,,110.0,116
Sekou Doumbouya,2,0,16,15.0,23.9,0.625,3.0,6.0,0.5,12.0,18.0,0.667,9.0,12.0,0.75,6.0,12.0,18.0,0.0,9.0,6.0,6.0,3.0,41.9,,117.0,85
Jeff Dowtin,5,0,31,4.7,11.0,0.429,0.0,3.1,0.0,4.7,7.9,0.6,0.0,0.0,,1.6,9.4,11.0,4.7,0.0,1.6,1.6,3.1,9.4,,97.0,107
Jeff Dowtin,4,0,28,5.2,10.4,0.5,0.0,1.7,0.0,5.2,8.7,0.6,0.0,0.0,,1.7,10.4,12.2,5.2,0.0,1.7,1.7,3.5,10.4,,108.0,106
Jeff Dowtin,1,0,3,0.0,16.1,0.0,0.0,16.1,0.0,0.0,0.0,,0.0,0.0,,0.0,0.0,0.0,0.0,0.0,0.0,0.0,0.0,0.0,,0.0,119
PJ Dozier,18,0,340,5.2,14.4,0.364,2.2,7.0,0.313,3.1,7.4,0.412,1.5,1.9,0.769,2.0,7.1,9.2,4.2,1.6,0.9,1.9,4.8,14.1,,100.0,110
Goran Dragić,5,2,90,7.2,18.9,0.382,2.2,7.8,0.286,5.0,11.1,0.45,5.6,5.6,1.0,1.1,6.7,7.8,5.0,2.8,0.6,0.6,4.4,22.2,,122.0,109
Andre Drummond,49,12,902,7.1,13.2,0.538,0.0,0.1,0.0,7.1,13.1,0.542,2.3,4.5,0.512,7.5,16.5,24.0,5.4,3.1,2.5,4.4,6.7,16.5,,109.0,99
Chris Duarte,48,36,1392,8.6,19.9,0.435,2.9,8.2,0.359,5.7,11.7,0.488,2.8,3.6,0.792,1.2,5.9,7.1,3.8,1.8,0.4,2.8,2.8,23.1,,105.0,114
David Duke Jr.,15,7,273,6.0,16.2,0.374,1.4,5.5,0.258,4.6,10.7,0.433,2.8,3.4,0.842,5.0,5.7,10.7,2.7,2.0,1.1,1.4,5.2,16.3,,107.0,112
Kevin Durant,36,36,1313,14.0,26.9,0.52,2.5,6.6,0.372,11.5,20.3,0.568,8.4,9.4,0.894,0.7,9.1,9.9,7.6,1.0,1.3,4.0,2.5,38.9,,120.0,111
Jaime Echenique,1,0,3,0.0,0.0,,0.0,0.0,,0.0,0.0,,0.0,0.0,,0.0,0.0,0.0,0.0,0.0,0.0,0.0,0.0,0.0,,,121
Anthony Edwards,49,49,1708,10.9,24.9,0.436,4.3,12.0,0.357,6.6,13.0,0.509,4.2,5.2,0.806,1.3,5.3,6.6,4.9,2.1,1.0,3.9,3.2,30.2,,107.0,111
Kessler Edwards,23,16,588,5.4,12.6,0.425,2.3,6.2,0.373,3.1,6.4,0.474,0.5,0.7,0.75,2.2,6.1,8.3,1.3,1.6,1.2,2.1,3.8,13.5,,99.0,112
Rob Edwards,2,0,11,4.5,17.9,0.25,4.5,17.9,0.25,0.0,0.0,,0.0,0.0,,0.0,13.4,13.4,0.0,0.0,0.0,4.5,0.0,13.4,,60.0,111
CJ Elleby,32,4,441,5.7,13.8,0.411,1.8,5.8,0.308,3.9,8.0,0.486,1.9,2.2,0.85,3.0,6.9,9.9,3.8,1.9,0.6,1.7,5.2,15.0,,110.0,114
Wayne Ellington,34,9,657,5.3,13.3,0.399,4.7,12.1,0.392,0.6,1.2,0.471,0.3,0.4,0.8,0.7,3.6,4.2,1.7,1.3,0.1,1.1,2.5,15.7,,111.0,115
Joel Embiid,42,42,1384,14.6,29.3,0.498,2.0,5.5,0.358,12.6,23.8,0.53,13.6,16.7,0.812,3.0,13.5,16.6,6.6,1.5,2.2,4.3,3.9,44.7,,119.0,105
James Ennis III,7,0,56,9.6,20.9,0.458,2.6,7.0,0.375,7.0,14.0,0.5,3.5,4.4,0.8,4.4,6.1,10.5,2.6,1.7,1.7,1.7,4.4,25.3,,112.0,109
James Ennis III,2,0,14,6.9,24.2,0.286,3.5,6.9,0.5,3.5,17.3,0.2,0.0,0.0,,6.9,10.4,17.3,0.0,3.5,3.5,0.0,0.0,17.3,,91.0,103
James Ennis III,2,0,28,12.2,19.1,0.636,3.5,7.0,0.5,8.7,12.2,0.714,7.0,7.0,1.0,3.5,5.2,8.7,0.0,1.7,1.7,1.7,7.0,34.8,,144.0,109
James Ennis III,3,0,14,7.1,21.2,0.333,0.0,7.1,0.0,7.1,14.2,0.5,0.0,3.5,0.0,3.5,3.5,7.1,10.6,0.0,0.0,3.5,3.5,14.2,,82.0,117
Drew Eubanks,49,9,595,6.8,12.9,0.528,0.1,0.6,0.125,6.7,12.2,0.55,4.8,6.4,0.747,5.2,10.7,15.9,4.0,1.1,2.4,3.7,4.9,18.4,,113.0,108
Tacko Fall,11,1,59,4.2,10.1,0.417,0.0,0.0,,4.2,10.1,0.417,1.7,5.9,0.286,5.9,13.5,19.4,1.7,0.0,5.1,2.5,2.5,10.1,,91.0,100
Derrick Favors,35,16,575,6.7,13.4,0.497,0.2,1.1,0.154,6.5,12.3,0.528,1.2,1.9,0.636,4.4,9.6,14.0,2.0,1.2,0.7,0.6,4.6,14.7,,116.0,109
Bruno Fernando,20,0,58,6.0,12.0,0.5,0.9,0.9,1.0,5.1,11.1,0.462,3.4,4.3,0.8,6.0,6.9,12.9,3.4,0.0,2.6,4.3,5.1,16.3,,109.0,108
Dorian Finney-Smith,54,54,1753,5.7,13.2,0.435,2.9,7.9,0.363,2.8,5.2,0.544,1.3,1.8,0.688,2.5,5.0,7.5,3.0,1.8,0.8,1.6,3.4,15.6,,112.0,108
Malik Fitts,7,0,35,2.8,12.6,0.222,2.8,5.6,0.5,0.0,7.0,0.0,0.0,0.0,,0.0,14.0,14.0,0.0,0.0,0.0,2.8,4.2,8.4,,57.0,110
Malachi Flynn,31,1,268,6.5,17.9,0.365,2.6,9.3,0.28,3.9,8.6,0.457,1.1,1.7,0.667,1.1,4.7,5.8,5.6,2.1,0.6,1.7,5.0,16.8,,102.0,112
Bryn Forbes,51,1,901,9.1,21.4,0.425,4.4,10.8,0.41,4.7,10.7,0.439,2.8,3.1,0.897,0.3,3.8,4.1,3.0,1.0,0.2,2.1,3.4,25.4,,106.0,115
Bryn Forbes,40,1,676,9.1,21.1,0.432,4.5,10.8,0.417,4.6,10.3,0.448,3.1,3.5,0.898,0.3,4.2,4.5,2.9,1.2,0.2,2.4,3.0,25.9,,108.0,115
Bryn Forbes,11,0,225,9.0,22.5,0.402,4.2,10.8,0.388,4.8,11.7,0.415,1.8,2.0,0.889,0.4,2.4,2.9,3.1,0.2,0.0,1.3,4.8,24.0,,103.0,117
Aleem Ford,5,0,74,3.9,13.1,0.3,1.3,9.8,0.133,2.6,3.3,0.8,0.0,0.0,,1.3,8.5,9.8,1.3,0.7,0.0,2.6,4.6,9.2,,67.0,114
Trent Forrest,43,4,514,5.1,9.2,0.552,0.3,1.4,0.2,4.8,7.7,0.617,2.4,3.1,0.781,1.4,5.5,7.0,5.9,1.9,0.3,3.2,3.1,12.8,,113.0,111
Evan Fournier,53,53,1538,8.9,20.8,0.429,5.0,12.5,0.402,3.9,8.3,0.471,1.7,2.4,0.716,0.9,4.2,5.2,3.1,1.6,0.4,2.4,3.7,24.7,,109.0,113
De'Aaron Fox,45,45,1540,11.2,24.4,0.46,1.4,5.2,0.269,9.8,19.2,0.512,6.2,8.2,0.749,0.7,4.9,5.5,7.2,1.7,0.6,3.9,4.0,30.0,,106.0,116
Tim Frazier,10,3,200,3.2,10.4,0.302,1.5,4.1,0.353,1.7,6.3,0.269,1.2,2.2,0.556,1.2,3.4,4.6,8.0,0.7,0.2,3.2,5.8,9.0,,89.0,117
Enes Freedom,35,1,411,6.2,11.7,0.526,0.2,0.6,0.4,5.9,11.1,0.533,2.9,3.4,0.857,7.4,12.0,19.3,1.0,0.6,1.7,2.4,5.1,15.5,,120.0,105
Wenyen Gabriel,7,0,47,5.2,13.5,0.385,2.1,5.2,0.4,3.1,8.3,0.375,2.1,4.1,0.5,5.2,10.4,15.5,2.1,1.0,2.1,3.1,11.4,14.5,,96.0,107
Wenyen Gabriel,1,0,1,0.0,0.0,,0.0,0.0,,0.0,0.0,,0.0,0.0,,0.0,48.5,48.5,0.0,0.0,0.0,0.0,0.0,0.0,,,90
Wenyen Gabriel,6,0,46,5.3,13.8,0.385,2.1,5.3,0.4,3.2,8.5,0.375,2.1,4.2,0.5,5.3,9.5,14.8,2.1,1.1,2.1,3.2,11.6,14.8,,96.0,107
Daniel Gafford,48,46,988,9.1,13.4,0.678,0.0,0.0,,9.1,13.4,0.678,3.3,4.3,0.756,5.4,9.0,14.4,2.4,1.0,3.7,2.2,5.7,21.4,,133.0,109
Danilo Gallinari,43,1,997,6.9,16.3,0.421,3.3,8.5,0.387,3.6,7.7,0.459,4.7,5.1,0.913,1.1,8.3,9.4,3.0,1.0,0.4,1.3,3.2,21.7,,120.0,115
Langston Galloway,7,0,107,2.7,11.8,0.231,0.9,7.2,0.125,1.8,4.5,0.4,0.0,0.0,,1.4,6.8,8.1,5.4,0.5,0.0,2.7,3.2,6.3,,69.0,115
Langston Galloway,4,0,58,4.2,10.9,0.385,1.7,6.7,0.25,2.5,4.2,0.6,0.0,0.0,,0.8,5.9,6.7,4.2,0.0,0.0,4.2,4.2,10.0,,80.0,117
Langston Galloway,3,0,49,1.0,12.8,0.077,0.0,7.9,0.0,1.0,4.9,0.2,0.0,0.0,,2.0,7.9,9.9,6.9,1.0,0.0,1.0,2.0,2.0,,56.0,112
Darius Garland,45,45,1556,11.0,23.1,0.474,3.7,9.7,0.375,7.3,13.4,0.547,3.1,3.5,0.907,0.7,4.1,4.8,11.7,1.8,0.1,5.3,2.5,28.7,,111.0,109
Marcus Garrett,12,0,128,2.0,8.2,0.238,0.4,1.6,0.25,1.6,6.7,0.235,0.8,2.0,0.4,3.5,5.5,9.0,2.7,2.0,1.2,0.8,6.3,5.1,,89.0,108
Usman Garuba,15,0,105,3.6,10.9,0.333,0.9,5.9,0.154,2.7,5.0,0.545,0.5,0.9,0.5,4.1,11.3,15.4,3.6,3.2,2.7,1.4,4.1,8.6,,98.0,107
Luka Garza,27,5,327,7.6,17.4,0.436,1.9,5.9,0.325,5.6,11.4,0.494,4.0,6.2,0.643,7.0,5.4,12.3,2.2,1.2,0.6,2.4,6.8,21.1,,110.0,115
Rudy Gay,35,1,699,7.5,18.0,0.418,3.4,10.1,0.34,4.1,7.9,0.518,3.4,4.3,0.79,2.5,8.9,11.4,2.7,1.4,0.8,2.1,4.6,21.9,,113.0,109
Paul George,26,26,924,12.3,29.3,0.421,3.7,11.4,0.323,8.6,17.9,0.484,5.4,6.2,0.88,0.6,9.2,9.8,7.5,2.8,0.5,5.7,3.4,33.8,,98.0,105
Taj Gibson,35,4,627,3.9,7.6,0.516,0.5,1.4,0.333,3.4,6.2,0.558,1.8,2.5,0.742,4.2,7.7,11.9,1.8,1.3,2.2,1.8,7.6,10.2,,119.0,109
Josh Giddey,49,49,1535,8.0,19.1,0.416,1.6,6.3,0.253,6.4,12.8,0.498,1.5,2.1,0.697,2.8,9.1,11.9,9.7,1.5,0.6,4.8,2.6,19.0,,97.0,109
Shai Gilgeous-Alexander,43,43,1487,11.0,26.0,0.424,2.2,8.0,0.278,8.8,18.1,0.488,8.0,9.8,0.811,1.0,5.7,6.7,7.8,1.6,1.1,3.4,3.3,32.2,,108.0,110
Anthony Gill,21,0,121,7.4,11.0,0.667,2.0,2.9,0.714,5.3,8.2,0.65,4.9,5.7,0.857,3.3,7.0,10.2,3.3,0.4,1.2,2.0,7.8,21.7,,146.0,114
Freddie Gillespie,9,2,119,3.7,9.0,0.409,0.0,0.4,0.0,3.7,8.6,0.429,1.2,2.9,0.429,5.3,9.4,14.7,2.0,1.2,3.7,2.0,7.3,8.6,,96.0,108
Rudy Gobert,42,42,1364,8.5,12.0,0.707,0.0,0.1,0.0,8.5,12.0,0.712,7.0,10.2,0.69,5.5,17.2,22.8,1.8,1.2,3.4,2.8,4.0,24.1,,137.0,101
Brandon Goodwin,15,3,251,6.6,16.9,0.388,2.4,6.4,0.375,4.2,10.5,0.396,1.4,2.8,0.5,1.4,6.0,7.3,9.7,3.2,0.0,3.4,4.4,16.9,,101.0,104
Jordan Goodwin,2,0,6,0.0,24.7,0.0,0.0,8.2,0.0,0.0,16.5,0.0,0.0,0.0,,0.0,8.2,8.2,0.0,0.0,0.0,0.0,8.2,0.0,,0.0,116
Aaron Gordon,49,49,1555,8.8,17.0,0.52,1.8,5.5,0.337,7.0,11.5,0.607,3.4,4.7,0.733,2.7,6.2,8.9,4.0,1.0,0.9,2.7,2.9,22.9,,115.0,112
Eric Gordon,45,34,1326,8.1,16.4,0.491,3.6,8.4,0.427,4.5,8.0,0.558,3.1,4.1,0.757,0.5,2.7,3.2,4.9,0.8,0.6,3.2,1.7,22.9,,113.0,120
Devonte' Graham,50,50,1563,7.1,19.5,0.363,4.6,13.2,0.348,2.5,6.2,0.396,2.8,3.3,0.845,0.7,3.3,4.0,7.2,1.5,0.3,2.5,2.2,21.5,,107.0,115
Jerami Grant,29,29,945,9.4,23.1,0.404,2.6,7.9,0.331,6.7,15.2,0.443,7.2,8.6,0.832,1.2,5.6,6.7,3.8,1.4,1.5,3.0,3.3,28.5,,104.0,113
Hassani Gravett,8,3,171,5.1,10.8,0.474,3.1,7.4,0.423,2.0,3.4,0.583,0.9,1.1,0.75,0.3,5.7,6.0,5.7,1.4,0.3,2.6,3.7,14.2,,113.0,114
Danny Green,36,23,842,5.0,12.1,0.412,3.9,10.2,0.386,1.1,2.0,0.545,0.5,0.6,0.9,1.1,4.3,5.5,2.1,2.4,1.6,2.0,3.7,14.4,,105.0,109
Draymond Green,34,34,1018,5.2,9.6,0.537,0.6,2.0,0.286,4.6,7.6,0.604,1.9,3.2,0.597,1.8,10.5,12.3,12.0,2.3,2.0,5.1,4.5,12.8,,110.0,100
Jalen Green,39,39,1178,7.5,19.8,0.377,2.8,9.6,0.29,4.7,10.2,0.458,4.8,5.7,0.838,0.6,4.6,5.3,3.8,0.9,0.2,3.6,2.3,22.6,,96.0,119
JaMychal Green,41,7,604,7.5,16.4,0.46,1.9,7.1,0.264,5.7,9.3,0.611,3.9,4.5,0.873,3.1,9.0,12.1,2.9,2.5,1.4,3.0,7.5,20.9,,109.0,106
Javonte Green,39,28,922,5.3,10.2,0.526,0.8,2.8,0.283,4.6,7.4,0.619,3.1,3.8,0.819,3.2,5.5,8.7,2.3,1.9,1.2,1.1,4.4,14.6,,130.0,111
Jeff Green,50,38,1228,7.5,14.7,0.514,1.5,4.5,0.321,6.1,10.2,0.599,4.2,5.1,0.817,1.1,5.2,6.3,2.4,0.6,0.8,1.9,4.5,20.7,,116.0,114
Josh Green,40,0,553,6.5,12.6,0.518,0.9,2.9,0.313,5.6,9.7,0.579,2.3,3.2,0.714,2.4,5.1,7.5,4.6,2.4,0.7,1.8,5.8,16.2,,118.0,107
Blake Griffin,43,22,799,6.6,16.0,0.413,1.7,7.4,0.23,4.9,8.6,0.57,2.7,3.6,0.733,3.1,8.6,11.7,5.6,1.4,0.7,1.3,4.8,17.6,,114.0,112
Quentin Grimes,35,2,556,6.3,15.5,0.407,4.7,12.3,0.382,1.6,3.3,0.5,0.7,1.0,0.727,1.4,4.1,5.5,3.0,2.1,0.5,2.0,4.2,18.1,,110.0,111
Kyle Guy,14,0,175,7.5,17.2,0.433,4.0,10.0,0.4,3.4,7.2,0.48,2.0,2.9,0.7,0.6,3.2,3.7,4.9,2.0,0.3,3.4,3.4,20.9,,104.0,110
Rui Hachimura,14,0,250,8.1,18.6,0.436,2.2,5.7,0.379,5.9,12.9,0.462,3.2,4.2,0.762,1.0,9.1,10.1,2.6,0.8,0.6,1.8,2.8,21.6,,104.0,113
Tyrese Haliburton,51,51,1757,7.3,16.1,0.457,2.9,6.9,0.413,4.5,9.2,0.491,2.4,2.9,0.837,1.1,4.4,5.5,10.4,2.4,0.9,3.2,1.9,19.9,,117.0,114
Tyler Hall,1,0,2,0.0,0.0,,0.0,0.0,,0.0,0.0,,0.0,0.0,,0.0,0.0,0.0,0.0,0.0,0.0,0.0,0.0,0.0,,,119
R.J. Hampton,42,1,815,6.4,16.7,0.382,2.3,6.4,0.364,4.1,10.3,0.393,2.9,4.7,0.608,0.8,6.4,7.3,6.1,1.7,0.5,3.3,3.7,17.9,,94.0,113
Tim Hardaway Jr.,42,20,1245,8.4,21.3,0.394,4.1,12.2,0.336,4.3,9.1,0.473,3.1,4.1,0.757,0.5,5.8,6.3,3.7,1.5,0.2,1.4,3.0,24.1,,106.0,109
James Harden,44,44,1627,8.7,21.0,0.414,3.0,9.1,0.332,5.7,11.9,0.476,9.1,10.4,0.869,1.3,9.2,10.5,13.3,1.7,0.9,6.3,3.1,29.5,,111.0,110
Maurice Harkless,38,19,737,4.7,10.6,0.444,1.8,5.9,0.297,2.9,4.6,0.634,1.0,1.4,0.714,0.8,5.3,6.1,1.4,1.6,1.4,1.8,4.2,12.2,,100.0,115
Jared Harper,2,0,10,14.9,34.7,0.429,5.0,9.9,0.5,9.9,24.8,0.4,0.0,0.0,,5.0,0.0,5.0,14.9,0.0,5.0,5.0,9.9,34.7,,109.0,114
Montrezl Harrell,46,3,1117,10.9,17.0,0.645,0.2,0.7,0.267,10.8,16.3,0.66,6.6,9.1,0.727,4.3,9.4,13.7,4.3,0.8,1.4,2.2,3.9,28.7,,134.0,112
Gary Harris,48,30,1416,6.9,15.6,0.444,3.2,8.1,0.388,3.8,7.5,0.505,2.2,2.6,0.844,1.0,2.6,3.6,3.1,1.4,0.3,1.7,3.2,19.2,,111.0,116
Joe Harris,14,14,423,6.4,14.2,0.452,4.7,10.1,0.466,1.7,4.1,0.417,0.6,0.7,0.833,0.6,5.8,6.4,1.6,0.8,0.2,1.8,3.6,18.1,,111.0,115
Tobias Harris,45,45,1595,10.5,21.5,0.488,1.7,4.9,0.346,8.8,16.6,0.53,4.4,5.1,0.853,1.6,8.8,10.4,5.3,0.9,0.9,2.6,2.9,27.0,,113.0,110
Shaquille Harrison,2,0,23,4.2,12.6,0.333,0.0,4.2,0.0,4.2,8.4,0.5,0.0,0.0,,2.1,6.3,8.4,6.3,2.1,2.1,4.2,6.3,8.4,,75.0,110
Josh Hart,41,40,1374,7.0,13.9,0.505,1.5,4.7,0.323,5.5,9.2,0.598,4.2,5.6,0.753,1.9,9.6,11.5,6.1,1.6,0.4,2.9,4.3,19.8,,117.0,111
Isaiah Hartenstein,42,0,674,9.6,15.4,0.624,0.2,0.4,0.5,9.4,15.0,0.628,3.5,5.2,0.681,4.8,8.2,13.0,5.6,2.2,3.3,3.2,7.5,23.0,,124.0,104
Udonis Haslem,9,0,57,9.7,19.4,0.5,0.9,1.8,0.5,8.8,17.6,0.5,2.6,2.6,1.0,3.5,12.3,15.9,2.6,0.9,0.9,2.6,9.7,22.9,,110.0,106
Sam Hauser,10,0,41,4.8,17.0,0.286,4.8,17.0,0.286,0.0,0.0,,0.0,0.0,,1.2,6.1,7.3,1.2,1.2,1.2,0.0,4.8,14.5,,97.0,107
Jaxson Hayes,42,4,688,9.6,15.2,0.63,0.5,1.8,0.28,9.1,13.4,0.677,5.8,7.6,0.771,4.1,8.1,12.2,1.4,1.2,2.3,2.3,6.8,25.5,,130.0,110
Killian Hayes,42,33,1052,4.6,12.7,0.365,1.4,5.0,0.278,3.2,7.7,0.422,1.8,2.2,0.809,0.9,4.9,5.8,7.7,2.1,1.1,3.3,5.0,12.4,,94.0,113
Gordon Hayward,48,48,1547,8.7,18.9,0.46,2.6,6.7,0.39,6.1,12.1,0.499,3.9,4.6,0.846,1.2,5.7,6.8,5.3,1.4,0.7,2.5,2.6,23.9,,113.0,115
Aaron Henry,6,0,17,2.9,14.7,0.2,0.0,2.9,0.0,2.9,11.8,0.25,0.0,0.0,,0.0,2.9,2.9,0.0,0.0,5.9,5.9,5.9,5.9,,29.0,110
Juancho Hernangómez,23,0,147,2.3,11.0,0.212,1.0,7.0,0.143,1.3,4.0,0.333,3.0,4.3,0.692,4.3,9.0,13.4,2.0,1.7,1.0,2.7,2.3,8.7,,81.0,107
Juancho Hernangómez,18,0,96,2.6,14.0,0.185,1.6,9.3,0.167,1.0,4.7,0.222,3.1,4.7,0.667,4.7,8.3,12.9,1.6,2.1,1.0,3.1,3.6,9.8,,74.0,104
Juancho Hernangómez,5,0,51,1.9,5.7,0.333,0.0,2.8,0.0,1.9,2.8,0.667,2.8,3.8,0.75,3.8,10.4,14.2,2.8,0.9,0.9,1.9,0.0,6.6,,104.0,111
Willy Hernangómez,28,6,467,10.4,19.4,0.536,0.3,0.7,0.429,10.1,18.7,0.54,6.2,8.2,0.753,8.3,12.8,21.1,3.9,1.1,1.0,3.0,5.5,27.3,,122.0,110
Tyler Herro,45,10,1480,11.4,26.6,0.428,3.9,10.4,0.378,7.5,16.2,0.46,4.0,4.5,0.873,0.9,6.4,7.3,6.1,1.0,0.3,4.3,2.3,30.7,,103.0,111
Buddy Hield,55,6,1574,8.1,21.2,0.382,5.6,15.1,0.368,2.5,6.1,0.419,2.4,2.8,0.87,1.3,5.4,6.8,3.2,1.5,0.5,2.8,3.5,24.2,,104.0,116
Haywood Highsmith,4,0,42,4.8,9.6,0.5,4.8,8.4,0.571,0.0,1.2,0.0,0.0,0.0,,2.4,3.6,6.0,0.0,0.0,1.2,0.0,3.6,14.3,,152.0,113
George Hill,41,16,1044,4.7,10.8,0.436,1.7,5.4,0.316,3.0,5.4,0.556,2.2,2.3,0.96,1.6,4.5,6.1,4.7,1.5,0.3,1.6,2.6,13.4,,119.0,112
Malcolm Hill,14,0,176,5.8,11.9,0.488,3.3,8.1,0.414,2.5,3.9,0.643,2.8,3.3,0.833,2.8,4.7,7.5,1.1,1.7,0.8,0.6,5.6,17.8,,136.0,113
Malcolm Hill,3,0,46,5.3,8.6,0.625,3.2,5.3,0.6,2.1,3.2,0.667,4.3,4.3,1.0,2.1,4.3,6.4,1.1,4.3,1.1,0.0,7.5,18.2,,182.0,109
Malcolm Hill,11,0,130,6.0,13.1,0.457,3.4,9.0,0.375,2.6,4.1,0.636,2.3,3.0,0.75,3.0,4.9,7.9,1.1,0.8,0.8,0.8,4.9,17.6,,126.0,115
Solomon Hill,13,1,139,1.1,7.1,0.15,0.7,4.6,0.154,0.4,2.5,0.143,0.0,0.0,,2.1,6.0,8.1,4.2,1.4,0.7,0.4,5.7,2.8,,86.0,115
Nate Hinton,2,0,2,0.0,24.7,0.0,0.0,0.0,,0.0,24.7,0.0,0.0,0.0,,0.0,0.0,0.0,0.0,0.0,0.0,24.7,0.0,0.0,,0.0,122
Jaylen Hoard,1,0,2,0.0,24.6,0.0,0.0,0.0,,0.0,24.6,0.0,0.0,0.0,,24.6,24.6,49.1,0.0,0.0,0.0,0.0,0.0,0.0,,61.0,104
Aaron Holiday,41,14,663,7.5,16.0,0.467,1.7,5.0,0.343,5.7,11.0,0.524,2.1,2.6,0.8,0.7,4.3,5.0,5.8,1.8,0.7,2.9,4.5,18.7,,104.0,113
Jrue Holiday,43,40,1408,10.6,21.0,0.503,2.6,6.7,0.395,7.9,14.3,0.554,2.6,3.4,0.76,1.4,5.5,6.9,9.9,2.2,0.8,4.0,2.7,26.4,,116.0,109
Justin Holiday,50,41,1446,6.5,16.0,0.409,4.3,11.7,0.371,2.2,4.3,0.512,1.2,1.5,0.837,0.6,4.0,4.7,3.2,1.3,0.6,1.8,3.6,18.7,,109.0,116
Justin Holiday,49,40,1416,6.6,16.0,0.415,4.4,11.7,0.378,2.2,4.3,0.516,1.2,1.4,0.829,0.6,4.1,4.7,3.1,1.3,0.6,1.7,3.7,18.8,,111.0,116
Justin Holiday,1,1,30,3.2,17.7,0.182,0.0,9.6,0.0,3.2,8.0,0.4,3.2,3.2,1.0,1.6,1.6,3.2,6.4,3.2,1.6,8.0,3.2,9.6,,54.0,113
Richaun Holmes,38,37,963,9.3,13.6,0.684,0.1,0.3,0.4,9.2,13.4,0.689,3.3,4.3,0.765,4.3,10.5,14.7,2.3,0.8,1.9,2.5,5.8,22.0,,130.0,113
Rodney Hood,39,0,581,3.8,10.9,0.351,2.0,6.7,0.3,1.8,4.2,0.431,1.1,1.2,0.929,1.1,4.5,5.6,2.5,1.0,0.3,0.6,2.2,10.7,,107.0,113
Scotty Hopson,1,0,18,5.5,10.9,0.5,0.0,2.7,0.0,5.5,8.2,0.667,0.0,0.0,,0.0,2.7,2.7,2.7,0.0,0.0,5.5,2.7,10.9,,69.0,117
Al Horford,47,47,1335,6.6,15.2,0.435,2.0,7.0,0.293,4.5,8.2,0.557,2.3,2.8,0.84,2.8,10.3,13.1,6.0,1.0,2.3,1.8,3.4,17.6,,117.0,104
Talen Horton-Tucker,40,15,1028,6.7,16.4,0.41,1.5,5.5,0.269,5.2,10.8,0.483,2.7,3.4,0.797,1.1,4.9,6.0,4.9,1.7,0.9,2.8,4.6,17.7,,98.0,112
Danuel House Jr.,24,2,371,5.7,14.8,0.386,2.6,7.7,0.339,3.1,7.1,0.436,3.5,4.3,0.818,1.0,6.9,7.9,3.9,1.3,1.0,2.9,3.2,17.5,,102.0,114
Danuel House Jr.,16,1,233,5.1,15.1,0.338,2.0,6.9,0.294,3.1,8.2,0.375,3.5,3.9,0.895,0.8,8.0,8.8,3.9,1.0,1.0,3.7,3.3,15.7,,89.0,116
Danuel House Jr.,1,0,3,0.0,16.7,0.0,0.0,16.7,0.0,0.0,0.0,,0.0,0.0,,0.0,0.0,0.0,0.0,0.0,0.0,0.0,0.0,0.0,,0.0,119
Danuel House Jr.,7,1,135,6.9,14.2,0.487,3.6,8.7,0.417,3.3,5.4,0.6,3.6,5.1,0.714,1.5,5.1,6.5,4.0,1.8,1.1,1.5,3.3,21.1,,131.0,110
Dwight Howard,41,11,594,6.2,10.0,0.621,0.5,0.7,0.667,5.7,9.3,0.617,4.2,6.9,0.612,6.4,11.6,18.0,1.8,2.3,2.0,2.7,6.5,17.1,,125.0,105
Markus Howard,22,0,134,10.0,27.0,0.37,8.5,19.6,0.434,1.5,7.4,0.2,4.8,5.2,0.929,0.0,2.2,2.2,2.2,2.6,0.0,2.2,4.1,33.3,,106.0,112
Kevin Huerter,47,33,1367,7.7,16.6,0.463,3.2,8.5,0.377,4.5,8.1,0.554,1.0,1.3,0.8,0.7,4.6,5.4,4.8,1.0,0.5,2.3,3.7,19.5,,110.0,117
Jay Huff,4,0,20,0.0,7.2,0.0,0.0,4.8,0.0,0.0,2.4,0.0,0.0,0.0,,2.4,7.2,9.6,2.4,2.4,2.4,2.4,2.4,0.0,,34.0,107
Elijah Hughes,14,1,112,6.6,15.8,0.417,4.4,12.3,0.357,2.2,3.5,0.625,1.3,1.3,1.0,0.9,6.6,7.4,2.6,1.8,0.4,3.1,3.1,18.8,,104.0,110
De'Andre Hunter,26,25,747,8.2,18.0,0.453,2.4,6.0,0.407,5.7,12.1,0.475,3.6,5.1,0.701,0.7,5.2,5.9,2.2,1.1,0.7,2.5,4.9,22.3,,103.0,116
Chandler Hutchison,6,0,22,2.2,4.4,0.5,0.0,0.0,,2.2,4.4,0.5,4.4,4.4,1.0,0.0,11.0,11.0,4.4,0.0,0.0,8.8,2.2,8.8,,68.0,109
Bones Hyland,42,0,742,8.1,22.2,0.366,4.7,13.6,0.348,3.4,8.6,0.395,3.2,3.6,0.889,0.5,7.1,7.5,5.5,1.3,0.9,3.3,5.8,24.2,,99.0,111
Serge Ibaka,35,10,538,8.5,17.4,0.49,2.2,5.6,0.387,6.3,11.8,0.538,1.8,2.6,0.69,3.6,10.0,13.6,3.3,0.6,2.4,3.0,5.1,21.0,,108.0,108
Andre Iguodala,26,0,518,3.8,9.6,0.392,1.3,5.7,0.23,2.4,3.9,0.634,1.2,1.5,0.813,1.8,6.3,8.1,9.3,2.1,2.0,2.2,2.4,10.1,,117.0,103
Joe Ingles,45,15,1122,5.0,12.5,0.404,3.4,9.8,0.347,1.6,2.6,0.617,0.7,1.0,0.773,0.5,5.2,5.7,6.9,1.0,0.2,2.0,3.6,14.2,,116.0,113
Brandon Ingram,40,40,1379,12.0,26.6,0.45,2.3,6.5,0.348,9.7,20.1,0.483,6.7,8.2,0.82,1.0,7.3,8.3,7.8,1.0,0.7,3.8,2.9,32.9,,109.0,114
Kyrie Irving,12,12,427,12.3,26.9,0.456,3.3,9.0,0.367,9.0,17.9,0.5,3.7,4.1,0.917,0.9,5.6,6.5,7.3,1.5,0.8,3.3,3.2,31.6,,109.0,113
Wes Iwundu,3,1,82,4.8,10.8,0.444,1.8,3.0,0.6,3.0,7.8,0.385,1.8,2.4,0.75,1.8,6.0,7.8,0.0,0.6,0.0,0.6,4.8,13.2,,114.0,118
Frank Jackson,41,5,931,8.5,20.1,0.422,3.9,11.9,0.33,4.5,8.2,0.554,3.0,3.8,0.792,0.7,2.8,3.6,2.0,1.0,0.5,1.7,3.8,23.8,,106.0,117
Isaiah Jackson,19,2,181,10.9,20.7,0.526,0.8,1.9,0.429,10.1,18.8,0.536,5.7,8.4,0.677,6.3,8.4,14.7,1.9,2.2,4.1,2.7,9.5,28.3,,116.0,107
Jaren Jackson Jr.,55,55,1536,10.0,23.6,0.424,3.0,9.3,0.318,7.1,14.3,0.492,6.1,7.6,0.802,2.6,7.7,10.3,1.8,1.8,3.9,2.9,5.8,29.1,,108.0,105
Josh Jackson,39,3,707,7.1,17.3,0.41,2.1,7.8,0.265,5.0,9.5,0.529,2.8,3.9,0.714,1.2,7.3,8.5,3.4,1.4,1.2,2.6,4.9,19.0,,97.0,113
Justin Jackson,7,0,37,6.5,19.6,0.333,3.9,11.8,0.333,2.6,7.9,0.333,2.6,2.6,1.0,1.3,7.9,9.2,2.6,0.0,0.0,1.3,3.9,19.6,,100.0,111
Justin Jackson,1,0,2,0.0,24.9,0.0,0.0,0.0,,0.0,24.9,0.0,49.7,49.7,1.0,0.0,0.0,0.0,0.0,0.0,0.0,0.0,0.0,49.7,,125.0,116
Justin Jackson,6,0,35,6.9,19.4,0.357,4.1,12.4,0.333,2.8,6.9,0.4,0.0,0.0,,1.4,8.3,9.7,2.8,0.0,0.0,1.4,4.1,18.0,,97.0,110
Reggie Jackson,52,52,1586,9.9,25.1,0.394,3.8,11.4,0.331,6.1,13.7,0.446,2.8,3.2,0.857,0.8,4.6,5.3,6.5,1.2,0.2,3.5,3.1,26.3,,98.0,113
LeBron James,39,39,1430,14.4,27.4,0.526,3.6,10.2,0.354,10.8,17.2,0.628,5.5,7.3,0.753,1.4,8.7,10.1,8.4,2.1,1.3,4.2,2.9,37.9,,118.0,108
DeJon Jarreau,1,0,1,0.0,0.0,,0.0,0.0,,0.0,0.0,,0.0,0.0,,0.0,0.0,0.0,0.0,0.0,0.0,0.0,0.0,0.0,,,122
DaQuan Jeffries,3,0,9,5.4,10.7,0.5,0.0,5.4,0.0,5.4,5.4,1.0,0.0,0.0,,0.0,10.7,10.7,5.4,0.0,0.0,0.0,5.4,10.7,,124.0,113
Ty Jerome,45,4,745,7.8,20.3,0.386,3.4,11.5,0.293,4.5,8.8,0.507,2.3,2.8,0.833,1.2,3.6,4.7,6.5,1.8,0.3,2.2,4.6,21.4,,104.0,112
Isaiah Joe,38,1,491,5.0,14.1,0.355,3.6,10.8,0.33,1.4,3.3,0.438,2.0,2.1,0.952,0.5,4.1,4.6,2.9,1.0,0.2,1.3,3.9,15.6,,104.0,114
Alize Johnson,19,0,139,4.9,10.2,0.483,0.0,1.4,0.0,4.9,8.8,0.56,1.4,2.8,0.5,7.4,9.5,16.9,2.8,1.1,0.0,3.9,5.3,11.3,,102.0,113
Alize Johnson,16,0,121,4.8,9.3,0.522,0.0,0.8,0.0,4.8,8.5,0.571,1.6,2.8,0.571,6.5,8.1,14.5,3.2,1.2,0.0,3.2,6.1,11.3,,110.0,113
Alize Johnson,3,0,18,5.5,16.5,0.333,0.0,5.5,0.0,5.5,11.0,0.5,0.0,2.7,0.0,13.7,19.2,33.0,0.0,0.0,0.0,8.2,0.0,11.0,,71.0,110
B.J. Johnson,4,0,65,8.2,18.7,0.44,3.0,7.5,0.4,5.2,11.2,0.467,0.0,0.0,,4.5,6.7,11.2,0.0,0.0,0.7,0.0,3.0,19.4,,112.0,116
Cameron Johnson,51,10,1327,7.6,16.6,0.456,4.6,10.8,0.429,3.0,5.8,0.506,2.3,2.7,0.849,1.1,6.7,7.8,2.3,1.6,0.4,1.1,3.2,22.1,,122.0,107
David Johnson,2,0,2,0.0,25.0,0.0,0.0,25.0,0.0,0.0,0.0,,0.0,0.0,,0.0,0.0,0.0,0.0,0.0,0.0,0.0,0.0,0.0,,0.0,120
Jalen Johnson,13,0,58,7.6,16.1,0.474,2.5,5.9,0.429,5.1,10.2,0.5,3.4,5.1,0.667,0.0,12.7,12.7,0.8,0.0,0.0,2.5,2.5,21.2,,101.0,116
James Johnson,39,5,735,6.3,12.9,0.485,0.9,3.0,0.283,5.4,9.9,0.547,0.7,1.9,0.379,2.5,6.5,9.0,4.9,1.3,1.0,1.8,5.9,14.1,,109.0,113
Joe Johnson,1,0,2,24.9,24.9,1.0,0.0,0.0,,24.9,24.9,1.0,0.0,0.0,,0.0,0.0,0.0,0.0,0.0,0.0,0.0,0.0,49.7,,200.0,116
Keldon Johnson,51,50,1588,9.0,19.3,0.466,2.9,6.8,0.427,6.1,12.4,0.488,3.0,4.2,0.715,1.6,7.8,9.4,2.8,1.1,0.2,2.0,2.8,23.8,,110.0,113
Keon Johnson,15,0,135,6.1,18.4,0.333,1.1,4.0,0.273,5.1,14.4,0.35,5.8,7.6,0.762,2.2,5.4,7.6,4.7,2.5,0.7,2.5,7.6,19.1,,95.0,108
Stanley Johnson,22,12,492,5.4,11.0,0.487,1.6,4.9,0.32,3.8,6.1,0.619,2.0,3.0,0.677,1.5,5.6,7.1,2.7,1.7,1.0,1.3,6.3,14.3,,116.0,111
Tyler Johnson,6,0,91,3.2,10.8,0.3,2.7,7.0,0.385,0.5,3.8,0.143,0.0,0.0,,1.6,4.8,6.5,3.8,1.6,1.6,1.1,3.8,9.1,,98.0,111
Tyler Johnson,3,0,38,5.3,13.2,0.4,4.0,9.2,0.429,1.3,4.0,0.333,0.0,0.0,,1.3,6.6,7.9,2.6,1.3,1.3,1.3,5.3,14.5,,108.0,110
Tyler Johnson,3,0,53,1.8,9.1,0.2,1.8,5.5,0.333,0.0,3.6,0.0,0.0,0.0,,1.8,3.6,5.5,4.5,1.8,1.8,0.9,2.7,5.5,,88.0,112
Nikola Jokić,48,48,1580,14.9,25.7,0.578,2.4,6.3,0.375,12.5,19.4,0.644,6.8,8.3,0.816,4.0,16.5,20.5,11.8,2.1,1.1,5.5,3.8,38.9,,126.0,104
Carlik Jones,5,0,23,2.2,19.6,0.111,0.0,2.2,0.0,2.2,17.4,0.125,4.3,4.3,1.0,2.2,4.3,6.5,10.9,2.2,0.0,6.5,0.0,8.7,,56.0,109
Carlik Jones,3,0,19,0.0,18.5,0.0,0.0,2.6,0.0,0.0,15.8,0.0,5.3,5.3,1.0,2.6,5.3,7.9,13.2,2.6,0.0,7.9,0.0,5.3,,51.0,107
Carlik Jones,2,0,4,12.4,24.8,0.5,0.0,0.0,,12.4,24.8,0.5,0.0,0.0,,0.0,0.0,0.0,0.0,0.0,0.0,0.0,0.0,24.8,,96.0,119
Damian Jones,37,5,564,7.7,12.0,0.638,0.4,1.2,0.357,7.3,10.8,0.669,4.1,5.6,0.727,4.4,8.0,12.5,3.6,0.9,2.0,3.2,6.5,19.9,,125.0,114
Derrick Jones Jr.,31,8,533,6.5,11.2,0.582,1.4,3.4,0.405,5.1,7.8,0.659,3.6,4.2,0.848,3.4,6.1,9.5,1.5,1.4,2.1,1.5,6.5,17.9,,134.0,111
Herbert Jones,51,42,1520,6.1,12.2,0.496,1.1,3.2,0.361,4.9,9.1,0.543,2.6,3.2,0.835,2.1,4.4,6.5,3.4,2.5,1.4,1.9,5.0,15.9,,116.0,111
Jemerrio Jones,2,0,15,6.4,9.6,0.667,0.0,0.0,,6.4,9.6,0.667,0.0,0.0,,6.4,3.2,9.6,0.0,3.2,0.0,0.0,6.4,12.8,,151.0,110
Kai Jones,16,0,46,6.2,9.3,0.667,1.0,2.1,0.5,5.2,7.3,0.714,1.0,4.2,0.25,2.1,6.2,8.3,4.2,0.0,0.0,5.2,5.2,14.5,,95.0,118
Mason Jones,2,0,9,10.6,42.6,0.25,0.0,10.6,0.0,10.6,31.9,0.333,5.3,10.6,0.5,5.3,5.3,10.6,0.0,5.3,0.0,5.3,5.3,26.6,,60.0,104
Tre Jones,43,4,575,7.1,14.2,0.5,0.3,1.6,0.158,6.9,12.6,0.543,2.8,3.2,0.895,1.4,5.2,6.6,8.5,1.5,0.0,2.0,3.3,17.3,,119.0,114
Tyus Jones,49,13,1011,7.5,16.2,0.463,2.1,5.9,0.366,5.3,10.3,0.519,1.7,1.9,0.875,0.6,5.4,6.1,9.6,2.1,0.1,1.7,1.0,18.8,,124.0,111
DeAndre Jordan,31,19,399,7.1,10.6,0.67,0.0,0.0,,7.1,10.6,0.67,1.4,3.0,0.48,5.9,14.4,20.3,1.6,1.2,3.0,2.4,6.0,15.6,,123.0,104
Cory Joseph,43,17,1031,5.8,12.8,0.458,2.1,4.9,0.437,3.7,7.9,0.47,3.2,3.7,0.848,0.8,4.1,5.0,7.7,1.4,0.5,3.0,4.2,17.0,,114.0,116
Georgios Kalaitzakis,9,0,48,5.0,11.1,0.455,2.0,4.0,0.5,3.0,7.1,0.429,4.0,9.1,0.444,4.0,4.0,8.1,0.0,1.0,1.0,4.0,8.1,16.1,,93.0,112
Frank Kaminsky,9,0,181,9.6,17.6,0.545,1.3,4.0,0.333,8.3,13.6,0.608,4.8,5.3,0.9,2.9,8.0,11.0,3.5,2.1,1.9,1.3,3.7,25.4,,130.0,103
Luke Kennard,46,10,1294,7.0,16.1,0.436,4.6,10.8,0.43,2.4,5.4,0.448,1.7,1.9,0.882,0.4,5.8,6.2,3.8,1.1,0.2,1.4,2.7,20.4,,117.0,112
Braxton Key,2,0,6,8.3,16.7,0.5,0.0,8.3,0.0,8.3,8.3,1.0,0.0,0.0,,8.3,8.3,16.7,8.3,8.3,0.0,16.7,8.3,16.7,,71.0,95
George King,4,0,19,0.0,13.2,0.0,0.0,10.6,0.0,0.0,2.6,0.0,2.6,5.3,0.5,0.0,13.2,13.2,0.0,0.0,0.0,2.6,10.6,2.6,,17.0,108
Louis King,10,0,104,6.9,21.8,0.319,3.7,12.5,0.296,3.2,9.3,0.35,3.2,4.6,0.7,0.0,5.6,5.6,4.2,0.9,0.5,0.0,6.5,20.8,,101.0,117
Corey Kispert,48,7,890,6.1,13.9,0.436,2.5,7.9,0.317,3.6,6.0,0.593,2.0,2.3,0.878,1.7,4.8,6.5,2.3,0.8,0.7,1.2,2.4,16.6,,113.0,115
Maxi Kleber,38,20,952,5.2,12.2,0.424,3.4,9.0,0.374,1.8,3.2,0.567,1.4,1.8,0.771,2.3,9.5,11.8,2.3,1.0,2.0,1.5,4.5,15.1,,115.0,106
Brandon Knight,3,0,54,8.4,18.6,0.45,3.7,12.1,0.308,4.6,6.5,0.714,7.4,7.4,1.0,0.0,6.5,6.5,7.4,0.9,0.0,3.7,4.6,27.8,,120.0,110
Nathan Knight,28,2,194,6.7,13.8,0.482,0.5,2.0,0.25,6.2,11.9,0.521,7.9,11.1,0.711,5.4,9.1,14.6,3.5,1.0,1.7,3.0,7.2,21.7,,119.0,110
Kevin Knox,19,0,153,6.5,18.0,0.364,3.6,12.4,0.289,2.9,5.5,0.529,2.3,3.3,0.7,2.6,6.9,9.5,2.0,1.0,0.3,2.3,2.6,18.9,,98.0,114
Kevin Knox,13,0,111,6.8,18.1,0.375,4.5,12.7,0.357,2.3,5.4,0.417,3.2,4.5,0.7,3.6,6.3,10.0,1.4,0.9,0.5,2.3,2.3,21.3,,107.0,113
Kevin Knox,6,0,42,5.9,17.6,0.333,1.2,11.7,0.1,4.7,5.9,0.8,0.0,0.0,,0.0,8.2,8.2,3.5,1.2,0.0,2.3,3.5,12.9,,75.0,115
John Konchar,48,6,884,4.7,9.4,0.506,1.9,4.5,0.422,2.8,4.9,0.584,1.1,1.8,0.606,3.1,8.5,11.6,3.8,1.9,0.7,1.1,3.3,12.5,,132.0,109
Furkan Korkmaz,47,17,1130,6.7,17.1,0.39,2.7,9.6,0.287,3.9,7.6,0.52,2.5,3.0,0.838,0.6,5.6,6.2,4.9,1.3,0.3,1.7,2.1,18.6,,104.0,112
Luke Kornet,3,0,18,2.8,16.5,0.167,0.0,2.8,0.0,2.8,13.8,0.2,5.5,8.3,0.667,8.3,2.8,11.0,2.8,0.0,2.8,0.0,5.5,11.0,,91.0,111
Luke Kornet,2,0,15,3.3,16.6,0.2,0.0,3.3,0.0,3.3,13.3,0.25,6.6,10.0,0.667,6.6,3.3,10.0,3.3,0.0,3.3,0.0,3.3,13.3,,96.0,109
Luke Kornet,1,0,3,0.0,16.1,0.0,0.0,0.0,,0.0,16.1,0.0,0.0,0.0,,16.1,0.0,16.1,0.0,0.0,0.0,0.0,16.1,0.0,,69.0,118
Vit Krejci,3,0,9,0.0,10.9,0.0,0.0,10.9,0.0,0.0,0.0,,10.9,10.9,1.0,0.0,16.4,16.4,0.0,0.0,0.0,5.5,0.0,10.9,,57.0,109
Arnoldas Kulboka,1,0,3,0.0,0.0,,0.0,0.0,,0.0,0.0,,0.0,0.0,,0.0,0.0,0.0,0.0,0.0,0.0,0.0,0.0,0.0,,,123
Jonathan Kuminga,43,4,569,9.9,20.1,0.489,2.1,6.8,0.304,7.8,13.4,0.583,5.4,8.5,0.636,2.2,7.5,9.7,2.4,1.3,0.6,3.3,6.3,27.2,,106.0,106
Kyle Kuzma,50,50,1646,9.1,19.9,0.456,2.8,8.3,0.335,6.3,11.7,0.541,3.3,4.8,0.692,1.7,11.3,13.0,4.2,1.0,1.3,3.3,2.7,24.2,,104.0,110
Anthony Lamb,2,0,8,0.0,12.0,0.0,0.0,12.0,0.0,0.0,0.0,,0.0,0.0,,0.0,6.0,6.0,12.0,0.0,0.0,0.0,0.0,0.0,,56.0,117
Jeremy Lamb,40,0,644,6.8,18.3,0.372,3.2,9.6,0.336,3.6,8.7,0.412,5.4,6.4,0.843,1.1,6.5,7.7,4.3,1.8,1.2,1.9,3.4,22.2,,111.0,113
Jeremy Lamb,39,0,613,6.8,18.3,0.373,3.1,9.4,0.333,3.7,8.9,0.414,5.4,6.4,0.838,1.2,6.4,7.6,4.1,1.9,1.1,1.9,3.5,22.2,,110.0,113
Jeremy Lamb,1,0,31,6.2,17.1,0.364,4.7,12.4,0.375,1.6,4.7,0.333,4.7,4.7,1.0,0.0,9.3,9.3,7.8,0.0,3.1,1.6,1.6,21.8,,123.0,114
Jock Landale,34,1,343,8.1,16.4,0.496,2.7,7.3,0.365,5.5,9.1,0.6,2.8,3.2,0.87,5.5,5.3,10.8,4.4,1.0,1.7,3.1,4.5,21.8,,119.0,113
Romeo Langford,44,5,728,5.4,12.6,0.429,2.0,5.7,0.349,3.4,6.9,0.495,1.4,2.3,0.588,2.0,5.1,7.1,1.3,1.4,1.1,1.1,3.1,14.1,,107.0,108
Zach LaVine,46,46,1587,12.5,25.8,0.484,4.1,10.2,0.404,8.4,15.6,0.536,6.1,7.0,0.876,0.4,6.5,6.9,6.3,0.9,0.5,3.8,2.4,35.2,,114.0,114
Jake Layman,23,1,169,5.1,13.9,0.367,1.1,7.4,0.154,4.0,6.5,0.609,1.7,2.3,0.75,1.1,5.7,6.8,2.0,1.7,1.1,2.0,2.6,13.0,,89.0,111
Damion Lee,44,3,902,6.9,15.3,0.451,2.8,7.7,0.366,4.1,7.7,0.535,2.2,2.5,0.851,0.9,6.4,7.3,2.2,1.6,0.2,1.6,3.4,18.8,,110.0,106
Saben Lee,27,0,403,5.5,14.6,0.38,1.4,5.3,0.273,4.1,9.3,0.442,4.0,5.2,0.767,1.2,6.8,8.0,7.7,3.0,1.2,3.0,2.9,16.5,,102.0,109
Alex Len,33,9,557,7.1,13.4,0.529,0.5,1.6,0.316,6.6,11.8,0.559,3.1,4.8,0.643,4.2,9.1,13.2,3.5,1.0,2.2,3.5,7.7,17.8,,108.0,113
Caris LeVert,40,39,1242,11.2,25.1,0.445,2.5,7.6,0.323,8.7,17.5,0.499,4.5,5.9,0.764,1.2,4.8,6.0,7.0,1.4,0.7,3.0,3.7,29.4,,109.0,115
Caris LeVert,39,39,1214,11.3,25.3,0.447,2.5,7.7,0.323,8.8,17.6,0.501,4.5,5.9,0.76,1.2,4.9,6.1,7.0,1.4,0.7,3.0,3.7,29.6,,109.0,115
Caris LeVert,1,0,28,7.1,19.6,0.364,1.8,5.3,0.333,5.3,14.2,0.375,3.6,3.6,1.0,0.0,1.8,1.8,3.6,1.8,0.0,0.0,3.6,19.6,,106.0,110
Kira Lewis Jr.,24,0,341,8.6,21.2,0.404,1.9,8.4,0.224,6.7,12.8,0.523,1.5,1.7,0.833,1.3,4.4,5.7,7.1,1.6,0.1,3.8,2.5,20.5,,95.0,115
Scottie Lewis,2,0,7,0.0,0.0,,0.0,0.0,,0.0,0.0,,6.8,13.6,0.5,0.0,0.0,0.0,6.8,6.8,0.0,0.0,0.0,6.8,,150.0,107
Damian Lillard,29,29,1056,10.3,25.7,0.402,4.3,13.2,0.324,6.0,12.5,0.485,7.4,8.4,0.878,0.6,5.0,5.6,9.9,0.8,0.5,3.9,1.7,32.3,,113.0,118
Nassir Little,42,23,1088,6.5,14.2,0.46,2.3,6.9,0.331,4.2,7.3,0.584,3.1,4.2,0.734,2.6,8.0,10.6,2.4,1.1,1.6,1.8,3.7,18.5,,115.0,114
Isaiah Livers,1,0,5,0.0,19.4,0.0,0.0,19.4,0.0,0.0,0.0,,0.0,0.0,,0.0,0.0,0.0,0.0,9.7,9.7,9.7,9.7,0.0,,0.0,87
Kevon Looney,55,55,1169,5.9,10.8,0.55,0.0,0.0,0.0,5.9,10.7,0.553,2.5,3.7,0.663,6.3,11.0,17.4,3.8,1.4,1.7,2.2,6.1,14.3,,124.0,102
Brook Lopez,1,1,28,5.2,15.6,0.333,3.5,6.9,0.5,1.7,8.6,0.2,0.0,0.0,,3.5,5.2,8.6,0.0,1.7,5.2,0.0,5.2,13.8,,104.0,105
Robin Lopez,25,9,444,10.0,17.3,0.576,0.2,0.5,0.4,9.7,16.7,0.582,2.2,3.7,0.588,5.9,4.4,10.3,4.7,0.1,1.5,3.5,5.6,22.3,,113.0,116
Didi Louzada,2,0,7,0.0,21.2,0.0,0.0,21.2,0.0,0.0,0.0,,0.0,0.0,,14.2,0.0,14.2,7.1,0.0,0.0,0.0,0.0,0.0,,61.0,121
Kevin Love,47,2,1047,10.2,23.9,0.427,5.6,14.3,0.393,4.6,9.7,0.478,6.2,7.2,0.855,2.7,14.2,16.9,4.9,0.8,0.5,2.9,2.5,32.3,,118.0,104
Kyle Lowry,42,42,1420,6.4,15.4,0.416,3.1,9.1,0.337,3.3,6.3,0.531,3.4,4.0,0.85,0.9,5.6,6.5,11.9,1.6,0.5,4.5,4.1,19.3,,113.0,109
Timothé Luwawu-Cabarrot,34,12,443,5.3,13.8,0.387,3.4,9.6,0.36,1.9,4.2,0.447,1.9,2.2,0.85,0.9,4.2,5.1,2.9,1.3,0.4,1.4,5.1,16.0,,109.0,117
Trey Lyles,51,3,990,8.6,18.9,0.456,2.2,7.2,0.301,6.4,11.7,0.55,6.8,8.6,0.784,2.9,9.0,12.0,2.8,1.1,1.3,2.7,4.5,26.1,,113.0,112
Théo Maledon,28,0,387,4.3,13.6,0.318,1.5,7.0,0.218,2.8,6.6,0.423,3.6,4.2,0.848,1.1,4.7,5.8,3.9,1.4,0.4,2.9,3.8,13.7,,89.0,112
Sandro Mamukelashvili,30,2,295,5.9,13.4,0.439,2.5,6.4,0.385,3.4,7.1,0.488,1.5,2.0,0.75,4.3,4.9,9.2,2.6,1.1,1.0,1.6,3.0,15.7,,117.0,112
Terance Mann,55,20,1570,6.6,13.9,0.474,1.7,4.7,0.358,4.9,9.2,0.534,2.2,2.9,0.758,2.3,6.4,8.7,4.0,1.1,0.2,1.7,3.8,17.1,,115.0,112
Tre Mann,41,9,792,7.4,19.7,0.377,3.3,9.1,0.363,4.2,10.7,0.39,2.0,2.8,0.733,0.8,4.8,5.6,2.5,1.7,0.5,2.2,4.4,20.2,,94.0,111
Boban Marjanović,17,0,98,18.4,29.1,0.632,0.5,1.5,0.333,17.9,27.6,0.648,4.1,8.2,0.5,3.6,11.8,15.3,1.0,0.0,1.0,5.6,10.2,41.4,,102.0,108
Lauri Markkanen,38,38,1148,8.2,18.7,0.436,3.3,9.8,0.342,4.8,8.9,0.539,2.7,3.2,0.863,1.8,7.0,8.8,2.4,1.3,0.9,1.3,3.0,22.4,,113.0,107
Naji Marshall,29,0,285,5.9,16.5,0.358,1.0,6.6,0.158,4.9,9.9,0.491,5.2,6.1,0.857,2.4,8.5,11.0,4.2,2.3,0.7,3.8,5.0,18.1,,94.0,110
Caleb Martin,44,10,1009,8.0,15.8,0.506,2.2,5.8,0.379,5.8,10.0,0.579,2.5,3.4,0.739,2.8,5.9,8.7,2.3,2.1,1.0,1.7,3.5,20.7,,119.0,107
Cody Martin,49,11,1334,5.2,11.4,0.454,1.7,4.2,0.41,3.4,7.2,0.48,2.0,2.9,0.671,2.2,5.3,7.4,4.6,2.3,0.9,1.6,3.0,14.0,,117.0,113
Kelan Martin,27,1,444,7.8,18.7,0.417,2.4,8.2,0.297,5.3,10.4,0.511,1.0,1.4,0.692,1.8,4.1,5.9,2.3,1.4,1.0,1.6,4.0,19.0,,101.0,115
Kenyon Martin Jr.,51,0,999,8.1,15.5,0.525,1.3,4.4,0.29,6.9,11.1,0.618,2.6,4.1,0.635,2.8,6.7,9.5,3.3,1.1,1.2,1.6,3.1,20.2,,118.0,116
Garrison Mathews,37,17,1014,5.7,13.8,0.412,4.3,11.5,0.377,1.4,2.3,0.58,4.5,5.4,0.819,0.9,5.0,6.0,1.8,1.2,0.6,1.1,5.1,20.1,,124.0,118
Dakota Mathias,6,0,16,6.0,18.1,0.333,6.0,18.1,0.333,0.0,0.0,,0.0,0.0,,0.0,6.0,6.0,3.0,3.0,0.0,0.0,3.0,18.1,,115.0,109
Wesley Matthews,27,6,524,4.8,11.6,0.413,2.9,8.3,0.344,1.9,3.3,0.583,0.6,0.9,0.6,1.4,3.5,4.9,1.8,1.1,0.5,0.9,4.8,13.0,,111.0,113
Tyrese Maxey,47,46,1681,8.9,18.9,0.471,2.0,4.9,0.398,6.9,14.0,0.497,3.8,4.4,0.871,0.5,4.5,5.0,6.8,1.0,0.8,1.7,3.0,23.6,,117.0,113
Skylar Mays,21,5,198,7.7,14.9,0.517,2.0,6.2,0.32,5.7,8.7,0.657,2.0,2.2,0.889,1.2,5.0,6.2,4.0,1.7,0.0,2.0,1.7,19.4,,118.0,116
Miles McBride,21,2,151,5.0,19.3,0.259,1.7,10.3,0.161,3.3,9.0,0.37,1.0,1.3,0.75,0.7,4.7,5.3,7.6,2.7,0.3,1.0,5.0,12.6,,86.0,110
Mac McClung,1,0,3,16.3,16.3,1.0,0.0,0.0,,16.3,16.3,1.0,0.0,0.0,,0.0,0.0,0.0,0.0,0.0,0.0,16.3,0.0,32.5,,66.0,120
CJ McCollum,36,36,1267,11.2,25.8,0.436,4.3,11.2,0.384,6.9,14.6,0.476,1.9,2.6,0.706,1.3,4.6,5.9,6.3,1.4,0.8,2.7,3.0,28.6,,108.0,116
T.J. McConnell,24,6,581,7.7,15.4,0.503,0.6,2.1,0.28,7.1,13.2,0.538,1.0,1.3,0.8,1.6,5.2,6.8,9.8,2.1,0.8,2.4,3.7,17.1,,117.0,113
Jaden McDaniels,52,24,1351,6.2,14.3,0.438,2.0,6.5,0.308,4.3,7.8,0.545,1.2,1.6,0.773,2.2,5.7,7.8,2.2,1.4,1.2,1.9,6.0,15.7,,105.0,112
Jalen McDaniels,39,2,685,6.8,13.7,0.492,2.2,6.0,0.372,4.5,7.7,0.586,2.2,3.2,0.674,2.0,7.5,9.5,3.0,1.4,1.1,2.1,4.9,17.9,,113.0,113
Doug McDermott,39,39,953,8.7,18.7,0.465,4.4,10.3,0.429,4.3,8.4,0.509,1.0,1.4,0.704,0.8,4.1,4.8,2.4,0.5,0.2,1.5,3.2,22.7,,112.0,116
JaVale McGee,48,14,782,12.6,19.2,0.658,0.1,0.3,0.4,12.5,18.9,0.662,4.3,6.4,0.68,7.2,13.8,21.0,2.0,0.9,3.0,4.3,7.4,29.7,,121.0,101
Cameron McGriff,3,0,46,5.3,14.9,0.357,2.1,6.4,0.333,3.2,8.5,0.375,2.1,2.1,1.0,6.4,9.6,16.0,3.2,0.0,1.1,0.0,7.5,14.9,,124.0,116
Rodney McGruder,29,1,386,5.7,13.1,0.433,3.0,7.7,0.393,2.6,5.4,0.488,1.3,1.8,0.714,2.0,5.2,7.2,3.0,1.4,0.3,1.5,3.8,15.6,,112.0,115
Alfonzo McKinnie,17,3,206,5.7,14.5,0.393,2.1,6.4,0.333,3.6,8.1,0.441,0.5,1.9,0.25,3.1,4.7,7.8,1.2,0.5,0.7,1.7,6.2,14.0,,95.0,116
JaQuori McLaughlin,4,0,11,0.0,9.1,0.0,0.0,4.6,0.0,0.0,4.6,0.0,0.0,0.0,,0.0,0.0,0.0,9.1,0.0,0.0,0.0,4.6,0.0,,56.0,116
Jordan McLaughlin,37,3,451,4.4,11.4,0.383,0.9,4.3,0.2,3.5,7.1,0.493,2.1,2.9,0.741,1.0,4.3,5.2,10.9,2.9,0.3,2.1,2.1,11.7,,114.0,111
Ben McLemore,39,6,715,8.0,20.3,0.392,6.2,16.3,0.378,1.8,4.0,0.448,1.7,2.2,0.781,0.8,3.2,4.0,2.1,1.0,0.3,1.8,3.8,23.8,,108.0,119
De'Anthony Melton,47,13,1078,7.6,19.7,0.384,3.4,10.0,0.335,4.2,9.7,0.435,2.2,3.2,0.69,2.2,7.3,9.5,5.7,3.4,1.2,3.0,3.8,20.7,,103.0,105
Sam Merrill,6,0,58,6.7,20.0,0.333,5.8,19.1,0.304,0.8,0.8,1.0,1.7,3.3,0.5,0.8,5.0,5.8,3.3,0.0,0.0,1.7,2.5,20.8,,103.0,116
Chimezie Metu,39,20,876,7.5,17.3,0.433,2.0,7.3,0.271,5.5,10.0,0.552,2.3,3.1,0.732,1.4,11.4,12.8,2.4,1.9,1.3,2.1,3.1,19.2,,101.0,111
Khris Middleton,44,44,1402,10.0,22.7,0.442,3.6,9.5,0.377,6.5,13.2,0.488,5.9,6.7,0.881,1.0,7.5,8.5,8.0,1.9,0.4,4.6,3.8,29.6,,111.0,109
C.J. Miles,1,0,2,0.0,0.0,,0.0,0.0,,0.0,0.0,,0.0,0.0,,0.0,0.0,0.0,0.0,0.0,0.0,0.0,24.9,0.0,,,114
Patty Mills,53,36,1635,7.6,17.4,0.434,5.1,12.1,0.424,2.4,5.3,0.456,1.1,1.3,0.884,0.4,3.1,3.4,4.0,1.1,0.4,1.5,2.3,21.4,,117.0,116
Paul Millsap,24,0,270,5.7,15.3,0.376,1.1,4.8,0.222,4.7,10.4,0.448,2.2,3.1,0.706,5.2,10.8,16.0,4.3,0.9,2.0,2.0,8.6,14.7,,104.0,110
Shake Milton,27,6,668,8.2,19.0,0.429,1.9,5.9,0.316,6.3,13.1,0.48,3.1,3.6,0.854,1.0,5.1,6.1,5.6,1.5,0.8,2.3,4.2,21.3,,105.0,111
Davion Mitchell,51,8,1330,7.9,19.3,0.408,2.5,7.9,0.32,5.4,11.4,0.47,0.9,1.6,0.558,1.0,3.3,4.3,6.4,1.3,0.6,2.1,3.5,19.2,,102.0,118
Donovan Mitchell,43,43,1431,13.6,30.0,0.454,4.8,13.9,0.346,8.8,16.1,0.548,5.4,6.2,0.872,1.3,4.8,6.1,7.7,2.3,0.4,4.4,3.6,37.5,,113.0,110
Evan Mobley,47,47,1606,8.8,17.8,0.498,0.6,2.0,0.277,8.3,15.7,0.527,3.5,5.3,0.667,2.8,9.2,11.9,3.7,1.1,2.4,2.8,2.9,21.8,,107.0,104
Malik Monk,50,18,1358,8.4,17.8,0.47,4.0,10.0,0.403,4.4,7.9,0.556,2.1,2.6,0.787,0.7,5.0,5.8,4.4,1.2,0.7,2.4,2.8,22.9,,113.0,113
Greg Monroe,8,0,126,7.7,14.6,0.526,0.0,0.0,,7.7,14.6,0.526,1.2,2.7,0.429,6.9,9.6,16.5,5.4,1.5,2.3,3.1,5.4,16.5,,113.0,107
Greg Monroe,3,0,63,6.8,10.7,0.643,0.0,0.0,,6.8,10.7,0.643,1.5,3.8,0.4,3.8,12.2,16.0,8.4,1.5,3.0,3.0,5.3,15.2,,124.0,105
Greg Monroe,2,0,18,11.0,22.0,0.5,0.0,0.0,,11.0,22.0,0.5,0.0,0.0,,19.2,8.2,27.5,2.7,2.7,2.7,5.5,5.5,22.0,,110.0,106
Greg Monroe,3,0,45,7.5,17.2,0.438,0.0,0.0,,7.5,17.2,0.438,1.1,2.2,0.5,6.5,6.5,12.9,2.2,1.1,1.1,2.2,5.4,16.1,,101.0,111
Moses Moody,32,4,306,5.9,15.1,0.389,2.9,9.1,0.316,3.0,6.1,0.5,2.2,2.7,0.824,1.1,6.1,7.2,1.8,0.5,0.8,1.1,3.7,16.9,,105.0,108
Xavier Moon,6,0,83,8.2,20.0,0.412,1.8,5.9,0.3,6.5,14.1,0.458,1.2,1.8,0.667,0.6,4.7,5.3,5.9,2.9,0.6,1.8,2.3,19.4,,99.0,108
Matt Mooney,1,0,2,0.0,25.1,0.0,0.0,25.1,0.0,0.0,0.0,,0.0,0.0,,0.0,0.0,0.0,0.0,25.1,0.0,25.1,0.0,0.0,,0.0,62
Ja Morant,43,43,1425,14.6,29.5,0.493,2.2,6.5,0.344,12.3,23.0,0.535,7.2,9.6,0.756,2.1,6.5,8.6,9.9,1.9,0.6,5.1,2.1,38.6,,114.0,110
Juwan Morgan,1,0,27,3.7,5.6,0.667,1.9,3.7,0.5,1.9,1.9,1.0,0.0,0.0,,3.7,3.7,7.4,1.9,0.0,0.0,0.0,5.6,9.3,,184.0,118
Jaylen Morris,3,0,16,0.0,18.1,0.0,0.0,6.0,0.0,0.0,12.0,0.0,6.0,12.0,0.5,0.0,6.0,6.0,6.0,0.0,0.0,3.0,6.0,6.0,,40.0,116
Marcus Morris,31,31,927,9.0,21.3,0.424,3.4,8.8,0.383,5.7,12.6,0.452,3.8,4.6,0.83,1.0,7.5,8.5,3.7,0.8,0.5,2.2,3.8,25.3,,106.0,111
Markieff Morris,10,0,187,8.6,18.8,0.457,2.1,5.9,0.364,6.4,12.9,0.5,1.3,1.3,1.0,3.5,4.0,7.5,3.8,0.8,0.3,3.2,5.9,20.7,,104.0,112
Monte Morris,51,50,1529,8.4,17.8,0.474,2.7,7.1,0.373,5.8,10.7,0.541,1.4,1.7,0.843,0.6,4.2,4.9,7.1,1.1,0.3,1.7,2.0,20.9,,116.0,114
Emmanuel Mudiay,2,0,11,0.0,8.8,0.0,0.0,0.0,,0.0,8.8,0.0,13.1,17.5,0.75,0.0,0.0,0.0,17.5,4.4,0.0,4.4,4.4,13.1,,101.0,113
Mychal Mulder,15,2,195,5.0,16.7,0.299,3.2,11.5,0.283,1.7,5.2,0.333,0.5,0.5,1.0,0.5,4.7,5.2,0.7,1.0,0.2,2.0,3.0,13.7,,76.0,116
Ade Murkey,1,0,1,0.0,0.0,,0.0,0.0,,0.0,0.0,,0.0,0.0,,0.0,0.0,0.0,0.0,0.0,0.0,0.0,0.0,0.0,,,124
Trey Murphy III,40,0,514,4.8,14.3,0.338,3.5,10.3,0.336,1.3,4.0,0.341,2.3,2.7,0.857,2.7,5.7,8.4,1.9,1.2,0.6,1.2,3.6,15.4,,108.0,114
Dejounte Murray,48,48,1652,11.3,25.0,0.453,1.8,5.7,0.315,9.5,19.3,0.495,2.8,3.8,0.744,1.9,9.9,11.7,12.8,2.8,0.5,3.5,2.9,27.3,,111.0,107
Mike Muscala,43,0,592,9.4,20.6,0.456,5.8,13.5,0.429,3.6,7.1,0.506,4.0,4.7,0.842,1.7,9.0,10.7,1.8,1.5,2.2,1.2,4.8,28.5,,124.0,107
Svi Mykhailiuk,41,5,648,6.4,15.8,0.407,2.7,8.7,0.31,3.7,7.0,0.527,2.1,2.5,0.844,1.5,5.2,6.7,3.1,1.9,0.3,2.2,3.6,17.6,,107.0,112
Abdel Nader,14,0,145,4.0,11.7,0.343,1.3,4.7,0.286,2.7,7.0,0.381,2.0,3.3,0.6,1.3,7.7,9.0,2.3,2.7,1.3,3.7,6.7,11.3,,79.0,103
Larry Nance Jr.,37,11,858,5.8,11.3,0.515,1.1,3.5,0.306,4.7,7.8,0.61,1.8,2.8,0.653,3.3,8.6,12.0,4.2,2.2,0.7,1.5,3.8,14.6,,123.0,113
RJ Nembhard Jr.,7,0,44,5.7,12.5,0.455,0.0,1.1,0.0,5.7,11.3,0.5,1.1,2.3,0.5,0.0,2.3,2.3,11.3,0.0,0.0,2.3,2.3,12.5,,108.0,114
Aaron Nesmith,39,1,398,5.7,16.2,0.354,2.1,10.2,0.207,3.6,6.0,0.604,1.6,2.0,0.813,1.2,6.7,8.0,1.5,1.5,0.2,2.6,5.9,15.2,,86.0,107
Raul Neto,44,0,855,7.2,16.4,0.44,1.0,4.3,0.227,6.2,12.1,0.517,2.8,3.9,0.731,0.4,4.5,4.9,6.5,1.8,0.1,3.1,3.8,18.3,,99.0,114
Malik Newman,1,0,8,18.7,31.2,0.6,0.0,6.2,0.0,18.7,24.9,0.75,12.5,12.5,1.0,0.0,6.2,6.2,6.2,0.0,0.0,6.2,0.0,49.8,,118.0,111
Georges Niang,50,5,1153,7.3,16.8,0.438,4.3,10.6,0.402,3.1,6.2,0.5,1.6,1.9,0.864,0.8,4.9,5.7,3.3,0.9,0.4,1.9,5.6,20.6,,111.0,113
Daishen Nix,8,0,67,9.2,14.2,0.65,2.1,5.0,0.429,7.1,9.2,0.769,0.7,2.1,0.333,0.7,6.4,7.1,7.1,5.0,0.0,6.4,2.1,21.3,,104.0,109
Zeke Nnaji,38,1,623,7.4,13.5,0.547,2.9,5.8,0.493,4.5,7.7,0.588,3.0,4.9,0.613,4.4,6.8,11.1,1.0,1.0,1.0,1.5,5.8,20.7,,128.0,112
Nerlens Noel,25,11,562,2.9,5.4,0.533,0.0,0.3,0.0,2.9,5.1,0.561,1.9,2.7,0.7,4.3,8.3,12.6,2.1,2.7,2.8,1.8,6.0,7.6,,119.0,105
Jaylen Nowell,40,1,603,9.7,20.9,0.464,2.8,7.6,0.365,6.9,13.3,0.521,3.3,4.4,0.745,1.2,5.2,6.4,6.7,1.8,0.5,1.7,3.8,25.4,,119.0,112
Frank Ntilikina,44,5,567,6.0,15.9,0.378,2.8,8.3,0.34,3.2,7.6,0.419,2.0,2.1,0.958,0.6,4.9,5.5,4.7,2.0,0.5,2.2,4.3,16.9,,101.0,108
Jusuf Nurkić,53,53,1481,9.8,18.5,0.533,0.4,1.7,0.231,9.4,16.7,0.564,5.6,8.2,0.681,5.1,13.9,19.1,4.7,2.0,1.1,4.4,5.9,25.7,,111.0,110
David Nwaba,34,4,477,6.7,14.1,0.475,1.0,3.5,0.286,5.7,10.6,0.538,3.5,4.9,0.714,2.9,10.1,13.0,2.7,2.2,1.8,1.6,4.1,17.9,,114.0,111
Jordan Nwora,42,9,805,7.8,19.2,0.408,3.5,9.7,0.366,4.3,9.5,0.449,1.0,1.3,0.762,1.7,7.8,9.5,2.6,1.2,0.8,2.4,2.9,20.1,,100.0,110
Royce O'Neale,51,51,1600,4.2,8.6,0.482,2.3,5.8,0.397,1.9,2.9,0.656,1.0,1.3,0.786,1.3,6.5,7.8,3.9,1.9,0.8,1.3,3.7,11.6,,128.0,109
Semi Ojeleye,20,0,308,2.8,11.0,0.257,1.7,6.4,0.268,1.1,4.6,0.241,1.6,2.0,0.769,3.9,5.2,9.1,0.8,0.8,0.8,0.8,4.1,9.0,,95.0,113
Chuma Okeke,45,10,1064,6.2,15.9,0.387,2.8,9.4,0.301,3.3,6.5,0.51,1.5,1.8,0.846,1.2,8.0,9.2,3.1,2.8,1.1,1.6,2.8,16.7,,100.0,108
Josh Okogie,33,6,408,3.1,8.8,0.347,1.2,4.2,0.278,1.9,4.6,0.41,2.7,4.3,0.622,2.9,4.1,7.0,2.1,2.0,1.2,2.0,4.6,10.0,,100.0,112
Onyeka Okongwu,22,6,486,8.0,10.9,0.731,0.0,0.0,,8.0,10.9,0.731,3.9,5.4,0.736,5.0,7.8,12.8,2.3,1.6,3.2,2.5,7.3,19.9,,137.0,110
Isaac Okoro,40,34,1148,5.7,12.2,0.465,1.5,4.7,0.312,4.2,7.5,0.561,3.0,3.9,0.764,1.9,3.8,5.6,3.1,1.4,0.5,1.8,4.4,15.8,,114.0,109
KZ Okpala,21,0,244,6.2,14.2,0.435,1.9,5.3,0.346,4.3,8.8,0.488,1.6,2.3,0.727,2.3,6.2,8.4,2.9,0.8,1.4,1.0,5.1,15.8,,113.0,109
Cameron Oliver,2,0,43,11.4,17.2,0.667,1.1,3.4,0.333,10.3,13.7,0.75,2.3,3.4,0.667,2.3,4.6,6.9,3.4,1.1,1.1,0.0,5.7,26.3,,149.0,116
Kelly Olynyk,17,1,351,8.6,21.3,0.403,2.5,8.7,0.286,6.1,12.6,0.484,3.9,6.1,0.636,3.3,7.9,11.2,7.1,2.2,1.4,3.7,6.4,23.5,,101.0,110
Eugene Omoruyi,4,0,18,5.6,13.9,0.4,2.8,5.6,0.5,2.8,8.4,0.333,5.6,11.1,0.5,5.6,13.9,19.5,5.6,0.0,0.0,0.0,5.6,19.5,,129.0,108
Miye Oni,16,0,44,2.2,10.0,0.222,1.1,8.9,0.125,1.1,1.1,1.0,0.0,1.1,0.0,1.1,6.7,7.8,5.6,0.0,0.0,1.1,7.8,5.6,,82.0,114
Cedi Osman,43,3,998,8.2,19.5,0.419,4.4,12.3,0.358,3.8,7.2,0.524,2.5,3.9,0.633,0.9,4.1,5.0,4.2,1.9,0.4,1.9,4.1,23.3,,110.0,108
Daniel Oturu,3,0,27,5.6,11.1,0.5,0.0,1.9,0.0,5.6,9.3,0.6,5.6,9.3,0.6,1.9,7.4,9.3,0.0,0.0,3.7,0.0,1.9,16.7,,123.0,111
Kelly Oubre Jr.,50,11,1423,10.1,22.9,0.441,4.7,13.5,0.351,5.4,9.4,0.571,3.0,4.3,0.688,1.9,5.0,6.9,1.9,1.9,0.7,1.7,4.2,27.9,,110.0,114
Jaysean Paige,1,0,7,0.0,20.8,0.0,0.0,13.9,0.0,0.0,6.9,0.0,0.0,0.0,,0.0,6.9,6.9,6.9,0.0,0.0,6.9,13.9,0.0,,15.0,117
Trayvon Palmer,1,0,17,0.0,2.9,0.0,0.0,0.0,,0.0,2.9,0.0,0.0,0.0,,0.0,5.7,5.7,0.0,0.0,0.0,2.9,5.7,0.0,,0.0,118
Kevin Pangos,24,3,166,4.5,13.8,0.326,1.8,7.8,0.231,2.7,6.0,0.45,0.9,1.2,0.75,0.6,2.7,3.3,9.0,0.9,0.0,2.1,3.3,11.7,,99.0,111
Jabari Parker,12,0,112,8.0,16.9,0.474,3.6,7.1,0.5,4.4,9.8,0.455,4.0,4.0,1.0,2.2,10.2,12.4,2.7,1.8,0.4,3.6,5.8,23.5,,113.0,104
Eric Paschall,41,1,544,7.3,15.1,0.485,2.9,7.8,0.372,4.4,7.3,0.605,4.1,5.5,0.754,2.2,5.5,7.7,2.1,0.5,0.4,2.3,3.5,21.6,,119.0,114
Chris Paul,54,54,1798,8.2,16.8,0.489,1.5,4.5,0.339,6.7,12.3,0.544,3.8,4.6,0.83,0.4,6.1,6.5,15.2,2.7,0.5,3.4,3.1,21.8,,123.0,105
Cameron Payne,40,0,815,9.4,23.2,0.404,2.7,8.0,0.336,6.7,15.3,0.44,3.4,3.9,0.864,0.9,5.6,6.5,8.5,1.4,0.7,4.2,4.5,24.8,,100.0,108
Elfrid Payton,34,0,397,5.8,15.1,0.387,0.2,1.5,0.167,5.6,13.6,0.411,1.2,2.7,0.455,2.1,6.1,8.2,8.4,2.2,0.5,4.3,3.8,13.2,,88.0,106
Gary Payton II,52,9,872,8.6,13.8,0.623,1.8,4.9,0.375,6.8,8.9,0.761,1.5,2.6,0.587,3.0,7.5,10.5,2.3,3.9,1.0,1.4,4.8,20.6,,132.0,99
Norvel Pelle,3,0,19,7.7,12.9,0.6,0.0,0.0,,7.7,12.9,0.6,0.0,0.0,,7.7,7.7,15.5,0.0,0.0,2.6,5.2,2.6,15.5,,100.0,111
Reggie Perry,3,0,51,4.8,9.6,0.5,1.0,1.9,0.5,3.9,7.7,0.5,1.9,1.9,1.0,1.9,5.8,7.7,1.9,1.0,0.0,1.0,8.7,12.5,,123.0,117
Reggie Perry,2,0,41,4.8,10.8,0.444,1.2,2.4,0.5,3.6,8.4,0.429,2.4,2.4,1.0,2.4,6.0,8.4,2.4,1.2,0.0,1.2,7.2,13.2,,118.0,117
Reggie Perry,1,0,10,4.9,4.9,1.0,0.0,0.0,,4.9,4.9,1.0,0.0,0.0,,0.0,4.9,4.9,0.0,0.0,0.0,0.0,14.8,9.9,,200.0,119
Jamorko Pickett,6,0,47,1.0,10.3,0.1,1.0,7.2,0.143,0.0,3.1,0.0,0.0,0.0,,2.1,7.2,9.3,1.0,0.0,1.0,3.1,3.1,3.1,,39.0,116
Theo Pinson,16,0,120,3.8,13.4,0.281,2.5,10.4,0.24,1.3,2.9,0.429,1.7,1.7,1.0,0.4,7.5,7.9,5.4,1.7,0.8,0.8,3.8,11.7,,99.0,107
Mason Plumlee,47,47,1196,5.6,8.9,0.631,0.0,0.1,0.0,5.6,8.8,0.636,1.4,4.1,0.34,4.7,9.9,14.6,5.5,1.8,1.2,2.5,5.7,12.6,,120.0,111
Jakob Poeltl,45,44,1296,9.9,16.2,0.614,0.0,0.0,,9.9,16.2,0.614,2.1,4.5,0.459,6.6,8.5,15.1,4.6,1.2,2.9,2.6,5.0,21.9,,122.0,109
Aleksej Pokusevski,38,2,601,6.6,17.2,0.384,2.1,7.9,0.268,4.5,9.3,0.482,0.6,1.1,0.5,3.0,9.9,12.9,3.6,1.8,1.6,3.6,3.8,15.9,,88.0,107
Yves Pons,7,0,22,2.2,6.6,0.333,2.2,2.2,1.0,0.0,4.4,0.0,0.0,4.4,0.0,4.4,6.6,11.0,0.0,0.0,0.0,0.0,4.4,6.6,,103.0,115
Jordan Poole,49,35,1430,9.4,21.5,0.438,4.1,11.9,0.342,5.4,9.7,0.556,4.9,5.3,0.923,0.7,4.5,5.2,5.8,1.4,0.5,3.9,4.4,27.8,,109.0,108
Kevin Porter Jr.,37,37,1108,7.3,18.7,0.392,3.5,9.5,0.368,3.9,9.3,0.417,3.1,5.1,0.619,1.2,5.2,6.3,9.7,1.9,0.4,5.7,4.1,21.3,,97.0,116
Michael Porter Jr.,9,9,265,6.9,19.3,0.359,1.9,9.0,0.208,5.0,10.3,0.491,0.9,1.7,0.556,1.7,9.3,11.0,3.2,1.9,0.4,2.2,3.0,16.6,,86.0,109
Otto Porter Jr.,45,13,972,7.3,15.3,0.475,3.5,8.7,0.399,3.8,6.6,0.576,1.2,1.7,0.727,2.2,9.4,11.5,3.6,2.5,1.1,1.2,3.0,19.2,,123.0,101
Bobby Portis,47,42,1351,10.2,20.9,0.489,3.4,7.9,0.427,6.8,13.0,0.526,2.4,3.1,0.77,4.4,10.9,15.3,2.2,1.2,1.4,2.5,4.5,26.2,,116.0,107
Kristaps Porziņģis,34,34,1002,11.5,25.4,0.451,2.5,8.7,0.283,9.0,16.8,0.537,7.4,8.5,0.865,3.2,9.9,13.1,3.5,1.3,3.0,2.7,4.4,32.7,,112.0,104
Micah Potter,3,0,31,7.8,17.2,0.455,0.0,3.1,0.0,7.8,14.1,0.556,3.1,3.1,1.0,6.3,7.8,14.1,0.0,1.6,1.6,1.6,6.3,18.8,,108.0,112
Dwight Powell,55,44,1116,6.8,10.6,0.644,0.5,1.4,0.387,6.3,9.2,0.683,4.0,5.3,0.748,4.8,6.0,10.9,2.7,1.3,1.0,1.9,6.1,18.2,,137.0,108
Myles Powell,11,0,52,4.8,16.4,0.294,1.0,5.8,0.167,3.8,10.6,0.364,1.9,1.9,1.0,1.0,4.8,5.8,2.9,1.0,0.0,2.9,7.7,12.5,,74.0,114
Norman Powell,42,40,1380,9.3,20.3,0.46,3.5,8.5,0.408,5.8,11.7,0.497,6.0,7.4,0.808,0.6,4.1,4.8,3.1,1.5,0.7,2.3,3.5,28.1,,115.0,116
Norman Powell,40,39,1333,9.1,20.0,0.456,3.4,8.4,0.406,5.7,11.5,0.492,5.9,7.3,0.803,0.6,4.2,4.8,3.0,1.5,0.6,2.3,3.4,27.5,,115.0,117
Norman Powell,2,1,47,15.5,29.0,0.536,5.2,11.4,0.455,10.4,17.6,0.588,9.3,10.4,0.9,1.0,2.1,3.1,6.2,1.0,2.1,3.1,6.2,45.6,,128.0,112
Joshua Primo,26,4,400,5.3,14.6,0.364,2.4,7.6,0.317,2.9,7.0,0.414,1.7,2.2,0.778,1.9,3.2,5.2,4.3,1.1,1.7,3.2,3.2,14.7,,93.0,114
Taurean Prince,44,8,685,6.4,14.0,0.455,3.4,8.5,0.393,3.0,5.5,0.551,2.0,2.6,0.757,1.3,6.0,7.3,2.7,1.8,0.7,2.2,4.5,18.1,,113.0,111
Payton Pritchard,45,2,548,7.2,18.6,0.385,4.2,11.2,0.371,3.0,7.3,0.407,1.3,1.3,1.0,1.1,5.3,6.3,6.8,0.7,0.4,2.6,3.5,19.8,,107.0,110
Trevelin Queen,8,0,69,9.0,20.0,0.448,5.5,15.2,0.364,3.4,4.8,0.714,2.1,2.1,1.0,3.4,6.2,9.7,2.1,3.4,0.0,4.8,4.1,25.5,,103.0,113
Neemias Queta,10,0,56,7.7,19.8,0.391,0.0,0.0,,7.7,19.8,0.391,2.6,4.3,0.6,9.5,6.9,16.3,3.4,0.9,3.4,3.4,9.5,18.1,,98.0,113
Immanuel Quickley,51,2,1108,7.3,19.9,0.367,3.8,11.4,0.331,3.5,8.5,0.415,3.8,4.1,0.912,0.8,4.6,5.4,7.0,1.5,0.1,2.9,5.2,22.1,,106.0,113
Jahmi'us Ramsey,19,0,134,8.6,20.8,0.414,1.8,6.5,0.278,6.8,14.4,0.475,2.5,5.0,0.5,1.4,3.2,4.7,2.5,0.4,0.4,1.8,3.6,21.6,,95.0,120
Julius Randle,53,53,1874,9.8,23.4,0.42,2.4,7.6,0.31,7.5,15.8,0.473,5.1,6.8,0.752,2.7,11.5,14.1,7.3,1.1,0.8,4.9,4.0,27.1,,102.0,109
Austin Reaves,37,0,780,4.5,9.6,0.471,1.8,5.5,0.322,2.8,4.1,0.672,2.6,3.1,0.824,1.3,4.5,5.8,2.8,0.7,0.5,1.2,3.1,13.4,,122.0,115
Cam Reddish,39,7,847,8.3,20.9,0.396,3.4,9.4,0.364,4.8,11.5,0.421,4.8,5.3,0.912,1.2,4.1,5.3,2.2,2.2,0.7,2.8,2.7,24.8,,103.0,114
Cam Reddish,34,7,797,8.5,21.2,0.402,3.6,9.4,0.379,4.9,11.7,0.421,4.4,4.9,0.9,1.2,4.0,5.2,2.3,2.2,0.7,2.7,2.8,25.1,,103.0,115
Cam Reddish,5,0,50,4.0,16.1,0.25,1.0,9.0,0.111,3.0,7.0,0.429,11.0,11.0,1.0,1.0,6.0,7.0,0.0,2.0,1.0,4.0,1.0,20.1,,90.0,110
Davon Reed,28,3,399,5.6,11.8,0.474,2.9,6.6,0.434,2.7,5.2,0.524,0.5,0.6,0.8,1.2,7.8,9.1,3.6,2.1,0.4,1.0,5.0,14.5,,122.0,109
Paul Reed,21,2,185,5.4,11.6,0.465,0.0,1.1,0.0,5.4,10.6,0.513,0.8,2.2,0.375,5.4,7.3,12.7,2.7,3.2,2.7,1.9,7.6,11.6,,105.0,104
Naz Reid,52,5,830,9.0,19.3,0.467,2.3,6.7,0.345,6.7,12.6,0.532,4.3,5.9,0.728,4.4,7.3,11.7,2.5,1.3,3.0,3.2,6.5,24.7,,110.0,109
Nick Richards,40,5,340,7.7,11.4,0.679,0.0,0.0,,7.7,11.4,0.679,4.2,5.8,0.732,4.2,7.0,11.2,1.8,1.3,2.7,2.8,6.7,19.7,,126.0,112
Josh Richardson,44,0,1087,6.9,15.7,0.443,2.8,7.1,0.397,4.1,8.6,0.481,2.8,3.2,0.859,1.2,4.5,5.7,3.0,1.6,1.1,1.8,3.7,19.5,,113.0,108
Austin Rivers,40,13,845,5.2,12.8,0.406,3.0,8.5,0.352,2.2,4.3,0.514,1.1,1.6,0.704,0.8,3.0,3.8,2.5,1.6,0.2,1.9,3.7,14.5,,101.0,113
Duncan Robinson,52,47,1425,7.2,18.3,0.394,5.6,15.4,0.362,1.7,2.9,0.566,1.3,1.6,0.822,0.7,4.9,5.6,2.7,1.2,0.4,1.6,4.8,21.3,,110.0,111
Justin Robinson,25,0,304,4.5,14.8,0.301,2.9,9.7,0.295,1.6,5.1,0.313,0.6,1.3,0.5,0.6,2.7,3.3,5.1,1.4,0.2,2.7,4.3,12.4,,85.0,115
Justin Robinson,17,0,198,4.4,13.9,0.316,2.4,9.0,0.27,2.0,4.9,0.4,0.5,0.5,1.0,0.5,2.7,3.2,5.1,2.0,0.0,2.7,4.2,11.7,,87.0,112
Justin Robinson,3,0,15,3.2,25.7,0.125,0.0,9.6,0.0,3.2,16.1,0.2,0.0,0.0,,0.0,3.2,3.2,6.4,0.0,0.0,3.2,6.4,6.4,,38.0,121
Justin Robinson,5,0,91,4.8,15.0,0.321,4.3,11.2,0.381,0.5,3.7,0.143,1.1,3.2,0.333,1.1,2.7,3.7,4.8,0.5,0.5,2.7,4.3,15.0,,91.0,118
Mitchell Robinson,49,40,1243,7.2,9.2,0.781,0.0,0.0,,7.2,9.2,0.781,2.6,5.1,0.516,7.5,9.8,17.3,0.9,1.2,3.2,1.5,5.3,17.0,,145.0,107
Jeremiah Robinson-Earl,44,36,1014,5.7,14.1,0.401,2.4,7.3,0.333,3.2,6.9,0.472,1.5,2.0,0.714,3.4,8.9,12.3,2.1,1.3,0.7,1.7,3.6,15.2,,105.0,110
Isaiah Roby,18,5,246,9.4,16.8,0.56,2.2,4.4,0.5,7.2,12.4,0.581,3.2,4.2,0.762,4.0,7.8,11.8,2.6,0.8,1.2,3.0,5.2,24.2,,119.0,111
Rajon Rondo,29,0,515,4.5,13.2,0.343,2.0,6.3,0.313,2.6,6.9,0.37,1.3,1.6,0.824,1.2,6.7,7.9,11.3,2.1,0.5,5.1,4.2,12.4,,93.0,108
Rajon Rondo,18,0,289,3.8,11.8,0.324,1.3,5.0,0.267,2.5,6.8,0.366,0.2,0.3,0.5,1.7,6.5,8.1,11.1,2.0,0.8,5.6,4.1,9.1,,84.0,110
Rajon Rondo,11,0,226,5.5,15.2,0.362,2.9,8.2,0.351,2.6,7.1,0.375,2.9,3.3,0.867,0.7,7.1,7.7,11.5,2.2,0.0,4.4,4.2,16.8,,104.0,106
Derrick Rose,26,4,636,9.6,21.6,0.445,2.9,7.3,0.402,6.7,14.4,0.467,2.4,2.4,0.968,1.7,4.5,6.2,8.1,1.7,0.9,3.1,1.2,24.6,,112.0,112
Terrence Ross,47,0,1150,7.4,18.4,0.405,2.6,8.5,0.308,4.8,9.9,0.487,4.1,4.7,0.874,0.6,4.6,5.2,4.0,1.0,0.5,2.7,2.3,21.6,,101.0,115
Terry Rozier,47,47,1566,9.7,22.6,0.43,4.3,11.7,0.366,5.4,10.9,0.497,2.7,3.3,0.806,1.0,5.0,6.0,5.8,1.6,0.5,1.8,2.0,26.3,,112.0,115
Ricky Rubio,34,8,970,7.7,21.1,0.363,3.0,8.9,0.339,4.6,12.2,0.38,4.5,5.3,0.854,0.8,6.5,7.2,11.6,2.5,0.4,4.6,3.9,22.9,,102.0,105
D'Angelo Russell,41,41,1314,9.8,23.9,0.412,4.5,12.8,0.353,5.3,11.1,0.479,4.2,5.3,0.806,0.5,4.8,5.4,10.5,1.4,0.7,3.9,3.2,28.5,,112.0,113
Domantas Sabonis,48,47,1665,10.1,17.5,0.578,1.0,3.2,0.321,9.1,14.2,0.636,5.7,7.7,0.739,4.7,12.5,17.2,7.1,1.4,0.7,4.4,4.4,26.9,,122.0,111
Domantas Sabonis,47,46,1632,10.0,17.3,0.58,1.1,3.3,0.324,8.9,14.0,0.639,5.8,7.8,0.74,4.7,12.5,17.1,7.1,1.4,0.7,4.3,4.4,26.8,,123.0,111
Domantas Sabonis,1,1,33,14.6,27.7,0.526,0.0,1.5,0.0,14.6,26.3,0.556,2.9,4.4,0.667,7.3,13.1,20.4,7.3,1.5,0.0,5.8,5.8,32.1,,106.0,112
Olivier Sarr,2,0,14,3.5,10.5,0.333,0.0,3.5,0.0,3.5,7.0,0.5,7.0,7.0,1.0,0.0,17.5,17.5,0.0,0.0,7.0,0.0,3.5,14.0,,114.0,99
Tomáš Satoranský,32,3,481,3.3,11.0,0.299,0.5,3.2,0.161,2.8,7.8,0.355,2.0,2.6,0.76,1.9,4.7,6.6,7.8,1.4,0.1,2.4,3.4,9.1,,94.0,115
Jordan Schakel,2,0,14,0.0,21.2,0.0,0.0,10.6,0.0,0.0,10.6,0.0,0.0,0.0,,7.1,3.5,10.6,0.0,0.0,0.0,0.0,0.0,0.0,,28.0,119
Admiral Schofield,20,1,235,5.6,11.4,0.491,2.3,6.8,0.333,3.3,4.5,0.727,0.6,1.0,0.6,1.2,7.6,8.9,3.1,0.4,0.6,2.3,5.8,14.1,,106.0,115
Dennis Schröder,49,25,1433,8.9,20.3,0.44,2.3,6.7,0.349,6.6,13.6,0.485,4.3,5.0,0.848,1.0,4.7,5.7,7.2,1.4,0.2,3.6,4.0,24.4,,108.0,109
Tre Scott,2,0,11,13.6,27.2,0.5,0.0,4.5,0.0,13.6,22.7,0.6,0.0,0.0,,4.5,4.5,9.1,0.0,4.5,4.5,0.0,9.1,27.2,,106.0,96
Jay Scrubb,18,0,121,7.2,18.5,0.391,2.4,8.5,0.286,4.8,10.1,0.48,2.8,4.0,0.7,0.8,5.6,6.4,3.2,1.6,1.2,2.8,3.6,19.7,,93.0,110
Wayne Selden,3,0,19,2.6,10.6,0.25,2.6,5.3,0.5,0.0,5.3,0.0,5.3,10.6,0.5,0.0,2.6,2.6,2.6,0.0,0.0,0.0,2.6,13.2,,103.0,118
Alperen Şengün,46,4,858,7.9,16.4,0.481,0.8,3.2,0.259,7.0,13.1,0.536,5.9,8.3,0.707,4.3,7.7,12.0,6.2,2.1,2.4,5.2,7.4,22.5,,106.0,112
Collin Sexton,11,11,316,10.7,23.8,0.45,1.7,7.1,0.244,9.0,16.7,0.538,4.6,6.2,0.744,2.1,3.6,5.7,3.6,1.6,0.0,4.9,3.9,27.8,,96.0,109
Landry Shamet,45,7,891,5.8,15.7,0.37,3.9,10.9,0.353,2.0,4.8,0.409,2.5,2.9,0.852,0.6,4.1,4.7,3.9,1.1,0.2,1.3,2.8,18.0,,110.0,110
Day'Ron Sharpe,26,8,326,10.6,18.7,0.563,0.1,0.6,0.25,10.4,18.1,0.574,2.7,4.5,0.6,10.0,9.4,19.3,1.8,1.0,2.2,4.0,8.0,23.9,,113.0,110
Pascal Siakam,40,40,1516,10.9,22.3,0.487,1.5,4.1,0.355,9.4,18.2,0.517,5.3,7.3,0.736,2.8,8.8,11.7,6.9,1.7,1.1,3.6,4.6,28.5,,114.0,109
Chris Silva,10,0,91,4.4,8.3,0.533,0.0,0.0,,4.4,8.3,0.533,5.5,6.6,0.833,7.2,12.7,19.8,3.9,0.0,0.6,4.4,11.0,14.3,,118.0,108
Chris Silva,1,0,3,0.0,0.0,,0.0,0.0,,0.0,0.0,,0.0,0.0,,0.0,16.0,16.0,0.0,0.0,0.0,0.0,0.0,0.0,,,110
Chris Silva,9,0,88,4.6,8.6,0.533,0.0,0.0,,4.6,8.6,0.533,5.7,6.8,0.833,7.4,12.5,20.0,4.0,0.0,0.6,4.6,11.4,14.8,,118.0,108
Marko Simonovic,9,0,35,5.6,20.9,0.267,1.4,7.0,0.2,4.2,13.9,0.3,11.2,15.3,0.727,7.0,7.0,13.9,0.0,1.4,1.4,2.8,8.4,23.7,,96.0,111
Anfernee Simons,50,23,1449,9.9,22.5,0.439,4.9,12.4,0.392,5.0,10.1,0.497,2.7,3.0,0.888,0.8,3.7,4.5,6.3,0.9,0.2,3.2,3.2,27.3,,111.0,119
Jericho Sims,17,0,111,3.6,5.0,0.727,0.0,0.0,,3.6,5.0,0.727,1.4,1.8,0.75,5.0,7.2,12.2,0.5,1.4,3.2,0.9,3.6,8.6,,149.0,108
Deividas Sirvydis,3,0,27,1.8,18.0,0.1,1.8,12.6,0.143,0.0,5.4,0.0,0.0,0.0,,0.0,10.8,10.8,1.8,5.4,1.8,0.0,7.2,5.4,,40.0,101
Javonte Smart,13,1,160,3.3,13.0,0.256,1.2,5.4,0.222,2.1,7.6,0.28,1.5,1.8,0.833,1.2,4.5,5.7,4.2,1.2,0.6,2.7,3.3,9.4,,77.0,112
Marcus Smart,47,47,1549,6.1,14.7,0.414,2.3,7.2,0.316,3.8,7.5,0.509,2.9,3.7,0.791,0.9,5.0,6.0,8.1,2.8,0.4,3.1,3.7,17.4,,109.0,106
Dennis Smith Jr.,37,4,638,6.1,14.5,0.418,0.5,2.1,0.222,5.6,12.5,0.451,3.2,4.9,0.656,1.5,5.2,6.8,10.2,3.5,0.9,3.9,4.0,15.8,,102.0,111
Ish Smith,37,1,511,6.8,17.3,0.395,0.9,2.3,0.4,5.9,15.0,0.394,1.1,1.8,0.632,1.0,4.3,5.3,9.2,1.9,0.9,3.4,3.2,15.7,,95.0,114
Jalen Smith,29,4,382,8.0,17.4,0.46,1.1,4.9,0.231,6.8,12.4,0.551,5.1,6.6,0.769,7.0,10.6,17.6,0.8,0.8,2.3,2.8,6.6,22.2,,112.0,104
Xavier Sneed,2,0,8,0.0,12.1,0.0,0.0,12.1,0.0,0.0,0.0,,0.0,0.0,,6.0,6.0,12.1,0.0,0.0,0.0,0.0,12.1,0.0,,39.0,115
Tony Snell,38,10,546,3.2,8.7,0.371,2.2,6.7,0.32,1.1,2.0,0.545,0.3,0.3,1.0,1.0,5.5,6.5,1.8,0.7,0.6,1.0,4.0,8.9,,103.0,118
Jaden Springer,2,0,6,8.3,8.3,1.0,0.0,0.0,,8.3,8.3,1.0,0.0,0.0,,8.3,8.3,16.7,0.0,0.0,16.7,8.3,0.0,16.7,,101.0,94
Cassius Stanley,9,1,155,6.0,14.4,0.413,1.3,5.3,0.235,4.7,9.1,0.517,3.1,3.1,1.0,1.6,4.4,6.0,1.3,1.6,0.6,1.9,5.3,16.3,,100.0,115
Nik Stauskas,2,0,24,6.3,16.7,0.375,4.2,8.4,0.5,2.1,8.4,0.25,6.3,8.4,0.75,2.1,4.2,6.3,2.1,0.0,0.0,0.0,2.1,23.0,,127.0,115
Lance Stephenson,26,1,445,8.6,19.2,0.451,1.6,6.0,0.259,7.1,13.2,0.538,3.7,4.7,0.786,1.1,7.3,8.4,10.6,1.1,0.1,4.5,5.4,22.5,,107.0,115
Lance Stephenson,6,0,70,3.5,9.1,0.385,0.0,2.1,0.0,3.5,7.0,0.5,0.7,1.4,0.5,0.7,9.8,10.5,7.7,0.0,0.0,2.8,5.6,7.7,,91.0,117
Lance Stephenson,20,1,375,9.6,21.0,0.456,1.8,6.7,0.275,7.8,14.3,0.541,4.2,5.3,0.8,1.2,6.8,8.0,11.2,1.3,0.1,4.9,5.4,25.3,,108.0,115
Lamar Stevens,39,8,576,7.2,15.1,0.477,1.1,3.7,0.302,6.1,11.3,0.534,2.2,3.5,0.625,2.5,5.3,7.8,2.2,1.7,0.8,1.9,5.0,17.7,,106.0,107
Isaiah Stewart,46,46,1194,6.5,12.6,0.518,0.1,1.0,0.125,6.4,11.6,0.551,1.8,2.7,0.657,5.7,10.3,16.0,2.0,0.6,2.1,2.4,5.5,14.9,,109.0,112
Max Strus,43,9,1038,8.1,18.2,0.444,5.6,13.7,0.41,2.5,4.5,0.548,1.5,1.9,0.775,0.9,6.0,6.9,2.7,0.7,0.4,1.6,3.5,23.3,,117.0,111
Jalen Suggs,35,32,979,7.4,20.3,0.366,1.8,7.3,0.245,5.7,13.1,0.433,4.6,5.9,0.773,1.1,5.3,6.4,7.2,2.1,0.7,5.5,5.2,21.2,,88.0,112
Craig Sword,3,0,19,7.8,10.4,0.75,0.0,2.6,0.0,7.8,7.8,1.0,0.0,0.0,,0.0,0.0,0.0,2.6,10.4,0.0,2.6,18.2,15.6,,115.0,97
Keifer Sykes,18,10,353,6.1,16.8,0.367,2.4,7.8,0.304,3.8,8.9,0.422,1.7,2.0,0.857,0.8,4.1,4.9,5.3,1.0,0.4,3.4,5.0,16.3,,92.0,117
Jae'Sean Tate,52,51,1418,8.4,16.9,0.5,1.4,4.6,0.301,7.1,12.3,0.574,3.3,4.7,0.7,3.0,6.7,9.8,5.3,1.7,1.0,3.3,6.4,21.5,,111.0,115
Jayson Tatum,52,52,1874,12.3,28.5,0.431,3.8,11.6,0.328,8.5,16.9,0.501,6.8,8.1,0.84,1.6,10.0,11.6,5.7,1.3,1.0,4.0,3.3,35.2,,108.0,105
Terry Taylor,10,1,166,11.0,19.9,0.552,1.2,2.1,0.571,9.8,17.8,0.55,2.4,3.0,0.8,10.4,9.2,19.6,4.8,0.3,0.6,1.2,5.3,25.6,,137.0,115
Garrett Temple,50,16,984,5.0,13.2,0.382,2.6,8.1,0.319,2.5,5.1,0.48,1.4,2.0,0.718,1.4,5.3,6.6,3.3,2.0,1.0,1.9,3.9,14.0,,101.0,112
Emanuel Terry,3,0,18,0.0,13.4,0.0,0.0,0.0,,0.0,13.4,0.0,0.0,0.0,,21.5,18.8,40.3,5.4,2.7,0.0,13.4,10.8,0.0,,60.0,98
Tyrell Terry,2,0,3,16.1,16.1,1.0,0.0,0.0,,16.1,16.1,1.0,0.0,0.0,,0.0,0.0,0.0,0.0,0.0,0.0,0.0,16.1,32.1,,200.0,118
Jon Teske,3,0,8,0.0,6.0,0.0,0.0,0.0,,0.0,6.0,0.0,0.0,12.1,0.0,0.0,12.1,12.1,6.0,6.0,0.0,0.0,6.0,0.0,,31.0,98
Daniel Theis,26,21,584,6.8,14.6,0.469,1.9,6.4,0.291,5.0,8.2,0.61,2.2,3.3,0.675,2.6,8.0,10.6,1.6,0.9,1.4,2.5,5.1,17.8,,104.0,116
Brodric Thomas,7,0,28,1.8,16.0,0.111,0.0,10.7,0.0,1.8,5.3,0.333,3.6,3.6,1.0,3.6,5.3,8.9,8.9,0.0,0.0,5.3,1.8,7.1,,63.0,112
Cam Thomas,43,1,785,8.9,20.3,0.438,1.9,7.4,0.258,7.0,12.9,0.541,2.9,3.7,0.783,0.5,5.9,6.4,3.2,1.4,0.4,2.2,2.2,22.6,,101.0,114
Isaiah Thomas,5,1,114,6.3,19.8,0.319,2.1,10.6,0.2,4.2,9.3,0.455,3.4,4.6,0.727,0.4,3.0,3.4,4.2,0.0,0.8,2.1,5.1,18.2,,88.0,116
Isaiah Thomas,4,1,101,5.7,18.5,0.308,2.4,10.4,0.227,3.3,8.1,0.412,3.8,5.2,0.727,0.5,3.3,3.8,2.8,0.0,0.9,2.4,5.7,17.5,,85.0,116
Isaiah Thomas,1,0,13,11.6,30.8,0.375,0.0,11.6,0.0,11.6,19.3,0.6,0.0,0.0,,0.0,0.0,0.0,15.4,0.0,0.0,0.0,0.0,23.1,,101.0,116
Matt Thomas,32,0,417,5.9,14.2,0.413,3.9,9.6,0.402,2.0,4.6,0.436,1.5,2.0,0.765,0.4,4.9,5.3,2.2,0.8,0.2,0.7,2.0,17.1,,114.0,116
Klay Thompson,12,12,287,12.2,28.7,0.426,5.8,15.3,0.378,6.5,13.4,0.481,3.7,3.7,1.0,1.0,5.8,6.8,6.1,1.4,1.0,3.2,2.9,34.0,,109.0,106
Tristan Thompson,30,3,455,8.0,16.0,0.503,0.1,0.1,1.0,7.9,15.9,0.5,3.4,6.4,0.533,7.6,9.4,17.0,1.9,1.2,1.3,3.1,5.5,19.6,,108.0,113
JT Thor,15,0,128,4.1,11.9,0.344,1.9,7.5,0.25,2.2,4.5,0.5,2.6,3.7,0.7,2.2,4.9,7.1,3.0,1.5,2.2,1.9,5.2,12.7,,100.0,113
Matisse Thybulle,39,24,1034,4.4,8.8,0.503,1.5,4.6,0.316,3.0,4.2,0.709,0.6,0.9,0.684,1.0,3.3,4.4,2.1,3.3,2.1,1.2,4.2,10.9,,113.0,107
Killian Tillie,32,3,427,4.7,13.1,0.362,2.9,8.7,0.338,1.8,4.4,0.41,0.6,0.9,0.625,2.3,4.0,6.2,2.3,2.6,1.6,1.2,6.0,13.0,,106.0,109
Xavier Tillman Sr.,39,0,510,6.5,14.5,0.451,0.7,3.3,0.2,5.9,11.2,0.525,2.9,4.5,0.646,4.3,6.6,11.0,3.8,3.9,1.3,2.5,4.6,16.6,,109.0,105
Isaiah Todd,9,0,35,7.1,21.2,0.333,5.7,14.1,0.4,1.4,7.1,0.2,2.8,5.7,0.5,2.8,9.9,12.7,1.4,2.8,2.8,1.4,1.4,22.6,,99.0,105
Obi Toppin,50,2,775,9.5,18.1,0.523,1.3,5.4,0.238,8.2,12.6,0.646,4.1,5.4,0.75,3.0,8.8,11.8,3.0,0.9,1.4,2.4,4.4,24.3,,117.0,110
Juan Toscano-Anderson,53,5,799,6.0,12.2,0.49,1.3,4.4,0.306,4.6,7.8,0.594,2.1,3.5,0.596,1.6,7.2,8.8,6.3,2.4,0.9,3.6,5.2,15.4,,105.0,103
Karl-Anthony Towns,48,48,1648,12.1,23.2,0.521,3.0,7.3,0.406,9.1,15.9,0.574,6.7,8.3,0.817,3.9,9.4,13.3,5.5,1.4,1.6,4.6,5.0,33.9,,119.0,109
Gary Trent Jr.,44,43,1533,9.5,22.0,0.431,4.5,11.3,0.401,5.0,10.7,0.463,2.6,3.2,0.818,0.5,3.4,3.9,2.8,2.7,0.5,1.4,3.1,26.2,,115.0,111
P.J. Tucker,48,47,1359,5.6,11.2,0.503,2.5,5.4,0.469,3.1,5.7,0.535,1.3,1.7,0.723,2.5,7.1,9.6,3.8,1.5,0.4,1.7,4.1,15.0,,124.0,109
Rayjon Tucker,3,0,29,1.7,3.4,0.5,1.7,3.4,0.5,0.0,0.0,,5.1,6.8,0.75,1.7,5.1,6.8,6.8,1.7,0.0,0.0,5.1,10.2,,187.0,112
Myles Turner,42,42,1235,8.0,15.7,0.509,2.4,7.3,0.333,5.6,8.4,0.662,3.2,4.2,0.752,2.6,9.3,11.9,1.8,1.1,4.7,2.2,4.8,21.6,,117.0,108
Jonas Valančiūnas,48,48,1503,10.9,20.7,0.529,1.5,3.7,0.402,9.5,17.0,0.556,5.2,6.4,0.814,5.3,13.1,18.4,4.1,0.8,1.4,4.0,5.2,28.6,,116.0,110
Denzel Valentine,24,0,222,5.6,14.8,0.379,4.3,10.5,0.404,1.3,4.3,0.316,0.0,0.0,,2.0,7.4,9.4,2.5,1.8,0.0,2.7,4.5,15.5,,98.0,107
Denzel Valentine,22,0,204,5.6,15.1,0.371,4.4,10.8,0.409,1.2,4.4,0.278,0.0,0.0,,2.2,7.1,9.3,2.7,1.7,0.0,2.4,4.2,15.6,,100.0,107
Denzel Valentine,2,0,18,5.4,10.9,0.5,2.7,8.2,0.333,2.7,2.7,1.0,0.0,0.0,,0.0,10.9,10.9,0.0,2.7,0.0,5.4,8.2,13.6,,75.0,106
Jarred Vanderbilt,50,43,1301,5.6,9.4,0.592,0.1,0.4,0.182,5.5,9.0,0.611,2.2,3.3,0.663,5.8,10.8,16.6,2.5,2.8,1.4,1.9,4.8,13.4,,127.0,105
Fred VanVleet,48,48,1851,9.5,22.7,0.418,5.2,13.0,0.397,4.3,9.7,0.445,3.9,4.5,0.873,1.0,4.9,5.9,9.2,2.2,0.7,3.5,3.1,28.0,,117.0,111
Devin Vassell,47,8,1195,8.3,19.1,0.432,3.3,9.6,0.345,5.0,9.5,0.521,1.7,2.1,0.792,1.0,7.1,8.1,2.9,1.9,1.2,1.4,3.9,21.5,,108.0,110
Gabe Vincent,46,19,1099,7.1,16.5,0.431,4.1,10.4,0.392,3.1,6.2,0.496,1.5,1.8,0.8,0.8,3.4,4.2,7.0,2.1,0.5,3.4,5.2,19.8,,109.0,109
Nikola Vučević,48,48,1618,10.7,23.0,0.466,2.3,7.0,0.329,8.4,16.0,0.525,1.7,2.3,0.727,3.0,13.9,16.9,5.2,1.4,1.7,2.6,3.6,25.4,,108.0,107
Dean Wade,40,22,763,4.9,10.9,0.449,2.7,7.3,0.366,2.2,3.6,0.618,0.9,1.5,0.609,1.6,6.2,7.8,2.9,1.4,0.3,1.0,4.1,13.4,,119.0,108
Franz Wagner,56,56,1795,9.1,19.5,0.464,1.9,5.3,0.359,7.2,14.3,0.503,3.7,4.3,0.85,1.7,5.4,7.0,4.5,1.3,0.7,2.5,3.3,23.7,,109.0,114
Moritz Wagner,45,0,564,10.3,20.5,0.5,3.5,10.7,0.331,6.7,9.8,0.684,5.4,6.8,0.797,1.9,7.6,9.5,4.2,1.1,0.9,2.8,7.1,29.5,,118.0,113
Ish Wainright,27,0,201,5.1,14.0,0.362,2.2,7.5,0.29,2.9,6.5,0.444,0.5,1.2,0.4,4.6,3.9,8.4,2.2,1.9,1.0,2.4,7.7,12.8,,95.0,107
Kemba Walker,33,33,853,7.9,19.7,0.401,3.8,10.5,0.365,4.1,9.2,0.442,2.9,3.5,0.817,0.7,5.4,6.1,6.8,1.5,0.3,2.6,2.1,22.5,,109.0,112
Lonnie Walker IV,50,6,1133,8.6,22.1,0.388,3.0,10.1,0.294,5.6,12.0,0.466,3.1,3.8,0.831,0.5,4.9,5.4,5.0,1.4,0.7,2.3,3.0,23.3,,100.0,113
M.J. Walker,2,0,8,0.0,24.2,0.0,0.0,12.1,0.0,0.0,12.1,0.0,0.0,0.0,,0.0,6.0,6.0,6.0,12.1,0.0,0.0,6.0,0.0,,18.0,85
Derrick Walton,3,3,108,2.7,11.7,0.231,1.4,5.9,0.231,1.4,5.9,0.231,1.8,1.8,1.0,0.9,3.6,4.5,9.5,3.2,1.8,5.0,3.6,8.6,,76.0,110
Brad Wanamaker,23,2,320,4.3,11.9,0.364,0.6,2.6,0.235,3.7,9.3,0.4,3.5,3.9,0.92,0.9,5.1,6.0,8.5,1.1,0.9,3.5,6.9,12.8,,100.0,115
Brad Wanamaker,22,1,293,4.4,12.1,0.361,0.7,2.9,0.235,3.7,9.3,0.4,3.4,3.7,0.909,1.0,4.9,5.9,8.1,0.8,1.0,3.9,7.1,12.8,,96.0,116
Brad Wanamaker,1,1,27,3.7,9.2,0.4,0.0,0.0,,3.7,9.2,0.4,5.5,5.5,1.0,0.0,7.3,7.3,12.8,3.7,0.0,0.0,5.5,12.8,,147.0,108
Duane Washington Jr.,24,7,505,8.4,21.9,0.384,3.9,11.2,0.348,4.5,10.6,0.422,2.1,2.5,0.808,0.2,4.6,4.8,4.8,1.1,0.1,2.4,2.9,22.8,,100.0,117
P.J. Washington,39,4,958,6.8,15.2,0.446,3.5,9.2,0.386,3.2,6.0,0.537,2.1,2.9,0.729,2.5,8.1,10.6,3.9,1.4,1.7,2.6,4.8,19.2,,112.0,112
Yuta Watanabe,23,4,353,5.8,14.6,0.398,2.8,8.1,0.351,3.0,6.5,0.457,2.0,3.7,0.538,2.0,7.9,9.9,2.1,1.0,1.4,2.3,4.4,16.4,,101.0,111
Tremont Waters,3,0,50,4.0,14.0,0.286,2.0,9.0,0.222,2.0,5.0,0.4,0.0,0.0,,0.0,4.0,4.0,7.0,5.0,0.0,4.0,4.0,10.0,,76.0,106
Tremont Waters,2,0,42,3.6,14.3,0.25,2.4,10.7,0.222,1.2,3.6,0.333,0.0,0.0,,0.0,4.8,4.8,8.3,4.8,0.0,4.8,2.4,9.5,,74.0,106
Tremont Waters,1,0,8,6.2,12.4,0.5,0.0,0.0,,6.2,12.4,0.5,0.0,0.0,,0.0,0.0,0.0,0.0,6.2,0.0,0.0,12.4,12.4,,100.0,107
Trendon Watford,30,0,364,7.5,12.9,0.583,0.0,1.3,0.0,7.5,11.6,0.651,2.8,4.2,0.677,3.2,8.5,11.7,3.6,1.2,1.9,2.7,6.6,17.9,,116.0,113
Paul Watson,9,3,156,3.8,11.0,0.343,1.9,8.2,0.231,1.9,2.8,0.667,0.3,0.6,0.5,0.9,7.6,8.5,2.5,0.9,0.9,1.3,3.1,9.8,,91.0,111
Quinndary Weatherspoon,5,0,33,8.9,14.8,0.6,0.0,1.5,0.0,8.9,13.3,0.667,3.0,3.0,1.0,1.5,7.4,8.9,3.0,1.5,1.5,4.4,10.3,20.7,,104.0,104
Russell Westbrook,55,55,1902,9.6,22.1,0.435,1.4,4.8,0.298,8.2,17.2,0.473,4.7,7.1,0.665,1.9,8.9,10.8,10.6,1.5,0.4,5.6,4.1,25.3,,100.0,110
Coby White,35,12,961,8.3,19.0,0.437,3.7,10.1,0.362,4.7,8.9,0.523,2.7,3.2,0.841,0.5,4.4,4.9,4.7,0.8,0.5,2.2,4.0,23.0,,110.0,115
Derrick White,49,48,1486,7.9,18.5,0.426,2.6,8.4,0.314,5.2,10.1,0.519,4.5,5.2,0.869,0.8,4.8,5.6,8.9,1.6,1.4,2.8,3.8,22.9,,114.0,112
Hassan Whiteside,43,7,786,9.1,14.5,0.627,0.0,0.0,,9.1,14.5,0.627,4.6,7.0,0.655,6.3,13.6,19.9,1.1,0.8,4.0,2.4,8.0,22.8,,127.0,103
Joe Wieskamp,14,0,88,7.1,14.8,0.481,4.4,9.8,0.444,2.7,4.9,0.556,1.6,3.8,0.429,1.1,2.7,3.8,2.2,1.1,1.1,0.5,2.7,20.2,,123.0,115
Aaron Wiggins,31,18,680,6.1,12.6,0.486,1.9,5.7,0.329,4.3,6.9,0.615,2.4,3.4,0.702,2.1,5.8,7.9,2.4,1.7,0.4,1.9,4.1,16.5,,112.0,111
Andrew Wiggins,50,50,1580,10.5,21.6,0.484,3.5,8.5,0.415,6.9,13.1,0.528,3.4,5.0,0.669,1.5,5.0,6.5,3.3,1.5,1.0,2.3,3.0,27.8,,112.0,106
Lindell Wigginton,6,0,25,11.6,11.6,1.0,3.9,3.9,1.0,7.7,7.7,1.0,0.0,0.0,,0.0,1.9,1.9,5.8,3.9,1.9,1.9,5.8,27.1,,190.0,106
Brandon Williams,2,0,12,8.2,12.3,0.667,0.0,0.0,,8.2,12.3,0.667,16.4,28.6,0.571,0.0,8.2,8.2,8.2,0.0,0.0,0.0,0.0,32.7,,147.0,119
Grant Williams,51,13,1165,5.3,11.0,0.483,3.2,7.5,0.429,2.1,3.6,0.595,1.8,2.0,0.896,1.7,5.4,7.1,2.4,1.1,1.5,1.7,4.7,15.7,,124.0,108
Kenrich Williams,46,0,995,6.6,14.8,0.448,2.0,5.6,0.351,4.6,9.1,0.508,1.1,2.2,0.523,3.5,6.5,10.0,4.9,2.0,0.4,2.3,3.7,16.3,,108.0,110
Lou Williams,37,0,541,8.2,20.6,0.398,2.5,7.2,0.354,5.6,13.4,0.422,4.4,4.9,0.889,1.0,4.3,5.3,6.6,1.7,0.3,2.6,3.3,23.3,,107.0,116
Patrick Williams,5,5,125,5.1,9.0,0.565,1.2,2.3,0.5,3.9,6.6,0.588,1.6,1.6,1.0,0.4,3.9,4.3,1.2,1.2,0.8,0.8,3.5,12.9,,126.0,115
Robert Williams,45,45,1335,7.3,9.9,0.737,0.0,0.0,0.0,7.3,9.9,0.74,1.9,2.7,0.708,6.4,9.5,15.9,3.4,1.5,3.7,1.9,3.5,16.5,,144.0,102
Ziaire Williams,36,15,775,6.5,14.9,0.433,2.4,8.6,0.281,4.0,6.3,0.644,1.2,1.4,0.864,0.7,3.4,4.1,2.1,1.2,0.4,1.2,4.4,16.6,,109.0,114
D.J. Wilson,3,1,48,8.3,11.5,0.727,0.0,2.1,0.0,8.3,9.4,0.889,8.3,10.4,0.8,1.0,13.6,14.6,4.2,5.2,1.0,2.1,5.2,25.0,,147.0,98
Dylan Windler,37,0,344,4.8,11.2,0.429,3.0,7.8,0.389,1.7,3.3,0.522,1.0,1.3,0.778,2.0,7.0,9.0,3.6,1.3,0.3,1.9,5.4,13.6,,114.0,107
Justise Winslow,40,3,565,6.6,14.6,0.45,0.6,3.5,0.171,6.0,11.0,0.539,2.2,3.7,0.605,2.8,10.5,13.4,5.1,2.3,1.8,3.6,4.3,16.0,,97.0,105
Justise Winslow,37,1,479,6.4,14.3,0.447,0.5,2.9,0.172,5.9,11.4,0.518,2.5,4.2,0.61,3.1,10.5,13.5,5.3,2.1,1.8,3.8,4.7,15.9,,97.0,105
Justise Winslow,3,2,86,7.4,16.0,0.464,1.1,6.8,0.167,6.3,9.1,0.688,0.6,1.1,0.5,1.7,10.8,12.6,4.0,3.4,1.7,2.9,2.3,16.5,,97.0,107
Cassius Winston,2,0,7,0.0,14.1,0.0,0.0,14.1,0.0,0.0,0.0,,14.1,14.1,1.0,0.0,0.0,0.0,14.1,0.0,0.0,7.1,0.0,14.1,,78.0,121
Christian Wood,51,50,1584,9.9,20.6,0.483,2.9,7.6,0.374,7.1,13.0,0.546,4.4,7.2,0.617,2.6,13.1,15.7,3.3,1.2,1.4,2.9,3.8,27.2,,110.0,112
Robert Woodard II,12,0,42,2.3,18.3,0.125,1.1,4.6,0.25,1.1,13.8,0.083,2.3,2.3,1.0,5.7,6.9,12.6,3.4,1.1,1.1,1.1,3.4,8.0,,70.0,115
Delon Wright,49,5,893,4.2,9.5,0.439,1.4,3.7,0.388,2.8,5.8,0.472,1.8,2.2,0.825,1.8,5.5,7.2,6.9,2.8,0.6,1.8,2.0,11.6,,121.0,113
McKinley Wright IV,3,0,9,10.7,16.0,0.667,5.3,10.7,0.5,5.3,5.3,1.0,0.0,0.0,,0.0,0.0,0.0,5.3,0.0,0.0,5.3,5.3,26.6,,119.0,120
Moses Wright,1,0,1,0.0,0.0,,0.0,0.0,,0.0,0.0,,0.0,0.0,,0.0,0.0,0.0,48.7,0.0,0.0,0.0,0.0,0.0,,232.0,119
Thaddeus Young,26,1,370,9.6,16.7,0.578,0.0,0.7,0.0,9.6,16.0,0.602,1.3,2.9,0.455,5.2,6.9,12.1,7.7,3.0,0.9,3.9,4.9,20.6,,113.0,108
Trae Young,49,49,1692,13.4,29.3,0.458,4.2,11.1,0.379,9.2,18.3,0.506,8.6,9.6,0.894,0.9,4.7,5.6,13.3,1.4,0.1,5.9,2.3,39.7,,116.0,117
Omer Yurtseven,39,10,558,9.1,17.4,0.523,0.1,0.6,0.143,9.0,16.7,0.538,2.9,4.5,0.64,6.0,15.0,21.0,3.8,1.3,1.6,3.1,6.1,21.1,,112.0,103
Cody Zeller,27,0,355,7.0,12.4,0.567,0.0,0.6,0.0,7.0,11.9,0.593,5.3,6.8,0.776,6.9,10.4,17.3,3.0,1.1,0.8,2.6,7.7,19.4,,128.0,114
Ivica Zubac,50,50,1197,7.3,11.2,0.649,0.0,0.0,,7.3,11.2,0.649,4.6,6.3,0.735,5.3,10.9,16.2,2.6,0.9,2.1,2.8,5.0,19.2,,128.0,107
