Player,G,MP,FG%,Dist.,% of FGA by Distance_2P,% of FGA by Distance_0-3,% of FGA by Distance_3-10,% of FGA by Distance_10-16,% of FGA by Distance_16-3P,% of FGA by Distance_3P,FG% by Distance_2P,FG% by Distance_0-3,FG% by Distance_3-10,FG% by Distance_10-16,FG% by Distance_16-3P,FG% by Distance_3P,% of FG Ast'd_2P,% of FG Ast'd_3P,Dunks_%FGA,Dunks_#,Corner 3s_%3PA,Corner 3s_3P%,Heaves_Att.,Heaves_#
Precious Achiuwa,44,1047,0.422,8.1,0.837,0.404,0.313,0.087,0.033,0.163,0.446,0.582,0.327,0.31,0.273,0.296,0.605,1.0,0.184,47,0.352,0.263,0,0
Steven Adams,52,1354,0.53,2.7,1.0,0.692,0.277,0.032,0.0,0.0,0.53,0.611,0.357,0.25,,,0.463,,0.134,29,,,0,0
Bam Adebayo,30,985,0.518,7.1,0.992,0.402,0.28,0.215,0.096,0.008,0.522,0.774,0.333,0.353,0.395,0.0,0.61,,0.172,63,0.0,,1,0
Santi Aldama,27,277,0.381,12.6,0.598,0.33,0.186,0.072,0.01,0.402,0.569,0.75,0.333,0.429,0.0,0.103,0.667,1.0,0.093,9,0.231,0.333,0,0
LaMarcus Aldridge,36,825,0.555,12.4,0.898,0.204,0.172,0.236,0.287,0.102,0.582,0.724,0.516,0.545,0.551,0.316,0.764,1.0,0.035,13,0.316,0.333,0,0
Nickeil Alexander-Walker,50,1317,0.375,15.6,0.517,0.217,0.166,0.074,0.06,0.483,0.434,0.584,0.333,0.362,0.263,0.311,0.408,0.895,0.014,8,0.23,0.371,2,0
Grayson Allen,46,1298,0.428,19.3,0.32,0.153,0.092,0.057,0.018,0.68,0.5,0.612,0.425,0.36,0.375,0.394,0.657,0.906,0.023,7,0.259,0.442,0,0
Jarrett Allen,47,1531,0.667,3.9,0.978,0.626,0.295,0.041,0.017,0.022,0.679,0.801,0.46,0.474,0.5,0.1,0.718,0.0,0.346,140,0.6,0.0,0,0
Jose Alvarado,27,335,0.42,14.0,0.588,0.269,0.185,0.101,0.034,0.412,0.5,0.656,0.364,0.333,0.5,0.306,0.343,1.0,0.0,0,0.204,0.4,0,0
Justin Anderson,6,77,0.316,21.5,0.211,0.158,0.0,0.0,0.053,0.789,0.75,0.667,,,1.0,0.2,1.0,0.667,0.0,0,0.267,0.0,0,0
Justin Anderson,3,47,0.5,22.0,0.25,0.125,0.0,0.0,0.125,0.75,1.0,1.0,,,1.0,0.333,1.0,1.0,0.0,0,0.333,0.0,0,0
Justin Anderson,3,30,0.182,21.1,0.182,0.182,0.0,0.0,0.0,0.818,0.5,0.5,,,,0.111,1.0,0.0,0.0,0,0.222,0.0,0,0
Kyle Anderson,43,955,0.431,11.0,0.756,0.293,0.254,0.154,0.055,0.244,0.46,0.615,0.392,0.354,0.235,0.342,0.472,0.962,0.032,9,0.434,0.455,0,0
Giannis Antetokounmpo,46,1499,0.544,10.5,0.79,0.384,0.196,0.13,0.08,0.21,0.607,0.825,0.41,0.391,0.397,0.303,0.418,0.37,0.142,113,0.022,0.25,1,0
Thanasis Antetokounmpo,33,347,0.458,5.8,0.867,0.614,0.205,0.048,0.0,0.133,0.514,0.608,0.294,0.25,,0.091,0.676,1.0,0.241,16,0.545,0.167,0,0
Carmelo Anthony,50,1327,0.437,19.4,0.435,0.097,0.059,0.139,0.139,0.565,0.496,0.627,0.387,0.438,0.507,0.392,0.504,0.914,0.019,7,0.159,0.447,0,0
Cole Anthony,42,1396,0.392,16.1,0.571,0.156,0.213,0.093,0.11,0.429,0.441,0.564,0.399,0.483,0.31,0.327,0.227,0.604,0.028,11,0.086,0.333,2,0
OG Anunoby,38,1413,0.446,15.2,0.551,0.254,0.127,0.086,0.083,0.449,0.517,0.707,0.373,0.412,0.265,0.358,0.452,0.863,0.102,50,0.275,0.466,0,0
Trevor Ariza,18,350,0.362,21.0,0.174,0.101,0.058,0.014,0.0,0.826,0.5,0.714,0.25,0.0,,0.333,1.0,1.0,0.014,1,0.368,0.238,0,0
D.J. Augustin,34,510,0.404,19.8,0.294,0.162,0.074,0.022,0.037,0.706,0.4,0.545,0.3,0.0,0.2,0.406,0.375,0.769,0.0,0,0.156,0.533,0,0
Deni Avdija,53,1206,0.444,14.0,0.553,0.245,0.264,0.031,0.012,0.447,0.556,0.658,0.482,0.4,0.5,0.306,0.677,0.955,0.025,4,0.25,0.306,1,0
Joel Ayayi,7,20,0.167,12.6,0.833,0.167,0.333,0.167,0.167,0.167,0.2,0.0,0.0,1.0,0.0,0.0,0.0,,0.0,0,0.0,,0,0
Deandre Ayton,33,967,0.635,5.9,0.978,0.382,0.423,0.126,0.047,0.022,0.643,0.791,0.591,0.457,0.412,0.25,0.808,1.0,0.157,53,0.0,,0,0
Udoka Azubuike,13,149,0.676,2.9,1.0,0.647,0.324,0.029,0.0,0.0,0.676,0.727,0.636,0.0,,,0.826,,0.5,15,,,0,0
Marvin Bagley III,30,656,0.463,10.0,0.748,0.289,0.35,0.098,0.012,0.252,0.538,0.718,0.442,0.375,0.333,0.242,0.596,0.867,0.089,18,0.613,0.237,1,0
LaMelo Ball,49,1589,0.423,15.4,0.576,0.208,0.188,0.115,0.064,0.424,0.468,0.596,0.406,0.4,0.358,0.361,0.23,0.746,0.021,15,0.158,0.382,0,0
Lonzo Ball,35,1212,0.423,19.9,0.321,0.154,0.047,0.057,0.063,0.679,0.423,0.61,0.333,0.273,0.167,0.423,0.404,0.845,0.018,6,0.235,0.475,2,0
Mo Bamba,45,1180,0.47,13.7,0.564,0.304,0.157,0.047,0.055,0.436,0.567,0.741,0.4,0.333,0.286,0.343,0.566,0.982,0.171,58,0.253,0.238,0,0
Desmond Bane,52,1564,0.459,16.8,0.523,0.16,0.139,0.125,0.099,0.477,0.505,0.642,0.413,0.511,0.405,0.408,0.596,0.842,0.005,4,0.193,0.391,1,0
Dalano Banton,43,505,0.403,11.1,0.745,0.336,0.215,0.121,0.074,0.255,0.441,0.54,0.406,0.278,0.364,0.289,0.306,0.818,0.02,3,0.289,0.273,1,1
Cat Barber,3,13,0.0,9.6,1.0,0.5,0.0,0.0,0.5,0.0,0.0,0.0,,,0.0,,,,0.0,0,,,0,0
Harrison Barnes,52,1755,0.462,13.6,0.561,0.225,0.294,0.036,0.007,0.439,0.502,0.652,0.395,0.429,0.5,0.412,0.545,0.943,0.031,15,0.335,0.512,0,0
Scottie Barnes,45,1620,0.475,11.1,0.783,0.25,0.321,0.12,0.092,0.217,0.516,0.652,0.486,0.379,0.431,0.325,0.435,0.846,0.072,33,0.275,0.394,2,1
RJ Barrett,48,1587,0.412,12.6,0.635,0.279,0.248,0.066,0.043,0.365,0.445,0.628,0.288,0.347,0.313,0.354,0.4,0.927,0.044,26,0.28,0.303,1,0
Will Barton,47,1533,0.444,15.7,0.533,0.189,0.193,0.072,0.08,0.467,0.504,0.731,0.388,0.422,0.32,0.375,0.497,0.736,0.025,16,0.181,0.509,1,0
Paris Bass,2,7,0.333,11.7,0.667,0.333,0.333,0.0,0.0,0.333,0.5,1.0,0.0,,,0.0,0.5,,0.167,1,0.0,,0,0
Charles Bassey,22,161,0.651,5.2,0.907,0.605,0.209,0.093,0.0,0.093,0.718,0.731,0.778,0.5,,0.0,0.679,,0.326,12,0.25,0.0,0,0
Keita Bates-Diop,42,701,0.5,8.7,0.772,0.505,0.19,0.016,0.06,0.228,0.549,0.645,0.4,0.667,0.182,0.333,0.744,1.0,0.065,12,0.452,0.421,0,0
Nicolas Batum,35,871,0.483,20.4,0.276,0.121,0.039,0.047,0.069,0.724,0.688,0.857,0.556,0.727,0.438,0.405,0.841,0.971,0.052,10,0.315,0.434,0,0
Kent Bazemore,31,455,0.328,17.7,0.454,0.176,0.101,0.067,0.109,0.546,0.296,0.381,0.333,0.125,0.231,0.354,0.813,0.913,0.017,1,0.508,0.424,2,0
Darius Bazley,49,1309,0.401,12.5,0.597,0.307,0.259,0.012,0.019,0.403,0.474,0.554,0.4,0.6,0.125,0.292,0.625,0.96,0.153,51,0.263,0.356,1,0
Bradley Beal,40,1439,0.451,13.1,0.728,0.197,0.252,0.171,0.108,0.272,0.508,0.697,0.407,0.47,0.458,0.3,0.365,0.603,0.017,13,0.238,0.38,0,0
Malik Beasley,55,1421,0.38,20.2,0.286,0.097,0.08,0.058,0.05,0.714,0.434,0.597,0.353,0.324,0.375,0.358,0.633,0.902,0.02,12,0.314,0.371,2,0
Jordan Bell,1,2,,,,,,,,,,,,,,,,,,0,,,0,0
DeAndre' Bembry,48,949,0.568,6.2,0.831,0.573,0.258,0.0,0.0,0.169,0.599,0.68,0.418,,,0.417,0.726,1.0,0.103,20,0.611,0.545,0,0
Dāvis Bertāns,34,501,0.351,23.6,0.158,0.053,0.064,0.023,0.018,0.842,0.519,0.667,0.545,0.0,0.667,0.319,0.786,1.0,0.029,5,0.194,0.571,1,0
Patrick Beverley,36,931,0.406,16.3,0.478,0.145,0.246,0.069,0.018,0.522,0.485,0.55,0.456,0.526,0.2,0.333,0.25,0.792,0.0,0,0.201,0.448,1,0
Saddiq Bey,54,1807,0.381,17.0,0.474,0.184,0.159,0.072,0.06,0.526,0.43,0.59,0.325,0.296,0.378,0.338,0.429,0.881,0.025,18,0.219,0.356,6,0
Khem Birch,27,508,0.481,6.6,0.925,0.425,0.311,0.179,0.009,0.075,0.52,0.578,0.545,0.368,0.0,0.0,0.863,,0.151,15,0.875,0.0,0,0
Goga Bitadze,32,359,0.443,11.0,0.656,0.435,0.183,0.023,0.015,0.344,0.581,0.754,0.208,0.667,0.0,0.178,0.58,1.0,0.122,14,0.111,0.2,0,0
Bismack Biyombo,15,290,0.607,4.1,1.0,0.562,0.36,0.067,0.011,0.0,0.607,0.76,0.438,0.333,0.0,,0.796,,0.236,21,,,0,0
Nemanja Bjelica,49,755,0.453,15.0,0.539,0.24,0.248,0.024,0.028,0.461,0.547,0.705,0.429,0.333,0.429,0.342,0.653,0.95,0.012,3,0.12,0.429,0,0
Eric Bledsoe,54,1361,0.421,14.2,0.652,0.231,0.194,0.107,0.12,0.348,0.479,0.611,0.462,0.44,0.286,0.313,0.301,0.902,0.002,1,0.129,0.333,2,0
Keljin Blevins,12,73,0.391,17.5,0.391,0.217,0.087,0.043,0.043,0.609,0.333,0.4,0.5,0.0,0.0,0.429,1.0,0.833,0.043,0,0.286,0.5,0,0
Bogdan Bogdanović,36,1027,0.417,20.0,0.405,0.102,0.104,0.107,0.092,0.595,0.497,0.625,0.439,0.524,0.389,0.363,0.43,0.824,0.0,0,0.248,0.328,2,0
Bojan Bogdanović,53,1641,0.459,15.1,0.523,0.161,0.26,0.082,0.02,0.477,0.53,0.693,0.478,0.431,0.286,0.382,0.546,0.922,0.021,11,0.37,0.392,0,0
Bol Bol,14,81,0.556,10.6,0.852,0.296,0.185,0.296,0.074,0.148,0.609,0.875,0.8,0.375,0.0,0.25,1.0,1.0,0.222,5,0.25,0.0,0,0
Leandro Bolmaro,25,188,0.281,15.4,0.625,0.344,0.063,0.063,0.156,0.375,0.35,0.455,0.5,0.5,0.0,0.167,0.571,0.5,0.031,1,0.333,0.25,1,0
Isaac Bonga,13,66,0.231,11.0,0.692,0.385,0.231,0.0,0.077,0.308,0.222,0.2,0.333,,0.0,0.25,0.5,1.0,0.0,0,1.0,0.25,0,0
Devin Booker,47,1598,0.45,16.2,0.657,0.109,0.148,0.22,0.18,0.343,0.49,0.66,0.431,0.46,0.472,0.373,0.398,0.664,0.013,11,0.134,0.378,0,0
Brandon Boston Jr.,39,605,0.363,14.6,0.648,0.254,0.141,0.105,0.148,0.352,0.404,0.6,0.111,0.481,0.289,0.289,0.642,0.577,0.074,14,0.233,0.381,1,0
Chris Boucher,51,1028,0.461,12.3,0.609,0.408,0.137,0.031,0.034,0.391,0.578,0.678,0.429,0.364,0.167,0.279,0.722,0.974,0.126,42,0.164,0.478,1,0
James Bouknight,25,249,0.368,12.3,0.64,0.316,0.246,0.035,0.044,0.36,0.384,0.611,0.179,0.0,0.2,0.341,0.464,0.714,0.035,4,0.244,0.4,0,0
Avery Bradley,48,1139,0.41,17.8,0.41,0.147,0.096,0.075,0.092,0.59,0.458,0.605,0.321,0.455,0.37,0.376,0.636,0.938,0.003,1,0.549,0.379,0,0
Tony Bradley,41,474,0.581,3.4,1.0,0.657,0.248,0.038,0.057,0.0,0.581,0.652,0.462,0.25,0.5,,0.77,,0.152,13,,,0,0
Ignas Brazdeikis,25,228,0.366,13.7,0.535,0.31,0.197,0.028,0.0,0.465,0.421,0.455,0.429,0.0,,0.303,0.438,0.9,0.0,0,0.394,0.308,0,0
Mikal Bridges,54,1877,0.522,13.6,0.623,0.232,0.186,0.151,0.054,0.377,0.615,0.816,0.61,0.457,0.207,0.369,0.786,0.973,0.072,36,0.586,0.378,0,0
Miles Bridges,54,1941,0.485,12.5,0.617,0.352,0.217,0.022,0.027,0.383,0.593,0.721,0.419,0.5,0.409,0.31,0.57,0.837,0.101,76,0.244,0.312,4,0
Oshae Brissett,43,822,0.403,13.3,0.546,0.336,0.172,0.034,0.004,0.454,0.462,0.588,0.293,0.125,0.0,0.333,0.633,0.972,0.067,14,0.37,0.375,2,0
Malcolm Brogdon,28,934,0.448,14.0,0.635,0.253,0.19,0.102,0.09,0.365,0.529,0.673,0.436,0.405,0.459,0.307,0.232,0.587,0.012,4,0.16,0.292,1,0
Armoni Brooks,41,690,0.347,23.2,0.151,0.092,0.036,0.012,0.012,0.849,0.605,0.739,0.556,0.0,0.333,0.3,0.652,0.813,0.016,3,0.131,0.25,1,0
Dillon Brooks,21,587,0.426,12.9,0.703,0.238,0.238,0.162,0.065,0.297,0.469,0.654,0.358,0.382,0.409,0.327,0.518,0.879,0.035,9,0.178,0.389,2,0
Bruce Brown,45,924,0.477,7.6,0.846,0.407,0.332,0.095,0.012,0.154,0.51,0.653,0.4,0.348,0.0,0.297,0.712,1.0,0.075,17,0.811,0.3,0,0
Charlie Brown Jr.,17,166,0.25,11.0,0.667,0.417,0.167,0.083,0.0,0.333,0.333,0.467,0.167,0.0,,0.083,0.5,1.0,0.083,2,0.167,0.0,0,0
Charlie Brown Jr.,3,15,0.2,17.2,0.4,0.2,0.0,0.2,0.0,0.6,0.5,1.0,,0.0,,0.0,0.0,,0.2,1,0.333,0.0,0,0
Charlie Brown Jr.,14,151,0.258,10.0,0.71,0.452,0.194,0.065,0.0,0.29,0.318,0.429,0.167,0.0,,0.111,0.571,1.0,0.065,1,0.111,0.0,0,0
Chaundee Brown Jr.,5,104,0.313,17.9,0.438,0.188,0.094,0.156,0.0,0.563,0.286,0.5,0.0,0.2,,0.333,0.5,1.0,0.0,0,0.222,0.25,1,0
Chaundee Brown Jr.,2,21,0.143,13.2,0.571,0.286,0.143,0.143,0.0,0.429,0.25,0.5,0.0,0.0,,0.0,0.0,,0.0,0,0.333,0.0,0,0
Chaundee Brown Jr.,3,83,0.36,19.2,0.4,0.16,0.08,0.16,0.0,0.6,0.3,0.5,0.0,0.25,,0.4,0.667,1.0,0.0,0,0.2,0.333,1,0
Greg Brown III,25,173,0.457,9.5,0.729,0.571,0.071,0.014,0.071,0.271,0.549,0.65,0.2,0.0,0.2,0.211,0.679,1.0,0.371,21,0.474,0.222,0,0
Jaylen Brown,42,1435,0.461,16.0,0.596,0.173,0.218,0.097,0.108,0.404,0.537,0.774,0.399,0.494,0.477,0.349,0.469,0.813,0.026,16,0.209,0.388,2,0
Moses Brown,26,169,0.54,2.3,1.0,0.78,0.2,0.02,0.0,0.0,0.54,0.59,0.4,0.0,,,0.852,,0.54,19,,,0,0
Sterling Brown,36,513,0.398,17.8,0.383,0.195,0.102,0.039,0.047,0.617,0.49,0.6,0.308,0.2,0.667,0.342,0.792,0.852,0.0,0,0.468,0.27,1,0
Troy Brown Jr.,44,782,0.431,14.2,0.516,0.298,0.154,0.016,0.048,0.484,0.505,0.571,0.414,0.0,0.556,0.352,0.673,0.969,0.032,4,0.637,0.345,1,0
Jalen Brunson,54,1708,0.507,13.0,0.767,0.149,0.284,0.194,0.139,0.233,0.554,0.699,0.546,0.522,0.458,0.354,0.232,0.772,0.007,5,0.261,0.476,0,0
Thomas Bryant,11,177,0.452,12.3,0.661,0.371,0.145,0.032,0.113,0.339,0.512,0.652,0.444,0.0,0.286,0.333,0.714,1.0,0.129,8,0.143,0.333,0,0
Shaq Buchanan,2,10,0.25,13.6,0.5,0.5,0.0,0.0,0.0,0.5,0.5,0.5,,,,0.0,1.0,,0.0,0,0.0,,0,0
Reggie Bullock,47,1164,0.411,20.6,0.241,0.098,0.051,0.038,0.054,0.759,0.579,0.71,0.438,0.667,0.412,0.358,0.818,0.977,0.003,1,0.438,0.429,0,0
Trey Burke,30,334,0.424,17.5,0.6,0.097,0.139,0.121,0.242,0.4,0.475,0.75,0.478,0.5,0.35,0.348,0.255,0.826,0.0,0,0.136,0.667,0,0
Alec Burks,54,1445,0.382,17.1,0.476,0.141,0.169,0.1,0.066,0.524,0.377,0.439,0.342,0.34,0.387,0.388,0.405,0.758,0.004,2,0.208,0.431,0,0
Jared Butler,26,206,0.407,17.2,0.477,0.093,0.233,0.093,0.058,0.523,0.463,0.5,0.35,0.625,0.6,0.356,0.211,0.438,0.0,0,0.178,0.25,1,0
Jimmy Butler,36,1215,0.491,9.2,0.875,0.316,0.287,0.202,0.07,0.125,0.531,0.725,0.434,0.439,0.324,0.212,0.402,0.714,0.059,27,0.47,0.29,1,0
Devontae Cacok,8,67,0.696,4.4,1.0,0.391,0.478,0.13,0.0,0.0,0.696,0.778,0.636,0.667,,,0.75,,0.087,2,,,0,0
Kentavious Caldwell-Pope,50,1461,0.404,18.1,0.478,0.108,0.116,0.108,0.146,0.522,0.444,0.648,0.259,0.389,0.479,0.368,0.66,0.938,0.014,4,0.418,0.413,0,0
Facundo Campazzo,51,1024,0.38,19.0,0.361,0.141,0.153,0.047,0.02,0.639,0.5,0.667,0.41,0.25,0.6,0.313,0.391,0.745,0.004,0,0.209,0.265,5,0
Vlatko Čančar,14,152,0.564,11.0,0.692,0.359,0.205,0.103,0.026,0.308,0.556,0.786,0.375,0.25,0.0,0.583,0.933,1.0,0.026,1,0.417,0.4,0,0
Clint Capela,46,1295,0.58,2.8,0.997,0.747,0.235,0.008,0.008,0.003,0.581,0.676,0.286,0.667,0.333,0.0,0.751,,0.284,100,0.0,,1,0
Vernon Carey Jr.,4,17,0.5,7.6,1.0,0.667,0.0,0.0,0.333,0.0,0.5,0.75,,,0.0,,0.333,,0.0,0,,,0,0
Jevon Carter,41,484,0.327,22.1,0.279,0.048,0.014,0.054,0.163,0.721,0.293,0.143,0.0,0.375,0.333,0.34,0.5,0.806,0.007,1,0.283,0.4,1,0
Wendell Carter Jr.,47,1376,0.504,12.7,0.654,0.313,0.189,0.1,0.052,0.346,0.597,0.775,0.407,0.479,0.44,0.329,0.612,1.0,0.131,57,0.114,0.368,0,0
Alex Caruso,28,775,0.429,14.9,0.522,0.28,0.143,0.049,0.049,0.478,0.505,0.608,0.385,0.444,0.333,0.345,0.604,0.933,0.027,4,0.414,0.417,1,0
Willie Cauley-Stein,18,177,0.457,5.3,0.943,0.629,0.2,0.057,0.057,0.057,0.455,0.545,0.143,1.0,0.0,0.5,0.8,1.0,0.257,7,0.0,,0,0
Ahmad Caver,1,1,1.0,1.8,1.0,1.0,0.0,0.0,0.0,0.0,1.0,1.0,,,,,1.0,,0.0,0,,,0,0
Justin Champagnie,30,252,0.483,10.7,0.633,0.4,0.217,0.017,0.0,0.367,0.526,0.625,0.385,0.0,,0.409,0.55,1.0,0.067,3,0.5,0.364,0,0
Zylan Cheatham,1,5,0.0,17.2,0.333,0.333,0.0,0.0,0.0,0.667,0.0,0.0,,,,0.0,,,0.0,0,0.5,0.0,0,0
Chris Chiozza,26,279,0.292,19.4,0.338,0.092,0.154,0.046,0.046,0.662,0.136,0.0,0.2,0.0,0.333,0.372,0.333,0.75,0.0,0,0.209,0.333,0,0
Marquese Chriss,22,251,0.49,8.7,0.796,0.48,0.276,0.02,0.02,0.204,0.526,0.66,0.259,1.0,0.5,0.35,0.854,1.0,0.224,19,0.25,0.4,1,0
Josh Christopher,46,765,0.47,13.2,0.619,0.335,0.178,0.089,0.018,0.381,0.552,0.66,0.54,0.24,0.2,0.336,0.354,0.806,0.075,19,0.215,0.304,5,0
Gary Clark,22,241,0.364,20.6,0.182,0.091,0.091,0.0,0.0,0.818,0.3,0.2,0.4,,,0.378,0.667,1.0,0.0,0,0.578,0.5,0,0
Brandon Clarke,41,766,0.654,5.7,0.934,0.518,0.298,0.099,0.018,0.066,0.685,0.787,0.593,0.481,0.4,0.222,0.707,1.0,0.188,49,0.611,0.182,0,0
Jordan Clarkson,52,1381,0.401,17.4,0.427,0.107,0.251,0.055,0.014,0.573,0.508,0.667,0.475,0.45,0.1,0.321,0.184,0.649,0.012,7,0.191,0.4,1,0
Nic Claxton,25,530,0.639,2.4,1.0,0.723,0.252,0.026,0.0,0.0,0.639,0.786,0.256,0.25,,,0.717,,0.323,46,,,0,0
Amir Coffey,43,949,0.464,18.0,0.402,0.146,0.134,0.077,0.046,0.598,0.562,0.842,0.429,0.45,0.25,0.397,0.593,0.968,0.042,10,0.282,0.341,1,0
John Collins,49,1543,0.541,11.7,0.737,0.338,0.209,0.124,0.065,0.263,0.593,0.752,0.448,0.446,0.513,0.395,0.782,0.984,0.151,82,0.325,0.412,0,0
Zach Collins,2,31,0.462,8.7,0.846,0.308,0.308,0.231,0.0,0.154,0.455,0.75,0.0,0.667,,0.5,0.8,1.0,0.0,0,0.0,,0,0
Darren Collison,3,37,0.286,16.1,0.571,0.286,0.0,0.0,0.286,0.429,0.5,1.0,,,0.0,0.0,1.0,,0.0,0,1.0,0.0,0,0
Mike Conley,49,1395,0.449,17.3,0.473,0.074,0.248,0.124,0.028,0.527,0.477,0.6,0.47,0.418,0.467,0.425,0.238,0.521,0.0,0,0.165,0.426,0,0
Pat Connaughton,53,1441,0.473,20.0,0.265,0.159,0.074,0.027,0.005,0.735,0.639,0.723,0.5,0.636,0.0,0.413,0.768,0.96,0.017,6,0.31,0.43,1,0
Tyler Cook,18,192,0.611,2.1,1.0,0.694,0.306,0.0,0.0,0.0,0.611,0.68,0.455,,,,0.773,,0.389,13,,,0,0
Sharife Cooper,10,35,0.214,11.6,0.571,0.5,0.071,0.0,0.0,0.429,0.25,0.143,1.0,,,0.167,0.5,0.0,0.0,0,0.333,0.0,0,0
Petr Cornelie,13,38,0.333,15.9,0.467,0.333,0.067,0.0,0.067,0.533,0.571,0.6,1.0,,0.0,0.125,1.0,1.0,0.267,2,0.375,0.0,0,0
DeMarcus Cousins,22,353,0.418,12.1,0.601,0.386,0.19,0.013,0.013,0.399,0.522,0.627,0.379,0.0,0.0,0.262,0.688,1.0,0.059,8,0.098,0.333,0,0
DeMarcus Cousins,17,287,0.466,12.2,0.593,0.39,0.186,0.008,0.008,0.407,0.6,0.674,0.5,0.0,0.0,0.271,0.738,1.0,0.068,8,0.125,0.333,0,0
DeMarcus Cousins,5,66,0.257,11.9,0.629,0.371,0.2,0.029,0.029,0.371,0.273,0.462,0.0,0.0,0.0,0.231,0.333,1.0,0.029,0,0.0,,0,0
Robert Covington,50,1483,0.385,18.7,0.32,0.173,0.108,0.02,0.02,0.68,0.469,0.607,0.316,0.286,0.286,0.346,0.585,0.964,0.02,6,0.2,0.479,0,0
Robert Covington,48,1431,0.381,18.9,0.315,0.164,0.11,0.021,0.021,0.685,0.462,0.6,0.324,0.286,0.286,0.343,0.612,0.962,0.021,6,0.191,0.477,0,0
Robert Covington,2,52,0.471,15.5,0.412,0.353,0.059,0.0,0.0,0.588,0.571,0.667,0.0,,,0.4,0.25,1.0,0.0,0,0.4,0.5,0,0
Torrey Craig,51,1034,0.456,15.2,0.509,0.26,0.135,0.057,0.057,0.491,0.573,0.712,0.5,0.375,0.313,0.333,0.561,0.978,0.036,10,0.442,0.443,1,0
Jae Crowder,44,1244,0.397,20.6,0.329,0.067,0.099,0.073,0.09,0.671,0.504,0.739,0.441,0.44,0.452,0.343,0.825,0.962,0.006,2,0.213,0.408,1,0
Jarrett Culver,25,233,0.416,12.7,0.663,0.315,0.18,0.067,0.101,0.337,0.475,0.5,0.5,0.333,0.444,0.3,0.321,0.778,0.056,3,0.233,0.286,0,0
Jarron Cumberland,3,12,0.5,15.8,0.5,0.5,0.0,0.0,0.0,0.5,1.0,1.0,,,,0.0,1.0,,0.0,0,0.0,,0,0
Cade Cunningham,41,1314,0.397,15.1,0.585,0.183,0.225,0.105,0.071,0.415,0.446,0.549,0.468,0.338,0.273,0.328,0.224,0.679,0.021,12,0.129,0.333,0,0
Seth Curry,45,1566,0.485,19.1,0.527,0.055,0.11,0.138,0.223,0.473,0.561,0.69,0.552,0.548,0.542,0.4,0.481,0.78,0.0,0,0.152,0.5,0,0
Stephen Curry,50,1732,0.422,20.1,0.368,0.123,0.126,0.057,0.062,0.632,0.492,0.575,0.48,0.464,0.377,0.381,0.379,0.576,0.0,0,0.097,0.35,4,0
Anthony Davis,35,1245,0.537,9.6,0.896,0.395,0.175,0.148,0.178,0.104,0.579,0.789,0.467,0.319,0.44,0.172,0.629,0.909,0.179,98,0.078,0.2,0,0
Ed Davis,18,139,0.643,2.5,1.0,0.714,0.286,0.0,0.0,0.0,0.643,0.7,0.5,,,,0.778,,0.143,2,,,0,0
Terence Davis,30,536,0.423,16.3,0.442,0.221,0.157,0.034,0.03,0.558,0.542,0.712,0.357,0.333,0.5,0.329,0.563,0.796,0.037,7,0.208,0.355,1,0
Gabriel Deck,7,56,0.571,11.9,0.714,0.357,0.071,0.214,0.071,0.286,0.6,0.6,1.0,0.667,0.0,0.5,0.667,1.0,0.0,0,0.5,1.0,0,0
Dewayne Dedmon,48,792,0.582,7.4,0.869,0.465,0.286,0.08,0.038,0.131,0.589,0.707,0.492,0.412,0.25,0.536,0.716,0.933,0.131,25,0.143,0.25,1,0
Sam Dekker,1,1,,,,,,,,,,,,,,,,,,0,,,0,0
Javin DeLaurier,1,3,,,,,,,,,,,,,,,,,,0,,,0,0
DeMar DeRozan,51,1807,0.51,12.9,0.904,0.168,0.169,0.298,0.27,0.096,0.527,0.671,0.44,0.549,0.468,0.344,0.223,0.879,0.023,18,0.417,0.35,2,0
Mamadi Diakite,13,188,0.532,6.8,0.894,0.426,0.34,0.106,0.021,0.106,0.595,0.6,0.688,0.4,0.0,0.0,0.84,,0.255,10,0.4,0.0,0,0
Cheick Diallo,3,31,0.375,3.1,1.0,0.375,0.625,0.0,0.0,0.0,0.375,0.667,0.2,,,,0.333,,0.125,1,,,0,0
Hamidou Diallo,47,1055,0.496,9.4,0.822,0.328,0.309,0.122,0.063,0.178,0.55,0.693,0.508,0.365,0.37,0.25,0.513,0.947,0.094,38,0.513,0.308,2,0
Gorgui Dieng,35,323,0.473,18.6,0.451,0.154,0.077,0.099,0.121,0.549,0.537,0.714,0.429,0.556,0.364,0.42,0.818,0.952,0.022,2,0.1,0.4,0,0
Spencer Dinwiddie,44,1330,0.376,16.2,0.541,0.152,0.236,0.091,0.061,0.459,0.432,0.573,0.388,0.378,0.333,0.31,0.148,0.5,0.006,1,0.142,0.313,1,0
Donte DiVincenzo,17,341,0.331,17.9,0.373,0.212,0.11,0.017,0.034,0.627,0.409,0.52,0.308,0.5,0.0,0.284,0.556,0.714,0.025,2,0.284,0.238,1,0
Luka Dončić,40,1403,0.445,15.3,0.624,0.132,0.24,0.185,0.067,0.376,0.523,0.73,0.51,0.465,0.321,0.316,0.12,0.24,0.005,3,0.047,0.2,0,0
Luguentz Dort,49,1601,0.404,16.5,0.458,0.191,0.204,0.029,0.033,0.542,0.491,0.614,0.433,0.25,0.348,0.332,0.477,0.871,0.039,24,0.15,0.429,1,0
Ayo Dosunmu,50,1237,0.517,12.6,0.631,0.356,0.121,0.097,0.057,0.369,0.58,0.679,0.417,0.414,0.588,0.409,0.606,0.978,0.047,11,0.555,0.426,1,1
Damyean Dotson,2,21,0.5,11.3,0.75,0.25,0.25,0.25,0.0,0.25,0.667,1.0,0.0,1.0,,0.0,0.5,,0.0,0,1.0,0.0,0,0
Devon Dotson,11,85,0.478,12.2,0.609,0.478,0.0,0.13,0.0,0.391,0.643,0.818,,0.0,,0.222,0.556,1.0,0.0,0,0.333,0.0,0,0
Sekou Doumbouya,2,16,0.625,8.9,0.75,0.5,0.25,0.0,0.0,0.25,0.667,1.0,0.0,,,0.5,0.5,1.0,0.0,0,0.0,,0,0
Jeff Dowtin,5,31,0.429,15.2,0.714,0.0,0.286,0.143,0.286,0.286,0.6,,0.5,1.0,0.5,0.0,0.0,,0.0,0,1.0,0.0,0,0
Jeff Dowtin,4,28,0.5,13.8,0.833,0.0,0.333,0.167,0.333,0.167,0.6,,0.5,1.0,0.5,0.0,0.0,,0.0,0,1.0,0.0,0,0
Jeff Dowtin,1,3,0.0,23.4,0.0,0.0,0.0,0.0,0.0,1.0,,,,,,0.0,,,0.0,0,1.0,0.0,0,0
PJ Dozier,18,340,0.364,17.2,0.515,0.141,0.141,0.081,0.152,0.485,0.412,0.714,0.143,0.5,0.333,0.313,0.333,0.867,0.051,4,0.271,0.154,0,0
Goran Dragić,5,90,0.382,15.3,0.588,0.206,0.147,0.235,0.0,0.412,0.45,0.571,0.4,0.375,,0.286,0.111,0.75,0.029,1,0.214,0.0,1,0
Andre Drummond,49,902,0.538,2.7,0.992,0.706,0.265,0.021,0.0,0.008,0.542,0.643,0.286,0.4,,0.0,0.539,,0.235,48,0.0,,1,0
Chris Duarte,48,1392,0.435,15.7,0.588,0.194,0.141,0.146,0.107,0.412,0.488,0.661,0.38,0.39,0.45,0.359,0.484,0.771,0.03,15,0.277,0.359,4,0
David Duke Jr.,15,273,0.374,10.2,0.659,0.495,0.11,0.022,0.033,0.341,0.433,0.489,0.3,0.0,0.333,0.258,0.577,1.0,0.088,8,0.581,0.278,0,0
Kevin Durant,36,1313,0.52,14.5,0.753,0.123,0.159,0.313,0.158,0.247,0.568,0.767,0.509,0.518,0.574,0.372,0.526,0.612,0.04,26,0.067,0.5,0,0
Jaime Echenique,1,3,,,,,,,,,,,,,,,,,,0,,,0,0
Anthony Edwards,49,1708,0.436,15.1,0.52,0.279,0.137,0.055,0.048,0.48,0.509,0.649,0.377,0.286,0.326,0.357,0.366,0.572,0.053,39,0.068,0.379,1,0
Kessler Edwards,23,588,0.425,14.4,0.51,0.314,0.098,0.072,0.026,0.49,0.474,0.458,0.267,0.727,0.75,0.373,0.595,1.0,0.105,12,0.387,0.31,0,0
Rob Edwards,2,11,0.25,24.3,0.0,0.0,0.0,0.0,0.0,1.0,,,,,,0.25,,0.0,0.0,0,0.5,0.0,0,0
CJ Elleby,32,441,0.411,14.2,0.581,0.274,0.177,0.081,0.048,0.419,0.486,0.588,0.364,0.5,0.333,0.308,0.6,0.938,0.032,3,0.269,0.214,1,0
Wayne Ellington,34,657,0.399,23.9,0.093,0.033,0.011,0.033,0.016,0.907,0.471,0.667,0.5,0.333,0.333,0.392,1.0,0.954,0.0,0,0.277,0.478,0,0
Joel Embiid,42,1384,0.498,12.1,0.814,0.23,0.206,0.243,0.135,0.186,0.53,0.774,0.413,0.431,0.468,0.358,0.476,0.648,0.056,43,0.053,0.25,0,0
James Ennis III,7,56,0.458,10.6,0.667,0.542,0.083,0.0,0.042,0.333,0.5,0.538,0.5,,0.0,0.375,0.75,1.0,0.0,0,0.125,0.0,0,0
James Ennis III,2,14,0.286,8.3,0.714,0.714,0.0,0.0,0.0,0.286,0.2,0.2,,,,0.5,1.0,1.0,0.0,0,0.0,,0,0
James Ennis III,2,28,0.636,12.3,0.636,0.455,0.091,0.0,0.091,0.364,0.714,1.0,0.0,,0.0,0.5,0.8,1.0,0.0,0,0.0,,0,0
James Ennis III,3,14,0.333,10.0,0.667,0.5,0.167,0.0,0.0,0.333,0.5,0.333,1.0,,,0.0,0.5,,0.0,0,0.5,0.0,0,0
Drew Eubanks,49,595,0.528,5.7,0.95,0.453,0.384,0.069,0.044,0.05,0.55,0.597,0.541,0.455,0.286,0.125,0.759,1.0,0.226,31,0.25,0.5,0,0
Tacko Fall,11,59,0.417,3.2,1.0,0.667,0.333,0.0,0.0,0.0,0.417,0.625,0.0,,,,0.6,,0.25,2,,,0,0
Derrick Favors,35,575,0.497,9.9,0.917,0.331,0.166,0.229,0.191,0.083,0.528,0.654,0.385,0.556,0.4,0.154,0.855,1.0,0.064,8,0.846,0.091,0,0
Bruno Fernando,20,58,0.5,17.9,0.929,0.5,0.071,0.143,0.214,0.071,0.462,0.571,0.0,0.5,0.333,1.0,0.5,1.0,0.143,2,0.0,,0,0
Dorian Finney-Smith,54,1753,0.435,16.5,0.396,0.246,0.104,0.033,0.013,0.604,0.544,0.69,0.25,0.467,0.333,0.363,0.768,0.99,0.085,33,0.41,0.439,1,0
Malik Fitts,7,35,0.222,18.1,0.556,0.111,0.222,0.111,0.111,0.444,0.0,0.0,0.0,0.0,0.0,0.5,,1.0,0.0,0,0.25,1.0,1,1
Malachi Flynn,31,268,0.365,19.7,0.479,0.052,0.177,0.083,0.167,0.521,0.457,0.4,0.529,0.625,0.313,0.28,0.143,0.857,0.0,0,0.12,0.667,2,0
Bryn Forbes,51,901,0.425,18.8,0.497,0.05,0.143,0.133,0.171,0.503,0.439,0.65,0.386,0.509,0.368,0.41,0.713,0.951,0.0,0,0.17,0.5,0,0
Bryn Forbes,40,676,0.432,18.9,0.49,0.054,0.132,0.155,0.149,0.51,0.448,0.688,0.359,0.478,0.409,0.417,0.708,0.937,0.0,0,0.179,0.519,0,0
Bryn Forbes,11,225,0.402,18.7,0.52,0.039,0.176,0.069,0.235,0.48,0.415,0.5,0.444,0.714,0.292,0.388,0.727,1.0,0.0,0,0.143,0.429,0,0
Aleem Ford,5,74,0.3,19.5,0.25,0.15,0.1,0.0,0.0,0.75,0.8,1.0,0.5,,,0.133,0.75,1.0,0.05,1,0.2,0.0,0,0
Trent Forrest,43,514,0.552,8.6,0.844,0.281,0.49,0.063,0.01,0.156,0.617,0.741,0.532,0.667,1.0,0.2,0.28,1.0,0.031,3,0.6,0.222,1,0
Evan Fournier,53,1538,0.429,19.0,0.4,0.099,0.129,0.08,0.092,0.6,0.471,0.571,0.415,0.51,0.407,0.402,0.5,0.89,0.006,3,0.264,0.446,2,0
De'Aaron Fox,45,1540,0.46,12.1,0.786,0.197,0.271,0.208,0.11,0.214,0.512,0.714,0.441,0.444,0.453,0.269,0.21,0.578,0.01,8,0.126,0.19,0,0
Tim Frazier,10,200,0.302,17.5,0.605,0.07,0.186,0.116,0.233,0.395,0.269,1.0,0.25,0.2,0.1,0.353,0.286,0.833,0.0,0,0.235,0.25,0,0
Enes Freedom,35,411,0.526,4.4,0.948,0.557,0.33,0.041,0.021,0.052,0.533,0.537,0.5,0.5,1.0,0.4,0.388,1.0,0.031,2,0.2,1.0,0,0
Wenyen Gabriel,7,47,0.385,11.2,0.615,0.385,0.231,0.0,0.0,0.385,0.375,0.4,0.333,,,0.4,0.0,1.0,0.0,0,0.2,0.0,0,0
Wenyen Gabriel,1,1,,,,,,,,,,,,,,,,,,0,,,0,0
Wenyen Gabriel,6,46,0.385,11.2,0.615,0.385,0.231,0.0,0.0,0.385,0.375,0.4,0.333,,,0.4,0.0,1.0,0.0,0,0.2,0.0,0,0
Daniel Gafford,48,988,0.678,3.0,1.0,0.644,0.307,0.03,0.019,0.0,0.678,0.843,0.402,0.375,0.0,,0.713,,0.431,99,,,0,0
Danilo Gallinari,43,997,0.421,19.4,0.476,0.097,0.085,0.148,0.145,0.524,0.459,0.719,0.25,0.49,0.375,0.387,0.5,0.896,0.027,9,0.116,0.45,2,1
Langston Galloway,7,107,0.231,19.4,0.385,0.115,0.038,0.115,0.115,0.615,0.4,0.333,0.0,0.667,0.333,0.125,0.5,0.5,0.0,0,0.375,0.0,0,0
Langston Galloway,4,58,0.385,19.0,0.385,0.154,0.0,0.154,0.077,0.615,0.6,0.5,,1.0,0.0,0.25,0.667,0.5,0.0,0,0.25,0.0,0,0
Langston Galloway,3,49,0.077,19.9,0.385,0.077,0.077,0.077,0.154,0.615,0.2,0.0,0.0,0.0,0.5,0.0,0.0,,0.0,0,0.5,0.0,0,0
Darius Garland,45,1556,0.474,16.6,0.578,0.166,0.165,0.154,0.093,0.422,0.547,0.633,0.479,0.532,0.537,0.375,0.281,0.526,0.001,0,0.122,0.405,2,1
Marcus Garrett,12,128,0.238,9.3,0.81,0.476,0.143,0.095,0.095,0.19,0.235,0.2,0.333,0.0,0.5,0.25,0.5,1.0,0.0,0,0.5,0.0,0,0
Usman Garuba,15,105,0.333,14.3,0.458,0.458,0.0,0.0,0.0,0.542,0.545,0.545,,,,0.154,0.5,1.0,0.083,1,0.308,0.0,0,0
Luka Garza,27,327,0.436,12.8,0.658,0.282,0.231,0.06,0.085,0.342,0.494,0.667,0.444,0.143,0.3,0.325,0.5,1.0,0.026,3,0.05,0.0,0,0
Rudy Gay,35,699,0.418,17.7,0.438,0.156,0.121,0.117,0.043,0.563,0.518,0.775,0.355,0.367,0.455,0.34,0.448,0.898,0.043,9,0.257,0.405,0,0
Paul George,26,924,0.421,16.4,0.61,0.147,0.122,0.167,0.173,0.39,0.484,0.659,0.382,0.473,0.417,0.323,0.22,0.557,0.022,10,0.166,0.5,0,0
Taj Gibson,35,627,0.516,8.8,0.811,0.432,0.2,0.126,0.053,0.189,0.558,0.683,0.421,0.5,0.2,0.333,0.605,1.0,0.126,9,0.5,0.444,0,0
Josh Giddey,49,1535,0.416,12.9,0.669,0.189,0.334,0.092,0.054,0.331,0.498,0.655,0.445,0.455,0.344,0.253,0.296,0.84,0.007,2,0.217,0.326,0,0
Shai Gilgeous-Alexander,43,1487,0.424,12.4,0.694,0.241,0.292,0.121,0.041,0.306,0.488,0.642,0.4,0.4,0.469,0.278,0.131,0.284,0.024,18,0.071,0.353,0,0
Anthony Gill,21,121,0.667,9.3,0.741,0.37,0.333,0.037,0.0,0.259,0.65,0.7,0.667,0.0,,0.714,0.769,1.0,0.037,1,0.0,,0,0
Freddie Gillespie,9,119,0.409,6.5,0.955,0.273,0.545,0.136,0.0,0.045,0.429,0.333,0.417,0.667,,0.0,0.778,,0.091,2,1.0,0.0,0,0
Rudy Gobert,42,1364,0.707,2.7,0.994,0.725,0.257,0.012,0.0,0.006,0.712,0.794,0.477,0.75,,0.0,0.738,,0.475,147,0.0,,1,0
Brandon Goodwin,15,251,0.388,13.8,0.624,0.259,0.212,0.118,0.035,0.376,0.396,0.636,0.222,0.2,0.333,0.375,0.286,0.667,0.0,0,0.094,0.333,1,0
Jordan Goodwin,2,6,0.0,16.6,0.667,0.333,0.0,0.0,0.333,0.333,0.0,0.0,,,0.0,0.0,,,0.0,0,0.0,,0,0
Aaron Gordon,49,1555,0.52,11.7,0.677,0.358,0.176,0.099,0.043,0.323,0.607,0.801,0.404,0.321,0.478,0.337,0.612,0.81,0.146,72,0.401,0.391,2,0
Eric Gordon,45,1326,0.491,15.5,0.489,0.271,0.19,0.02,0.009,0.511,0.558,0.685,0.402,0.333,0.5,0.427,0.32,0.7,0.007,3,0.064,0.533,0,0
Devonte' Graham,50,1563,0.363,21.2,0.321,0.085,0.062,0.064,0.111,0.679,0.396,0.577,0.263,0.41,0.324,0.348,0.333,0.752,0.002,1,0.115,0.354,3,1
Jerami Grant,29,945,0.404,14.9,0.658,0.207,0.162,0.098,0.191,0.342,0.443,0.602,0.411,0.227,0.407,0.331,0.496,0.941,0.038,17,0.344,0.302,1,0
Hassani Gravett,8,171,0.474,20.9,0.316,0.079,0.105,0.079,0.053,0.684,0.583,0.333,0.5,1.0,0.5,0.423,0.429,0.727,0.0,0,0.192,0.6,1,0
Danny Green,36,842,0.412,21.6,0.162,0.078,0.054,0.025,0.005,0.838,0.545,0.75,0.182,0.6,1.0,0.386,0.833,0.909,0.005,1,0.439,0.413,1,0
Draymond Green,34,1018,0.537,9.7,0.791,0.353,0.323,0.065,0.05,0.209,0.604,0.732,0.585,0.231,0.3,0.286,0.698,1.0,0.114,20,0.238,0.1,2,0
Jalen Green,39,1178,0.377,15.5,0.515,0.285,0.124,0.024,0.081,0.485,0.458,0.621,0.23,0.25,0.3,0.29,0.448,0.667,0.069,29,0.155,0.351,0,0
JaMychal Green,41,604,0.46,13.4,0.565,0.33,0.15,0.04,0.045,0.435,0.611,0.727,0.4,0.25,0.778,0.264,0.696,1.0,0.175,30,0.264,0.348,0,0
Javonte Green,39,922,0.526,8.3,0.724,0.563,0.146,0.016,0.0,0.276,0.619,0.694,0.393,0.0,,0.283,0.721,1.0,0.203,37,0.623,0.364,0,0
Jeff Green,50,1228,0.514,11.2,0.692,0.321,0.264,0.071,0.036,0.308,0.599,0.786,0.5,0.346,0.154,0.321,0.801,1.0,0.132,43,0.473,0.34,1,0
Josh Green,40,553,0.518,10.2,0.77,0.353,0.223,0.137,0.058,0.23,0.579,0.776,0.419,0.421,0.375,0.313,0.726,1.0,0.079,11,0.656,0.333,1,0
Blake Griffin,43,799,0.413,13.2,0.538,0.36,0.136,0.03,0.011,0.462,0.57,0.611,0.528,0.25,0.667,0.23,0.679,0.929,0.064,12,0.287,0.229,0,0
Quentin Grimes,35,556,0.407,22.1,0.209,0.081,0.023,0.017,0.087,0.791,0.5,0.786,0.0,0.333,0.4,0.382,0.611,0.942,0.017,3,0.25,0.5,0,0
Kyle Guy,14,175,0.433,18.0,0.417,0.117,0.183,0.033,0.083,0.583,0.48,0.857,0.091,0.5,0.8,0.4,0.5,0.786,0.0,0,0.257,0.444,0,0
Rui Hachimura,14,250,0.436,14.1,0.691,0.202,0.181,0.138,0.17,0.309,0.462,0.789,0.294,0.462,0.25,0.379,0.6,1.0,0.053,4,0.345,0.3,0,0
Tyrese Haliburton,51,1757,0.457,16.8,0.57,0.118,0.183,0.164,0.106,0.43,0.491,0.739,0.355,0.458,0.5,0.413,0.238,0.587,0.02,12,0.147,0.486,3,0
Tyler Hall,1,2,,,,,,,,,,,,,,,,,,0,,,0,0
R.J. Hampton,42,815,0.382,13.3,0.618,0.246,0.279,0.05,0.043,0.382,0.393,0.507,0.346,0.143,0.333,0.364,0.353,0.897,0.036,7,0.187,0.35,0,0
Tim Hardaway Jr.,42,1245,0.394,19.6,0.426,0.094,0.092,0.098,0.142,0.574,0.473,0.68,0.429,0.404,0.413,0.336,0.664,0.804,0.034,15,0.194,0.322,4,0
James Harden,44,1627,0.414,14.2,0.565,0.239,0.242,0.061,0.023,0.435,0.476,0.574,0.386,0.419,0.563,0.332,0.158,0.235,0.008,6,0.052,0.188,0,0
Maurice Harkless,38,737,0.444,15.2,0.438,0.253,0.16,0.006,0.019,0.562,0.634,0.683,0.615,0.0,0.333,0.297,0.756,1.0,0.117,15,0.604,0.345,0,0
Jared Harper,2,10,0.429,14.5,0.714,0.143,0.286,0.143,0.143,0.286,0.4,0.0,1.0,0.0,0.0,0.5,0.0,1.0,0.0,0,0.5,1.0,0,0
Montrezl Harrell,46,1117,0.645,5.5,0.961,0.517,0.319,0.089,0.037,0.039,0.66,0.788,0.541,0.471,0.357,0.267,0.646,1.0,0.272,101,0.133,0.5,2,0
Gary Harris,48,1416,0.444,16.7,0.479,0.152,0.167,0.051,0.11,0.521,0.505,0.667,0.487,0.435,0.34,0.388,0.582,0.924,0.013,5,0.477,0.469,0,0
Joe Harris,14,423,0.452,19.6,0.29,0.113,0.105,0.048,0.024,0.71,0.417,0.429,0.385,0.5,0.333,0.466,0.867,1.0,0.0,0,0.307,0.63,0,0
Tobias Harris,45,1595,0.488,11.0,0.772,0.262,0.295,0.171,0.044,0.228,0.53,0.687,0.45,0.462,0.4,0.346,0.45,0.833,0.039,26,0.186,0.276,0,0
Shaquille Harrison,2,23,0.333,9.5,0.667,0.5,0.167,0.0,0.0,0.333,0.5,0.667,0.0,,,0.0,0.5,,0.0,0,1.0,0.0,0,0
Josh Hart,41,1374,0.505,11.4,0.663,0.44,0.137,0.052,0.034,0.337,0.598,0.688,0.415,0.4,0.462,0.323,0.503,0.857,0.039,14,0.208,0.593,0,0
Isaiah Hartenstein,42,674,0.624,4.7,0.972,0.484,0.394,0.094,0.0,0.028,0.628,0.748,0.512,0.5,,0.5,0.754,0.667,0.211,40,0.0,,0,0
Udonis Haslem,9,57,0.5,6.7,0.909,0.545,0.182,0.136,0.045,0.091,0.5,0.667,0.0,0.667,0.0,0.5,0.8,1.0,0.0,0,1.0,0.5,0,0
Sam Hauser,10,41,0.286,27.8,0.0,0.0,0.0,0.0,0.0,1.0,,,,,,0.286,,1.0,0.0,0,0.214,0.333,0,0
Jaxson Hayes,42,688,0.63,6.3,0.882,0.573,0.237,0.043,0.028,0.118,0.677,0.769,0.56,0.333,0.333,0.28,0.794,1.0,0.332,66,0.28,0.143,1,0
Killian Hayes,42,1052,0.365,14.8,0.606,0.153,0.241,0.139,0.073,0.394,0.422,0.714,0.318,0.342,0.3,0.278,0.386,0.9,0.022,5,0.38,0.39,0,0
Gordon Hayward,48,1547,0.46,14.4,0.643,0.216,0.172,0.155,0.1,0.357,0.499,0.682,0.324,0.389,0.574,0.39,0.577,0.871,0.033,19,0.206,0.444,0,0
Aaron Henry,6,17,0.2,12.0,0.8,0.2,0.2,0.4,0.0,0.2,0.25,1.0,0.0,0.0,,0.0,1.0,,0.0,0,0.0,,0,0
Juancho Hernangómez,23,147,0.212,17.7,0.364,0.182,0.152,0.03,0.0,0.636,0.333,0.667,0.0,0.0,,0.143,0.5,1.0,0.0,0,0.19,0.0,0,0
Juancho Hernangómez,18,96,0.185,18.6,0.333,0.148,0.148,0.037,0.0,0.667,0.222,0.5,0.0,0.0,,0.167,1.0,1.0,0.0,0,0.167,0.0,0,0
Juancho Hernangómez,5,51,0.333,13.8,0.5,0.333,0.167,0.0,0.0,0.5,0.667,1.0,0.0,,,0.0,0.0,,0.0,0,0.333,0.0,0,0
Willy Hernangómez,28,467,0.536,4.0,0.962,0.59,0.333,0.038,0.0,0.038,0.54,0.667,0.328,0.429,,0.429,0.726,1.0,0.137,24,0.0,,0,0
Tyler Herro,45,1480,0.428,16.2,0.609,0.126,0.19,0.157,0.136,0.391,0.46,0.667,0.369,0.447,0.411,0.378,0.341,0.716,0.014,9,0.176,0.389,4,0
Buddy Hield,55,1574,0.382,20.8,0.286,0.114,0.063,0.052,0.056,0.714,0.419,0.582,0.205,0.306,0.436,0.368,0.482,0.841,0.006,4,0.131,0.431,2,1
Haywood Highsmith,4,42,0.5,20.6,0.125,0.125,0.0,0.0,0.0,0.875,0.0,0.0,,,,0.571,,1.0,0.0,0,0.857,0.667,0,0
George Hill,41,1044,0.436,15.7,0.5,0.252,0.137,0.064,0.047,0.5,0.556,0.763,0.344,0.333,0.364,0.316,0.462,0.946,0.017,3,0.402,0.383,1,0
Malcolm Hill,14,176,0.488,18.9,0.326,0.116,0.14,0.023,0.047,0.674,0.643,0.6,0.667,0.0,1.0,0.414,0.667,0.833,0.0,0,0.379,0.636,0,0
Malcolm Hill,3,46,0.625,19.0,0.375,0.125,0.0,0.125,0.125,0.625,0.667,1.0,,0.0,1.0,0.6,0.5,1.0,0.0,0,0.8,0.75,0,0
Malcolm Hill,11,130,0.457,18.9,0.314,0.114,0.171,0.0,0.029,0.686,0.636,0.5,0.667,,1.0,0.375,0.714,0.778,0.0,0,0.292,0.571,0,0
Solomon Hill,13,139,0.15,17.9,0.35,0.25,0.1,0.0,0.0,0.65,0.143,0.2,0.0,,,0.154,1.0,1.0,0.0,0,0.231,0.333,1,0
Nate Hinton,2,2,0.0,8.1,1.0,0.0,1.0,0.0,0.0,0.0,0.0,,0.0,,,,,,0.0,0,,,0,0
Jaylen Hoard,1,2,0.0,4.2,1.0,0.0,1.0,0.0,0.0,0.0,0.0,,0.0,,,,,,0.0,0,,,0,0
Aaron Holiday,41,663,0.467,12.9,0.687,0.178,0.318,0.164,0.028,0.313,0.524,0.605,0.529,0.486,0.167,0.343,0.364,0.739,0.0,0,0.179,0.417,0,0
Jrue Holiday,43,1408,0.503,12.9,0.681,0.24,0.26,0.121,0.06,0.319,0.554,0.612,0.478,0.608,0.541,0.395,0.177,0.429,0.007,4,0.108,0.381,0,0
Justin Holiday,50,1446,0.409,20.9,0.271,0.102,0.041,0.049,0.079,0.729,0.512,0.667,0.368,0.478,0.405,0.371,0.831,0.969,0.019,7,0.292,0.39,1,0
Justin Holiday,49,1416,0.415,21.1,0.266,0.1,0.037,0.05,0.079,0.734,0.516,0.674,0.353,0.478,0.417,0.378,0.825,0.969,0.017,7,0.292,0.398,1,0
Justin Holiday,1,30,0.182,15.9,0.455,0.182,0.182,0.0,0.091,0.545,0.4,0.5,0.5,,0.0,0.0,1.0,,0.091,0,0.333,0.0,0,0
Richaun Holmes,38,963,0.684,5.5,0.982,0.515,0.257,0.199,0.011,0.018,0.689,0.8,0.543,0.593,0.667,0.4,0.75,1.0,0.239,61,0.0,,0,0
Rodney Hood,39,581,0.351,19.9,0.389,0.099,0.084,0.084,0.122,0.611,0.431,0.846,0.273,0.455,0.188,0.3,0.545,0.917,0.008,1,0.3,0.333,0,0
Scotty Hopson,1,18,0.5,17.3,0.75,0.0,0.25,0.0,0.5,0.25,0.667,,0.0,,1.0,0.0,0.5,,0.0,0,0.0,,0,0
Al Horford,47,1335,0.435,15.7,0.538,0.16,0.246,0.076,0.057,0.462,0.557,0.754,0.49,0.548,0.304,0.293,0.648,0.964,0.054,21,0.25,0.404,0,0
Talen Horton-Tucker,40,1028,0.41,12.3,0.661,0.345,0.177,0.085,0.054,0.339,0.483,0.595,0.371,0.3,0.421,0.269,0.482,0.875,0.037,11,0.21,0.4,0,0
Danuel House Jr.,24,371,0.386,15.9,0.482,0.263,0.105,0.053,0.061,0.518,0.436,0.533,0.25,0.333,0.429,0.339,0.708,0.9,0.07,3,0.39,0.304,1,0
Danuel House Jr.,16,233,0.338,15.2,0.541,0.311,0.081,0.068,0.081,0.459,0.375,0.391,0.167,0.4,0.5,0.294,0.8,0.8,0.095,2,0.353,0.25,1,0
Danuel House Jr.,1,3,0.0,27.0,0.0,0.0,0.0,0.0,0.0,1.0,,,,,,0.0,,,0.0,0,0.0,,0,0
Danuel House Jr.,7,135,0.487,17.0,0.385,0.179,0.154,0.026,0.026,0.615,0.6,1.0,0.333,0.0,0.0,0.417,0.556,1.0,0.026,1,0.458,0.364,0,0
Dwight Howard,41,594,0.621,4.0,0.927,0.71,0.194,0.016,0.008,0.073,0.617,0.693,0.417,0.0,0.0,0.667,0.648,0.833,0.234,22,0.111,1.0,0,0
Markus Howard,22,134,0.37,21.1,0.274,0.068,0.082,0.055,0.068,0.726,0.2,0.2,0.167,0.25,0.2,0.434,0.25,0.87,0.0,0,0.283,0.533,0,0
Kevin Huerter,47,1367,0.463,17.5,0.487,0.115,0.15,0.141,0.08,0.513,0.554,0.736,0.522,0.477,0.486,0.377,0.516,0.876,0.002,1,0.242,0.351,2,0
Jay Huff,4,20,0.0,19.9,0.333,0.0,0.333,0.0,0.0,0.667,0.0,,0.0,,,0.0,,,0.0,0,0.0,,0,0
Elijah Hughes,14,112,0.417,21.1,0.222,0.111,0.056,0.028,0.028,0.778,0.625,0.75,1.0,0.0,0.0,0.357,0.8,0.9,0.028,1,0.393,0.364,0,0
De'Andre Hunter,26,747,0.453,15.1,0.668,0.193,0.182,0.153,0.139,0.332,0.475,0.604,0.44,0.5,0.316,0.407,0.644,0.892,0.026,6,0.385,0.429,0,0
Chandler Hutchison,6,22,0.5,5.0,1.0,0.5,0.5,0.0,0.0,0.0,0.5,0.0,1.0,,,,1.0,,0.0,0,,,0,0
Bones Hyland,42,742,0.366,19.0,0.387,0.123,0.141,0.081,0.042,0.613,0.395,0.61,0.234,0.296,0.5,0.348,0.373,0.676,0.012,3,0.162,0.273,2,0
Serge Ibaka,35,538,0.49,13.9,0.677,0.182,0.271,0.12,0.104,0.323,0.538,0.743,0.519,0.435,0.35,0.387,0.7,1.0,0.068,12,0.032,0.5,0,0
Andre Iguodala,26,518,0.392,17.5,0.402,0.216,0.118,0.02,0.049,0.598,0.634,0.727,0.667,0.0,0.4,0.23,0.615,0.929,0.167,15,0.328,0.2,2,0
Joe Ingles,45,1122,0.404,21.3,0.211,0.039,0.147,0.014,0.011,0.789,0.617,0.818,0.619,0.25,0.333,0.347,0.595,0.756,0.0,0,0.187,0.405,0,0
Brandon Ingram,40,1379,0.45,14.5,0.755,0.157,0.155,0.224,0.219,0.245,0.483,0.664,0.409,0.494,0.395,0.348,0.426,0.889,0.049,31,0.149,0.444,1,0
Kyrie Irving,12,427,0.456,16.0,0.667,0.089,0.198,0.215,0.165,0.333,0.5,0.714,0.532,0.471,0.385,0.367,0.241,0.621,0.0,0,0.101,0.375,0,0
Wes Iwundu,3,82,0.444,12.3,0.722,0.278,0.167,0.111,0.167,0.278,0.385,0.4,0.333,0.0,0.667,0.6,0.6,0.667,0.0,0,0.6,0.333,0,0
Frank Jackson,41,931,0.422,17.8,0.409,0.156,0.143,0.076,0.034,0.591,0.554,0.783,0.327,0.517,0.538,0.33,0.655,0.933,0.008,3,0.361,0.427,0,0
Isaiah Jackson,19,181,0.526,5.2,0.908,0.566,0.263,0.053,0.026,0.092,0.536,0.628,0.45,0.0,0.5,0.429,0.676,1.0,0.211,13,0.0,,0,0
Jaren Jackson Jr.,55,1536,0.424,13.2,0.607,0.231,0.315,0.057,0.004,0.393,0.492,0.644,0.397,0.419,0.333,0.318,0.569,0.979,0.049,32,0.189,0.304,1,0
Josh Jackson,39,707,0.41,15.2,0.55,0.243,0.163,0.056,0.088,0.45,0.529,0.721,0.39,0.429,0.318,0.265,0.507,0.867,0.052,9,0.257,0.207,0,0
Justin Jackson,7,37,0.333,19.9,0.4,0.0,0.2,0.067,0.133,0.6,0.333,,0.667,0.0,0.0,0.333,1.0,1.0,0.0,0,0.111,1.0,0,0
Justin Jackson,1,2,0.0,20.9,1.0,0.0,0.0,0.0,1.0,0.0,0.0,,,,0.0,,,,0.0,0,,,0,0
Justin Jackson,6,35,0.357,19.8,0.357,0.0,0.214,0.071,0.071,0.643,0.4,,0.667,0.0,0.0,0.333,1.0,1.0,0.0,0,0.111,1.0,0,0
Reggie Jackson,52,1586,0.394,16.8,0.545,0.132,0.191,0.095,0.127,0.455,0.446,0.602,0.449,0.385,0.327,0.331,0.201,0.626,0.009,5,0.194,0.361,1,0
LeBron James,39,1430,0.526,14.0,0.627,0.328,0.121,0.077,0.101,0.373,0.628,0.791,0.495,0.413,0.422,0.354,0.391,0.574,0.071,58,0.069,0.286,0,0
DeJon Jarreau,1,1,,,,,,,,,,,,,,,,,,0,,,0,0
DaQuan Jeffries,3,9,0.5,12.1,0.5,0.5,0.0,0.0,0.0,0.5,1.0,1.0,,,,0.0,1.0,,0.5,1,1.0,0.0,0,0
Ty Jerome,45,745,0.386,18.2,0.435,0.071,0.244,0.107,0.013,0.565,0.507,0.5,0.493,0.576,0.25,0.293,0.309,0.804,0.0,0,0.167,0.448,1,0
Isaiah Joe,38,491,0.355,22.2,0.232,0.087,0.036,0.029,0.08,0.768,0.438,0.667,0.4,0.5,0.182,0.33,0.643,1.0,0.029,4,0.302,0.375,1,0
Alize Johnson,19,139,0.483,7.2,0.862,0.517,0.31,0.034,0.0,0.138,0.56,0.6,0.556,0.0,,0.0,0.5,,0.0,0,0.5,0.0,1,0
Alize Johnson,16,121,0.522,6.6,0.913,0.478,0.391,0.043,0.0,0.087,0.571,0.636,0.556,0.0,,0.0,0.583,,0.0,0,0.5,0.0,1,0
Alize Johnson,3,18,0.333,9.7,0.667,0.667,0.0,0.0,0.0,0.333,0.5,0.5,,,,0.0,0.0,,0.0,0,0.5,0.0,0,0
B.J. Johnson,4,65,0.44,16.9,0.6,0.2,0.08,0.12,0.2,0.4,0.467,0.4,0.0,0.667,0.6,0.4,0.714,1.0,0.04,1,0.2,0.5,0,0
Cameron Johnson,51,1327,0.456,18.7,0.351,0.136,0.123,0.048,0.044,0.649,0.506,0.742,0.446,0.273,0.2,0.429,0.691,1.0,0.035,15,0.382,0.469,1,0
David Johnson,2,2,0.0,26.1,0.0,0.0,0.0,0.0,0.0,1.0,,,,,,0.0,,,0.0,0,0.0,,0,0
Jalen Johnson,13,58,0.474,13.3,0.632,0.368,0.053,0.105,0.105,0.368,0.5,0.857,0.0,0.0,0.0,0.429,1.0,1.0,0.105,2,0.429,0.333,0,0
James Johnson,39,735,0.485,8.2,0.765,0.536,0.173,0.036,0.02,0.235,0.547,0.638,0.382,0.143,0.25,0.283,0.524,0.923,0.087,15,0.478,0.318,0,0
Joe Johnson,1,2,1.0,18.1,1.0,0.0,0.0,0.0,1.0,0.0,1.0,,,,1.0,,0.0,,0.0,0,,,0,0
Keldon Johnson,51,1588,0.466,12.9,0.646,0.198,0.329,0.079,0.039,0.354,0.488,0.635,0.431,0.38,0.44,0.427,0.64,0.969,0.028,17,0.249,0.536,0,0
Keon Johnson,15,135,0.333,11.0,0.784,0.294,0.255,0.098,0.137,0.216,0.35,0.6,0.308,0.2,0.0,0.273,0.714,0.667,0.059,3,0.545,0.167,0,0
Stanley Johnson,22,492,0.487,13.8,0.558,0.283,0.168,0.062,0.044,0.442,0.619,0.813,0.316,0.714,0.4,0.32,0.538,0.938,0.0,0,0.46,0.304,0,0
Tyler Johnson,6,91,0.3,22.2,0.35,0.0,0.0,0.15,0.2,0.65,0.143,,,0.0,0.25,0.385,1.0,1.0,0.0,0,0.308,0.25,0,0
Tyler Johnson,3,38,0.4,23.6,0.3,0.0,0.0,0.1,0.2,0.7,0.333,,,0.0,0.5,0.429,1.0,1.0,0.0,0,0.0,,0,0
Tyler Johnson,3,53,0.2,20.8,0.4,0.0,0.0,0.2,0.2,0.6,0.0,,,0.0,0.0,0.333,,1.0,0.0,0,0.667,0.25,0,0
Nikola Jokić,48,1580,0.578,10.7,0.756,0.291,0.332,0.088,0.045,0.244,0.644,0.77,0.592,0.556,0.378,0.375,0.581,0.947,0.033,25,0.035,0.286,2,0
Carlik Jones,5,23,0.111,10.1,0.889,0.333,0.111,0.333,0.111,0.111,0.125,0.333,0.0,0.0,0.0,0.0,0.0,,0.0,0,1.0,0.0,0,0
Carlik Jones,3,19,0.0,10.0,0.857,0.286,0.143,0.429,0.0,0.143,0.0,0.0,0.0,0.0,,0.0,,,0.0,0,1.0,0.0,0,0
Carlik Jones,2,4,0.5,10.2,1.0,0.5,0.0,0.0,0.5,0.0,0.5,1.0,,,0.0,,0.0,,0.0,0,,,0,0
Damian Jones,37,564,0.638,7.3,0.901,0.511,0.234,0.05,0.106,0.099,0.669,0.861,0.303,0.429,0.667,0.357,0.8,1.0,0.291,34,0.214,0.333,1,0
Derrick Jones Jr.,31,533,0.582,8.9,0.697,0.549,0.131,0.008,0.008,0.303,0.659,0.746,0.25,1.0,1.0,0.405,0.714,1.0,0.221,26,0.703,0.462,0,0
Herbert Jones,51,1520,0.496,10.3,0.741,0.437,0.2,0.013,0.091,0.259,0.543,0.677,0.333,0.6,0.353,0.361,0.669,1.0,0.115,36,0.485,0.34,1,0
Jemerrio Jones,2,15,0.667,2.7,1.0,0.667,0.333,0.0,0.0,0.0,0.667,1.0,0.0,,,,0.5,,0.0,0,,,0,0
Kai Jones,16,46,0.667,9.2,0.778,0.444,0.222,0.0,0.111,0.222,0.714,1.0,0.5,,0.0,0.5,0.8,1.0,0.444,4,0.5,1.0,0,0
Mason Jones,2,9,0.25,8.8,0.75,0.375,0.375,0.0,0.0,0.25,0.333,0.667,0.0,,,0.0,0.5,,0.0,0,0.0,,0,0
Tre Jones,43,575,0.5,8.4,0.888,0.347,0.329,0.2,0.012,0.112,0.543,0.61,0.5,0.5,0.5,0.158,0.476,1.0,0.012,1,0.474,0.111,0,0
Tyus Jones,49,1011,0.463,14.9,0.637,0.109,0.242,0.236,0.05,0.363,0.519,0.649,0.476,0.513,0.471,0.366,0.384,0.8,0.0,0,0.211,0.423,0,0
DeAndre Jordan,31,399,0.67,1.8,1.0,0.795,0.193,0.0,0.011,0.0,0.67,0.743,0.412,,0.0,,0.797,,0.568,45,,,0,0
Cory Joseph,43,1031,0.458,14.7,0.62,0.21,0.229,0.059,0.122,0.38,0.47,0.614,0.452,0.375,0.303,0.437,0.392,0.822,0.0,0,0.223,0.522,2,0
Georgios Kalaitzakis,9,48,0.455,13.4,0.636,0.182,0.273,0.182,0.0,0.364,0.429,0.5,0.667,0.0,,0.5,0.333,1.0,0.0,0,0.0,,0,0
Frank Kaminsky,9,181,0.545,9.2,0.773,0.303,0.394,0.061,0.015,0.227,0.608,0.65,0.577,0.75,0.0,0.333,0.71,1.0,0.076,4,0.067,0.0,0,0
Luke Kennard,46,1294,0.436,20.7,0.333,0.054,0.084,0.131,0.065,0.667,0.448,0.565,0.444,0.464,0.321,0.43,0.594,0.919,0.0,0,0.147,0.429,0,0
Braxton Key,2,6,0.5,12.7,0.5,0.5,0.0,0.0,0.0,0.5,1.0,1.0,,,,0.0,0.0,,0.0,0,0.0,,0,0
George King,4,19,0.0,19.6,0.2,0.0,0.2,0.0,0.0,0.8,0.0,,0.0,,,0.0,,,0.0,0,0.75,0.0,0,0
Louis King,10,104,0.319,20.1,0.426,0.021,0.128,0.085,0.191,0.574,0.35,1.0,0.333,0.25,0.333,0.296,0.429,0.75,0.0,0,0.296,0.375,0,0
Corey Kispert,48,890,0.436,17.0,0.432,0.188,0.164,0.044,0.036,0.568,0.593,0.723,0.512,0.455,0.444,0.317,0.766,0.956,0.02,4,0.31,0.432,0,0
Maxi Kleber,38,952,0.424,20.6,0.26,0.126,0.061,0.048,0.026,0.74,0.567,0.931,0.214,0.273,0.167,0.374,0.824,0.984,0.043,10,0.251,0.349,1,0
Brandon Knight,3,54,0.45,17.5,0.35,0.3,0.05,0.0,0.0,0.65,0.714,0.833,0.0,,,0.308,0.8,0.75,0.0,0,0.077,0.0,0,0
Nathan Knight,28,194,0.482,5.6,0.857,0.589,0.25,0.018,0.0,0.143,0.521,0.606,0.357,0.0,,0.25,0.76,1.0,0.179,7,0.375,0.333,0,0
Kevin Knox,19,153,0.364,19.6,0.309,0.145,0.073,0.073,0.018,0.691,0.529,1.0,0.25,0.0,0.0,0.289,0.778,1.0,0.091,5,0.289,0.364,1,0
Kevin Knox,13,111,0.375,20.0,0.3,0.125,0.075,0.075,0.025,0.7,0.417,1.0,0.0,0.0,0.0,0.357,0.6,1.0,0.05,2,0.25,0.429,1,0
Kevin Knox,6,42,0.333,18.5,0.333,0.2,0.067,0.067,0.0,0.667,0.8,1.0,1.0,0.0,,0.1,1.0,1.0,0.2,3,0.4,0.25,0,0
John Konchar,48,884,0.506,14.3,0.517,0.331,0.093,0.052,0.041,0.483,0.584,0.684,0.5,0.444,0.143,0.422,0.577,0.943,0.07,10,0.506,0.405,0,0
Furkan Korkmaz,47,1130,0.39,17.5,0.442,0.178,0.158,0.047,0.059,0.558,0.52,0.754,0.344,0.556,0.261,0.287,0.483,0.839,0.021,6,0.19,0.293,2,0
Luke Kornet,3,18,0.167,8.4,0.833,0.5,0.167,0.167,0.0,0.167,0.2,0.333,0.0,0.0,,0.0,1.0,,0.0,0,0.0,,0,0
Luke Kornet,2,15,0.2,7.7,0.8,0.6,0.2,0.0,0.0,0.2,0.25,0.333,0.0,,,0.0,1.0,,0.0,0,0.0,,0,0
Luke Kornet,1,3,0.0,11.9,1.0,0.0,0.0,1.0,0.0,0.0,0.0,,,0.0,,,,,0.0,0,,,0,0
Vit Krejci,3,9,0.0,26.8,0.0,0.0,0.0,0.0,0.0,1.0,,,,,,0.0,,,0.0,0,0.0,,0,0
Arnoldas Kulboka,1,3,,,,,,,,,,,,,,,,,,0,,,0,0
Jonathan Kuminga,43,569,0.489,11.1,0.664,0.353,0.268,0.034,0.009,0.336,0.583,0.747,0.429,0.25,0.0,0.304,0.604,1.0,0.17,37,0.367,0.241,1,0
Kyle Kuzma,50,1646,0.456,14.7,0.585,0.169,0.27,0.1,0.047,0.415,0.541,0.795,0.464,0.455,0.258,0.335,0.51,0.924,0.029,16,0.244,0.343,0,0
Anthony Lamb,2,8,0.0,27.1,0.0,0.0,0.0,0.0,0.0,1.0,,,,,,0.0,,,0.0,0,0.0,,0,0
Jeremy Lamb,40,644,0.372,18.2,0.477,0.079,0.184,0.151,0.063,0.523,0.412,0.474,0.409,0.389,0.4,0.336,0.319,0.881,0.0,0,0.2,0.32,4,0
Jeremy Lamb,39,613,0.373,18.0,0.487,0.083,0.184,0.154,0.066,0.513,0.414,0.474,0.405,0.4,0.4,0.333,0.326,0.897,0.0,0,0.205,0.333,3,0
Jeremy Lamb,1,31,0.364,21.9,0.273,0.0,0.182,0.091,0.0,0.727,0.333,,0.5,0.0,,0.375,0.0,0.667,0.0,0,0.125,0.0,1,0
Jock Landale,34,343,0.496,13.2,0.556,0.385,0.137,0.009,0.026,0.444,0.6,0.689,0.375,0.0,0.667,0.365,0.718,1.0,0.12,13,0.135,0.429,0,0
Romeo Langford,44,728,0.429,15.6,0.549,0.207,0.228,0.076,0.038,0.451,0.495,0.711,0.357,0.429,0.286,0.349,0.7,0.966,0.043,7,0.518,0.326,1,0
Zach LaVine,46,1587,0.484,15.2,0.604,0.269,0.092,0.098,0.145,0.396,0.536,0.704,0.468,0.354,0.393,0.404,0.368,0.575,0.056,45,0.136,0.578,0,0
Jake Layman,23,169,0.367,14.9,0.469,0.286,0.122,0.041,0.02,0.531,0.609,0.786,0.167,0.5,1.0,0.154,0.643,1.0,0.041,2,0.615,0.188,0,0
Damion Lee,44,902,0.451,16.8,0.5,0.165,0.144,0.095,0.095,0.5,0.535,0.809,0.463,0.333,0.37,0.366,0.763,0.981,0.007,2,0.394,0.357,1,0
Saben Lee,27,403,0.38,11.6,0.636,0.397,0.198,0.033,0.008,0.364,0.442,0.542,0.292,0.25,0.0,0.273,0.353,0.833,0.066,6,0.273,0.25,0,0
Alex Len,33,557,0.529,7.0,0.877,0.419,0.335,0.116,0.006,0.123,0.559,0.738,0.404,0.389,0.0,0.316,0.763,1.0,0.168,23,0.316,0.333,0,0
Caris LeVert,40,1242,0.445,13.0,0.697,0.194,0.261,0.21,0.032,0.303,0.499,0.65,0.455,0.421,0.45,0.323,0.295,0.581,0.024,15,0.135,0.346,0,0
Caris LeVert,39,1214,0.447,13.0,0.696,0.195,0.259,0.211,0.032,0.304,0.501,0.661,0.453,0.42,0.45,0.323,0.295,0.574,0.024,15,0.138,0.346,0,0
Caris LeVert,1,28,0.364,12.4,0.727,0.182,0.364,0.182,0.0,0.273,0.375,0.0,0.5,0.5,,0.333,0.333,1.0,0.0,0,0.0,,0,0
Kira Lewis Jr.,24,341,0.404,14.8,0.603,0.267,0.171,0.103,0.062,0.397,0.523,0.718,0.4,0.333,0.333,0.224,0.457,0.846,0.027,3,0.241,0.286,3,0
Scottie Lewis,2,7,,,,,,,,,,,,,,,,,,0,,,0,0
Damian Lillard,29,1056,0.402,17.9,0.486,0.239,0.071,0.074,0.101,0.514,0.485,0.561,0.308,0.439,0.464,0.324,0.192,0.446,0.005,2,0.056,0.375,0,0
Nassir Little,42,1088,0.46,14.9,0.511,0.283,0.14,0.038,0.051,0.489,0.584,0.742,0.386,0.333,0.438,0.331,0.691,0.922,0.114,32,0.279,0.372,0,0
Isaiah Livers,1,5,0.0,25.2,0.0,0.0,0.0,0.0,0.0,1.0,,,,,,0.0,,,0.0,0,0.0,,0,0
Kevon Looney,55,1169,0.55,4.5,0.996,0.566,0.291,0.062,0.078,0.004,0.553,0.644,0.52,0.313,0.2,0.0,0.697,,0.229,58,0.0,,0,0
Brook Lopez,1,28,0.333,17.0,0.556,0.111,0.111,0.222,0.111,0.444,0.2,1.0,0.0,0.0,0.0,0.5,1.0,1.0,0.111,1,0.5,0.5,0,0
Robin Lopez,25,444,0.576,6.1,0.968,0.285,0.62,0.051,0.013,0.032,0.582,0.689,0.561,0.25,0.5,0.4,0.517,1.0,0.044,7,0.2,1.0,0,0
Didi Louzada,2,7,0.0,25.1,0.0,0.0,0.0,0.0,0.0,1.0,,,,,,0.0,,,0.0,0,0.333,0.0,0,0
Kevin Love,47,1047,0.427,19.3,0.404,0.109,0.111,0.091,0.091,0.596,0.478,0.673,0.5,0.37,0.326,0.393,0.557,0.924,0.006,2,0.16,0.375,1,0
Kyle Lowry,42,1420,0.416,19.4,0.407,0.117,0.103,0.094,0.092,0.593,0.531,0.745,0.467,0.39,0.475,0.337,0.309,0.678,0.0,0,0.155,0.375,2,0
Timothé Luwawu-Cabarrot,34,443,0.387,18.4,0.306,0.194,0.065,0.04,0.008,0.694,0.447,0.458,0.375,0.6,0.0,0.36,0.765,1.0,0.032,4,0.453,0.487,0,0
Trey Lyles,51,990,0.456,13.2,0.62,0.284,0.216,0.073,0.047,0.38,0.55,0.651,0.53,0.321,0.389,0.301,0.588,1.0,0.039,14,0.205,0.333,1,0
Théo Maledon,28,387,0.318,15.9,0.486,0.14,0.271,0.056,0.019,0.514,0.423,0.467,0.379,0.333,1.0,0.218,0.591,1.0,0.0,0,0.255,0.214,0,0
Sandro Mamukelashvili,30,295,0.439,13.6,0.524,0.402,0.11,0.0,0.012,0.476,0.488,0.606,0.111,,0.0,0.385,0.571,1.0,0.11,7,0.282,0.273,0,0
Terance Mann,55,1570,0.474,13.0,0.662,0.309,0.145,0.132,0.076,0.338,0.534,0.659,0.477,0.424,0.324,0.358,0.532,0.852,0.103,38,0.397,0.35,3,0
Tre Mann,41,792,0.377,16.5,0.541,0.119,0.255,0.075,0.091,0.459,0.39,0.605,0.321,0.333,0.345,0.363,0.254,0.717,0.019,5,0.158,0.478,1,0
Boban Marjanović,17,98,0.632,7.1,0.947,0.333,0.386,0.193,0.035,0.053,0.648,0.737,0.636,0.455,1.0,0.333,0.743,1.0,0.123,7,0.0,,0,0
Lauri Markkanen,38,1148,0.436,16.1,0.478,0.244,0.135,0.067,0.032,0.522,0.539,0.686,0.397,0.31,0.5,0.342,0.676,1.0,0.088,34,0.218,0.347,0,0
Naji Marshall,29,285,0.358,12.5,0.6,0.337,0.2,0.053,0.011,0.4,0.491,0.531,0.474,0.4,0.0,0.158,0.536,0.833,0.053,5,0.421,0.063,0,0
Caleb Martin,44,1009,0.506,12.2,0.635,0.381,0.157,0.031,0.066,0.365,0.579,0.752,0.26,0.2,0.524,0.379,0.581,0.932,0.104,28,0.422,0.367,1,0
Cody Martin,49,1334,0.454,12.3,0.631,0.375,0.145,0.041,0.069,0.369,0.48,0.613,0.326,0.231,0.227,0.41,0.646,0.896,0.079,21,0.573,0.418,1,0
Kelan Martin,27,444,0.417,15.4,0.56,0.238,0.119,0.083,0.119,0.44,0.511,0.65,0.2,0.5,0.55,0.297,0.646,1.0,0.024,3,0.351,0.423,1,0
Kenyon Martin Jr.,51,999,0.525,8.9,0.715,0.494,0.221,0.0,0.0,0.285,0.618,0.739,0.347,,,0.29,0.653,1.0,0.245,71,0.301,0.179,0,0
Garrison Mathews,37,1014,0.412,22.2,0.17,0.102,0.048,0.014,0.007,0.83,0.58,0.8,0.286,0.25,0.0,0.377,0.793,1.0,0.027,8,0.275,0.343,0,0
Dakota Mathias,6,16,0.333,25.1,0.0,0.0,0.0,0.0,0.0,1.0,,,,,,0.333,,1.0,0.0,0,0.167,1.0,0,0
Wesley Matthews,27,524,0.413,19.4,0.286,0.127,0.111,0.048,0.0,0.714,0.583,0.813,0.429,0.333,,0.344,0.619,0.968,0.0,0,0.356,0.313,0,0
Tyrese Maxey,47,1681,0.471,12.1,0.739,0.266,0.25,0.142,0.08,0.261,0.497,0.645,0.459,0.356,0.373,0.398,0.395,0.636,0.014,6,0.151,0.64,2,0
Skylar Mays,21,198,0.517,12.8,0.583,0.4,0.1,0.017,0.067,0.417,0.657,0.708,0.5,0.0,0.75,0.32,0.435,1.0,0.017,1,0.36,0.222,0,0
Miles McBride,21,151,0.259,17.1,0.466,0.207,0.121,0.0,0.138,0.534,0.37,0.5,0.286,,0.25,0.161,0.3,0.2,0.017,0,0.258,0.25,0,0
Mac McClung,1,3,1.0,16.0,1.0,0.0,0.0,0.0,1.0,0.0,1.0,,,,1.0,,1.0,,0.0,0,,,0,0
CJ McCollum,36,1267,0.436,16.7,0.565,0.126,0.165,0.155,0.119,0.435,0.476,0.607,0.409,0.476,0.43,0.384,0.223,0.658,0.003,2,0.166,0.313,0,0
T.J. McConnell,24,581,0.503,9.7,0.862,0.287,0.343,0.166,0.066,0.138,0.538,0.577,0.581,0.467,0.333,0.28,0.262,1.0,0.0,0,0.28,0.286,2,0
Jaden McDaniels,52,1351,0.438,14.0,0.547,0.264,0.192,0.065,0.027,0.453,0.545,0.726,0.312,0.5,0.545,0.308,0.7,1.0,0.087,28,0.473,0.337,1,0
Jalen McDaniels,39,685,0.492,13.7,0.563,0.294,0.193,0.056,0.02,0.437,0.586,0.759,0.421,0.182,0.75,0.372,0.662,1.0,0.086,15,0.36,0.29,1,0
Doug McDermott,39,953,0.465,16.7,0.451,0.178,0.17,0.073,0.03,0.549,0.509,0.652,0.381,0.444,0.545,0.429,0.812,0.989,0.014,5,0.202,0.488,0,0
JaVale McGee,48,782,0.658,4.1,0.984,0.565,0.342,0.055,0.023,0.016,0.662,0.714,0.642,0.353,0.429,0.4,0.713,1.0,0.229,69,0.0,,0,0
Cameron McGriff,3,46,0.357,13.0,0.571,0.357,0.143,0.0,0.071,0.429,0.375,0.4,0.5,,0.0,0.333,0.667,0.0,0.0,0,0.333,0.0,0,0
Rodney McGruder,29,386,0.433,17.5,0.413,0.144,0.183,0.067,0.019,0.587,0.488,0.533,0.421,0.429,1.0,0.393,0.619,1.0,0.01,0,0.459,0.393,1,0
Alfonzo McKinnie,17,206,0.393,14.1,0.557,0.311,0.082,0.082,0.082,0.443,0.441,0.526,0.6,0.0,0.4,0.333,0.733,1.0,0.148,7,0.407,0.364,0,0
JaQuori McLaughlin,4,11,0.0,21.9,0.5,0.0,0.0,0.0,0.5,0.5,0.0,,,,0.0,0.0,,,0.0,0,1.0,0.0,0,0
Jordan McLaughlin,37,451,0.383,13.1,0.626,0.28,0.28,0.056,0.009,0.374,0.493,0.733,0.3,0.167,1.0,0.2,0.364,0.875,0.019,2,0.25,0.4,3,0
Ben McLemore,39,715,0.392,22.3,0.196,0.078,0.02,0.01,0.088,0.804,0.448,0.565,0.5,0.333,0.346,0.378,0.808,0.978,0.014,4,0.345,0.488,0,0
De'Anthony Melton,47,1078,0.384,16.9,0.491,0.17,0.17,0.077,0.073,0.509,0.435,0.573,0.347,0.471,0.281,0.335,0.426,0.787,0.032,11,0.134,0.433,0,0
Sam Merrill,6,58,0.333,24.4,0.042,0.042,0.0,0.0,0.0,0.958,1.0,1.0,,,,0.304,1.0,0.714,0.0,0,0.217,0.2,0,0
Chimezie Metu,39,876,0.433,13.9,0.576,0.232,0.229,0.08,0.035,0.424,0.552,0.699,0.528,0.28,0.364,0.271,0.77,0.972,0.188,49,0.316,0.262,0,0
Khris Middleton,44,1402,0.442,17.2,0.581,0.112,0.131,0.199,0.14,0.419,0.488,0.73,0.337,0.511,0.402,0.377,0.342,0.673,0.008,4,0.116,0.469,0,0
C.J. Miles,1,2,,,,,,,,,,,,,,,,,,0,,,0,0
Patty Mills,53,1635,0.434,21.0,0.306,0.075,0.039,0.073,0.119,0.694,0.456,0.727,0.217,0.442,0.371,0.424,0.622,0.919,0.0,0,0.26,0.368,1,0
Paul Millsap,24,270,0.376,11.1,0.682,0.376,0.212,0.082,0.012,0.318,0.448,0.531,0.389,0.286,0.0,0.222,0.462,1.0,0.047,3,0.37,0.1,0,0
Shake Milton,27,668,0.429,13.2,0.689,0.201,0.283,0.161,0.043,0.311,0.48,0.706,0.403,0.39,0.273,0.316,0.345,0.92,0.004,1,0.152,0.333,1,0
Davion Mitchell,51,1330,0.408,16.1,0.59,0.169,0.155,0.122,0.144,0.41,0.47,0.678,0.434,0.338,0.377,0.32,0.216,0.629,0.002,1,0.096,0.333,3,0
Donovan Mitchell,43,1431,0.454,16.3,0.538,0.14,0.251,0.081,0.065,0.462,0.548,0.715,0.486,0.521,0.456,0.346,0.167,0.493,0.022,16,0.099,0.35,1,0
Evan Mobley,47,1606,0.498,8.8,0.886,0.337,0.309,0.164,0.075,0.114,0.527,0.725,0.39,0.457,0.349,0.277,0.637,1.0,0.173,90,0.2,0.462,1,0
Malik Monk,50,1358,0.47,16.8,0.441,0.225,0.146,0.03,0.04,0.559,0.556,0.711,0.432,0.333,0.3,0.403,0.548,0.877,0.053,27,0.159,0.333,0,0
Greg Monroe,8,126,0.526,3.5,1.0,0.605,0.368,0.0,0.026,0.0,0.526,0.652,0.357,,0.0,,0.6,,0.0,0,,,0,0
Greg Monroe,3,63,0.643,4.5,1.0,0.5,0.429,0.0,0.071,0.0,0.643,1.0,0.333,,0.0,,0.556,,0.0,0,,,0,0
Greg Monroe,2,18,0.5,2.3,1.0,0.75,0.25,0.0,0.0,0.0,0.5,0.667,0.0,,,,0.5,,0.0,0,,,0,0
Greg Monroe,3,45,0.438,3.3,1.0,0.625,0.375,0.0,0.0,0.0,0.438,0.4,0.5,,,,0.714,,0.0,0,,,0,0
Moses Moody,32,306,0.389,17.7,0.4,0.2,0.084,0.053,0.063,0.6,0.5,0.632,0.375,0.6,0.167,0.316,0.789,1.0,0.074,7,0.368,0.19,0,0
Xavier Moon,6,83,0.412,16.6,0.706,0.059,0.176,0.176,0.294,0.294,0.458,0.5,0.167,0.333,0.7,0.3,0.091,0.333,0.0,0,0.1,0.0,0,0
Matt Mooney,1,2,0.0,25.1,0.0,0.0,0.0,0.0,0.0,1.0,,,,,,0.0,,,0.0,0,0.0,,0,0
Ja Morant,43,1425,0.493,10.4,0.78,0.319,0.306,0.132,0.023,0.22,0.535,0.716,0.434,0.391,0.2,0.344,0.25,0.515,0.057,45,0.094,0.444,1,0
Juwan Morgan,1,27,0.667,17.1,0.333,0.333,0.0,0.0,0.0,0.667,1.0,1.0,,,,0.5,1.0,1.0,0.0,0,0.0,,0,0
Jaylen Morris,3,16,0.0,11.6,0.667,0.5,0.167,0.0,0.0,0.333,0.0,0.0,0.0,,,0.0,,,0.167,0,0.0,,0,0
Marcus Morris,31,927,0.424,17.7,0.589,0.047,0.148,0.219,0.175,0.411,0.452,0.526,0.483,0.382,0.493,0.383,0.278,0.922,0.0,0,0.222,0.459,1,0
Markieff Morris,10,187,0.457,14.1,0.686,0.171,0.143,0.286,0.086,0.314,0.5,0.667,0.4,0.45,0.5,0.364,0.583,1.0,0.071,4,0.591,0.385,0,0
Monte Morris,51,1529,0.474,16.4,0.599,0.142,0.128,0.142,0.188,0.401,0.541,0.744,0.457,0.487,0.485,0.373,0.449,0.927,0.0,0,0.332,0.356,0,0
Emmanuel Mudiay,2,11,0.0,13.0,1.0,0.0,0.0,1.0,0.0,0.0,0.0,,,0.0,,,,,0.0,0,,,0,0
Mychal Mulder,15,195,0.299,19.4,0.313,0.134,0.104,0.03,0.045,0.687,0.333,0.556,0.0,0.5,0.333,0.283,0.571,1.0,0.045,2,0.217,0.4,0,0
Ade Murkey,1,1,,,,,,,,,,,,,,,,,,0,,,0,0
Trey Murphy III,40,514,0.338,19.6,0.277,0.149,0.088,0.014,0.027,0.723,0.341,0.591,0.077,0.0,0.0,0.336,0.5,0.944,0.054,7,0.449,0.438,1,0
Dejounte Murray,48,1652,0.453,12.6,0.77,0.212,0.207,0.239,0.112,0.23,0.495,0.648,0.416,0.459,0.427,0.315,0.202,0.71,0.02,17,0.183,0.333,0,0
Mike Muscala,43,592,0.456,19.6,0.343,0.129,0.097,0.089,0.028,0.657,0.506,0.688,0.458,0.318,0.429,0.429,0.814,1.0,0.036,9,0.178,0.345,0,0
Svi Mykhailiuk,41,648,0.407,16.8,0.446,0.225,0.098,0.064,0.059,0.554,0.527,0.63,0.55,0.308,0.333,0.31,0.521,0.943,0.044,7,0.283,0.438,0,0
Abdel Nader,14,145,0.343,12.9,0.6,0.314,0.286,0.0,0.0,0.4,0.381,0.727,0.0,,,0.286,0.5,1.0,0.029,1,0.357,0.2,1,0
Larry Nance Jr.,37,858,0.515,10.5,0.687,0.449,0.162,0.051,0.025,0.313,0.61,0.674,0.563,0.3,0.4,0.306,0.663,1.0,0.202,35,0.274,0.294,1,0
RJ Nembhard Jr.,7,44,0.455,6.7,0.909,0.455,0.364,0.091,0.0,0.091,0.5,1.0,0.0,0.0,,0.0,0.6,,0.0,0,0.0,,0,0
Aaron Nesmith,39,398,0.354,18.3,0.369,0.115,0.162,0.031,0.062,0.631,0.604,0.8,0.476,0.25,0.75,0.207,0.828,1.0,0.038,5,0.402,0.182,0,0
Raul Neto,44,855,0.44,11.9,0.736,0.204,0.327,0.183,0.021,0.264,0.517,0.655,0.462,0.481,0.333,0.227,0.333,0.765,0.0,0,0.187,0.214,0,0
Malik Newman,1,8,0.6,14.8,0.8,0.2,0.0,0.4,0.2,0.2,0.75,1.0,,1.0,0.0,0.0,0.667,,0.0,0,0.0,,0,0
Georges Niang,50,1153,0.438,17.9,0.368,0.137,0.179,0.039,0.013,0.632,0.5,0.642,0.464,0.267,0.2,0.402,0.732,0.969,0.003,1,0.348,0.388,0,0
Daishen Nix,8,67,0.65,10.8,0.65,0.45,0.2,0.0,0.0,0.35,0.769,0.889,0.5,,,0.429,0.3,0.667,0.1,2,0.143,1.0,0,0
Zeke Nnaji,38,623,0.547,12.9,0.571,0.365,0.153,0.006,0.047,0.429,0.588,0.742,0.269,0.0,0.5,0.493,0.561,0.944,0.129,19,0.425,0.548,0,0
Nerlens Noel,25,562,0.533,5.9,0.95,0.533,0.25,0.167,0.0,0.05,0.561,0.563,0.533,0.6,,0.0,0.75,,0.117,3,0.667,0.0,1,0
Jaylen Nowell,40,603,0.464,13.8,0.635,0.198,0.247,0.148,0.042,0.365,0.521,0.712,0.431,0.41,0.545,0.365,0.391,0.771,0.023,5,0.188,0.333,2,0
Frank Ntilikina,44,567,0.378,18.0,0.478,0.106,0.15,0.1,0.122,0.522,0.419,0.368,0.444,0.444,0.409,0.34,0.583,0.906,0.017,1,0.277,0.346,1,0
Jusuf Nurkić,53,1481,0.533,5.9,0.907,0.496,0.345,0.031,0.036,0.093,0.564,0.645,0.495,0.294,0.35,0.231,0.632,0.917,0.063,33,0.019,1.0,0,0
David Nwaba,34,477,0.475,8.5,0.752,0.532,0.199,0.021,0.0,0.248,0.538,0.653,0.25,0.333,,0.286,0.579,1.0,0.128,18,0.343,0.25,0,0
Jordan Nwora,42,805,0.408,17.2,0.495,0.179,0.113,0.1,0.103,0.505,0.449,0.702,0.361,0.313,0.242,0.366,0.563,0.763,0.028,7,0.298,0.375,0,0
Royce O'Neale,51,1600,0.482,18.2,0.33,0.213,0.113,0.004,0.0,0.67,0.656,0.733,0.531,0.0,,0.397,0.639,1.0,0.035,9,0.317,0.4,0,0
Semi Ojeleye,20,308,0.257,17.9,0.414,0.086,0.229,0.1,0.0,0.586,0.241,0.667,0.188,0.0,,0.268,0.857,0.818,0.057,3,0.39,0.25,1,0
Chuma Okeke,45,1064,0.387,17.4,0.41,0.166,0.16,0.046,0.037,0.59,0.51,0.655,0.464,0.375,0.231,0.301,0.521,0.968,0.057,19,0.262,0.296,0,0
Josh Okogie,33,408,0.347,13.0,0.52,0.333,0.173,0.013,0.0,0.48,0.41,0.4,0.462,0.0,,0.278,0.688,1.0,0.107,5,0.5,0.167,0,0
Onyeka Okongwu,22,486,0.731,4.1,1.0,0.741,0.194,0.046,0.019,0.0,0.731,0.8,0.524,0.6,0.5,,0.797,,0.287,29,,,0,0
Isaac Okoro,40,1148,0.465,10.8,0.613,0.468,0.121,0.014,0.011,0.387,0.561,0.674,0.176,0.25,0.333,0.312,0.753,0.912,0.092,25,0.679,0.297,0,0
KZ Okpala,21,244,0.435,12.0,0.623,0.319,0.232,0.058,0.014,0.377,0.488,0.545,0.5,0.25,0.0,0.346,0.762,1.0,0.101,7,0.615,0.5,0,0
Cameron Oliver,2,43,0.667,7.8,0.8,0.6,0.133,0.0,0.067,0.2,0.75,0.667,1.0,,1.0,0.333,0.778,1.0,0.067,1,0.333,0.0,0,0
Kelly Olynyk,17,351,0.403,14.0,0.591,0.305,0.182,0.058,0.045,0.409,0.484,0.638,0.286,0.333,0.429,0.286,0.523,0.833,0.058,8,0.0,,1,0
Eugene Omoruyi,4,18,0.4,17.7,0.6,0.0,0.2,0.2,0.2,0.4,0.333,,1.0,0.0,0.0,0.5,0.0,1.0,0.0,0,0.5,0.0,0,0
Miye Oni,16,44,0.222,21.8,0.111,0.111,0.0,0.0,0.0,0.889,1.0,1.0,,,,0.125,0.0,1.0,0.0,0,0.625,0.0,0,0
Cedi Osman,43,998,0.419,18.0,0.371,0.225,0.107,0.02,0.018,0.629,0.524,0.614,0.429,0.25,0.286,0.358,0.724,0.875,0.013,5,0.159,0.462,1,0
Daniel Oturu,3,27,0.5,6.8,0.833,0.5,0.333,0.0,0.0,0.167,0.6,0.667,0.5,,,0.0,0.333,,0.0,0,0.0,,0,0
Kelly Oubre Jr.,50,1423,0.441,16.9,0.411,0.223,0.126,0.048,0.013,0.589,0.571,0.711,0.419,0.333,0.556,0.351,0.6,0.922,0.066,40,0.306,0.333,2,0
Jaysean Paige,1,7,0.0,23.7,0.333,0.0,0.0,0.0,0.333,0.667,0.0,,,,0.0,0.0,,,0.0,0,0.0,,0,0
Trayvon Palmer,1,17,0.0,4.0,1.0,0.0,1.0,0.0,0.0,0.0,0.0,,0.0,,,,,,0.0,0,,,0,0
Kevin Pangos,24,166,0.326,17.8,0.435,0.109,0.239,0.043,0.043,0.565,0.45,0.6,0.364,0.5,0.5,0.231,0.111,0.333,0.0,0,0.038,0.0,0,0
Jabari Parker,12,112,0.474,16.6,0.579,0.211,0.184,0.026,0.158,0.421,0.455,0.75,0.286,0.0,0.333,0.5,0.6,0.875,0.105,4,0.375,0.5,1,0
Eric Paschall,41,544,0.485,14.7,0.485,0.287,0.156,0.036,0.006,0.515,0.605,0.625,0.654,0.167,1.0,0.372,0.551,0.938,0.09,11,0.488,0.405,2,0
Chris Paul,54,1798,0.489,16.4,0.732,0.035,0.165,0.334,0.198,0.268,0.544,0.727,0.515,0.569,0.492,0.339,0.116,0.421,0.0,0,0.083,0.286,3,0
Cameron Payne,40,815,0.404,13.3,0.657,0.217,0.294,0.107,0.038,0.343,0.44,0.494,0.365,0.5,0.533,0.336,0.168,0.711,0.003,1,0.075,0.3,1,0
Elfrid Payton,34,397,0.387,7.3,0.903,0.306,0.5,0.065,0.032,0.097,0.411,0.526,0.371,0.25,0.25,0.167,0.261,0.5,0.04,4,0.333,0.0,0,0
Gary Payton II,52,872,0.623,10.8,0.644,0.389,0.243,0.004,0.008,0.356,0.761,0.833,0.667,0.0,0.5,0.375,0.785,1.0,0.211,47,0.523,0.435,1,0
Norvel Pelle,3,19,0.6,0.4,1.0,1.0,0.0,0.0,0.0,0.0,0.6,0.6,,,,,0.667,,0.4,2,,,0,0
Reggie Perry,3,51,0.5,13.2,0.8,0.1,0.4,0.1,0.2,0.2,0.5,1.0,0.0,1.0,1.0,0.5,1.0,1.0,0.0,0,0.5,0.0,0,0
Reggie Perry,2,41,0.444,12.5,0.778,0.111,0.444,0.111,0.111,0.222,0.429,1.0,0.0,1.0,1.0,0.5,1.0,1.0,0.0,0,0.5,0.0,0,0
Reggie Perry,1,10,1.0,20.1,1.0,0.0,0.0,0.0,1.0,0.0,1.0,,,,1.0,,1.0,,0.0,0,,,0,0
Jamorko Pickett,6,47,0.1,20.9,0.3,0.1,0.1,0.0,0.1,0.7,0.0,0.0,0.0,,0.0,0.143,,1.0,0.0,0,0.143,0.0,0,0
Theo Pinson,16,120,0.281,22.2,0.219,0.063,0.063,0.0,0.094,0.781,0.429,0.5,0.0,,0.667,0.24,0.333,0.833,0.031,1,0.08,0.5,0,0
Mason Plumlee,47,1196,0.631,3.4,0.991,0.644,0.297,0.045,0.005,0.009,0.636,0.755,0.424,0.4,0.0,0.0,0.757,,0.347,69,0.0,,1,0
Jakob Poeltl,45,1296,0.614,4.6,1.0,0.49,0.37,0.136,0.005,0.0,0.614,0.746,0.478,0.508,0.5,,0.738,,0.085,33,,,0,0
Aleksej Pokusevski,38,601,0.384,15.4,0.54,0.204,0.19,0.066,0.081,0.46,0.482,0.628,0.425,0.357,0.353,0.268,0.473,0.923,0.085,16,0.247,0.333,0,0
Yves Pons,7,22,0.333,8.9,0.667,0.333,0.333,0.0,0.0,0.333,0.0,0.0,0.0,,,1.0,,1.0,0.667,0,1.0,1.0,0,0
Jordan Poole,49,1430,0.438,17.7,0.449,0.157,0.166,0.068,0.059,0.551,0.556,0.667,0.552,0.419,0.432,0.342,0.513,0.782,0.021,12,0.198,0.362,5,1
Kevin Porter Jr.,37,1108,0.392,16.3,0.495,0.218,0.149,0.053,0.076,0.505,0.417,0.621,0.215,0.304,0.303,0.368,0.244,0.469,0.05,18,0.109,0.333,0,0
Michael Porter Jr.,9,265,0.359,17.2,0.534,0.165,0.097,0.107,0.165,0.466,0.491,0.706,0.3,0.273,0.529,0.208,0.704,0.9,0.019,2,0.104,0.0,1,0
Otto Porter Jr.,45,972,0.475,18.1,0.433,0.128,0.138,0.089,0.079,0.567,0.576,0.744,0.571,0.481,0.417,0.399,0.803,0.942,0.023,7,0.231,0.4,0,0
Bobby Portis,47,1351,0.489,14.3,0.623,0.221,0.194,0.123,0.084,0.377,0.526,0.636,0.478,0.444,0.469,0.427,0.555,1.0,0.036,15,0.341,0.453,1,0
Kristaps Porziņģis,34,1002,0.451,14.3,0.659,0.23,0.161,0.191,0.077,0.341,0.537,0.778,0.427,0.392,0.41,0.283,0.711,1.0,0.132,60,0.029,0.4,0,0
Micah Potter,3,31,0.455,8.3,0.818,0.364,0.273,0.182,0.0,0.182,0.556,0.5,0.667,0.5,,0.0,0.6,,0.0,0,0.0,,0,0
Dwight Powell,55,1116,0.644,5.3,0.869,0.695,0.14,0.013,0.021,0.131,0.683,0.762,0.394,0.667,0.0,0.387,0.879,1.0,0.305,65,0.258,0.625,0,0
Myles Powell,11,52,0.294,13.5,0.647,0.353,0.176,0.0,0.118,0.353,0.364,0.667,0.0,,0.0,0.167,0.0,0.0,0.0,0,0.0,,0,0
Norman Powell,42,1380,0.46,14.5,0.579,0.263,0.172,0.053,0.091,0.421,0.497,0.573,0.408,0.5,0.442,0.408,0.512,0.888,0.028,13,0.317,0.382,0,0
Norman Powell,40,1333,0.456,14.4,0.577,0.264,0.172,0.052,0.09,0.423,0.492,0.559,0.409,0.464,0.469,0.406,0.513,0.914,0.028,12,0.332,0.382,0,0
Norman Powell,2,47,0.536,15.2,0.607,0.25,0.179,0.071,0.107,0.393,0.588,0.857,0.4,1.0,0.0,0.455,0.5,0.4,0.036,1,0.0,,0,0
Joshua Primo,26,400,0.364,16.0,0.479,0.198,0.174,0.083,0.025,0.521,0.414,0.583,0.333,0.2,0.333,0.317,0.5,0.9,0.025,2,0.413,0.269,0,0
Taurean Prince,44,685,0.455,17.5,0.39,0.18,0.125,0.055,0.03,0.61,0.551,0.611,0.44,0.727,0.333,0.393,0.744,0.917,0.015,2,0.393,0.396,1,0
Payton Pritchard,45,548,0.385,21.4,0.395,0.088,0.098,0.073,0.137,0.605,0.407,0.611,0.35,0.333,0.357,0.371,0.273,0.717,0.005,1,0.121,0.6,0,0
Trevelin Queen,8,69,0.448,20.4,0.241,0.207,0.034,0.0,0.0,0.759,0.714,0.833,0.0,,,0.364,0.6,0.5,0.034,1,0.136,0.333,0,0
Neemias Queta,10,56,0.391,5.2,1.0,0.522,0.304,0.087,0.087,0.0,0.391,0.333,0.714,0.0,0.0,,0.556,,0.13,2,,,0,0
Immanuel Quickley,51,1108,0.367,19.0,0.428,0.08,0.15,0.125,0.073,0.572,0.415,0.571,0.348,0.4,0.406,0.331,0.295,0.566,0.007,2,0.112,0.321,0,0
Jahmi'us Ramsey,19,134,0.414,12.4,0.69,0.31,0.224,0.069,0.086,0.31,0.475,0.667,0.231,0.25,0.6,0.278,0.579,0.8,0.034,2,0.167,0.333,0,0
Julius Randle,53,1874,0.42,14.0,0.675,0.256,0.143,0.134,0.142,0.325,0.473,0.638,0.392,0.35,0.371,0.31,0.362,0.83,0.046,35,0.123,0.286,0,0
Austin Reaves,37,780,0.471,17.8,0.427,0.223,0.108,0.045,0.051,0.573,0.672,0.771,0.647,0.714,0.25,0.322,0.6,1.0,0.019,3,0.244,0.318,3,0
Cam Reddish,39,847,0.396,15.8,0.549,0.209,0.109,0.12,0.111,0.451,0.421,0.587,0.462,0.279,0.225,0.364,0.506,0.831,0.039,12,0.284,0.435,0,0
Cam Reddish,34,797,0.402,15.8,0.554,0.21,0.111,0.12,0.114,0.446,0.421,0.583,0.447,0.293,0.231,0.379,0.5,0.828,0.041,12,0.288,0.455,0,0
Cam Reddish,5,50,0.25,17.6,0.438,0.188,0.063,0.125,0.063,0.563,0.429,0.667,1.0,0.0,0.0,0.111,0.667,1.0,0.0,0,0.222,0.0,0,0
Davon Reed,28,399,0.474,18.6,0.442,0.105,0.116,0.084,0.137,0.558,0.524,0.6,0.273,0.75,0.538,0.434,0.545,0.913,0.021,0,0.264,0.357,0,0
Paul Reed,21,185,0.465,6.3,0.907,0.465,0.302,0.093,0.047,0.093,0.513,0.8,0.154,0.25,0.5,0.0,0.55,,0.186,8,0.75,0.0,0,0
Naz Reid,52,830,0.467,10.6,0.653,0.392,0.254,0.006,0.0,0.347,0.532,0.656,0.341,0.5,,0.345,0.621,1.0,0.093,26,0.241,0.536,0,0
Nick Richards,40,340,0.679,2.8,1.0,0.679,0.284,0.037,0.0,0.0,0.679,0.782,0.391,1.0,,,0.782,,0.432,29,,,0,0
Josh Richardson,44,1087,0.443,17.4,0.545,0.105,0.155,0.175,0.111,0.455,0.481,0.694,0.453,0.4,0.447,0.397,0.444,0.984,0.012,3,0.218,0.353,0,0
Austin Rivers,40,845,0.406,18.2,0.338,0.142,0.164,0.023,0.009,0.662,0.514,0.742,0.389,0.2,0.0,0.352,0.526,0.843,0.005,1,0.372,0.556,0,0
Duncan Robinson,52,1425,0.394,22.3,0.16,0.083,0.046,0.015,0.015,0.84,0.566,0.674,0.375,0.625,0.5,0.362,0.83,0.962,0.002,1,0.24,0.4,0,0
Justin Robinson,25,304,0.301,21.4,0.344,0.065,0.075,0.118,0.086,0.656,0.313,0.833,0.143,0.182,0.25,0.295,0.2,0.778,0.0,0,0.262,0.375,2,0
Justin Robinson,17,198,0.316,20.9,0.351,0.088,0.07,0.14,0.053,0.649,0.4,1.0,0.25,0.25,0.0,0.27,0.25,0.7,0.0,0,0.216,0.375,1,0
Justin Robinson,3,15,0.125,16.2,0.625,0.0,0.25,0.25,0.125,0.375,0.2,,0.0,0.0,1.0,0.0,0.0,,0.0,0,0.333,0.0,0,0
Justin Robinson,5,91,0.321,23.7,0.25,0.036,0.036,0.036,0.143,0.75,0.143,0.0,0.0,0.0,0.25,0.381,0.0,0.875,0.0,0,0.333,0.429,1,0
Mitchell Robinson,49,1243,0.781,1.1,1.0,0.947,0.053,0.0,0.0,0.0,0.781,0.787,0.667,,,,0.534,,0.566,118,,,0,0
Jeremiah Robinson-Earl,44,1014,0.401,15.4,0.486,0.257,0.14,0.058,0.031,0.514,0.472,0.587,0.439,0.176,0.222,0.333,0.761,1.0,0.055,13,0.267,0.325,0,0
Isaiah Roby,18,246,0.56,9.9,0.738,0.381,0.298,0.024,0.036,0.262,0.581,0.781,0.4,0.0,0.333,0.5,0.722,0.909,0.167,10,0.273,0.833,0,0
Rajon Rondo,29,515,0.343,15.7,0.521,0.214,0.186,0.1,0.021,0.479,0.37,0.633,0.192,0.214,0.0,0.313,0.111,0.857,0.0,0,0.119,0.375,0,0
Rajon Rondo,18,289,0.324,14.1,0.577,0.254,0.225,0.085,0.014,0.423,0.366,0.611,0.125,0.333,0.0,0.267,0.067,1.0,0.0,0,0.067,0.5,0,0
Rajon Rondo,11,226,0.362,17.3,0.464,0.174,0.145,0.116,0.029,0.536,0.375,0.667,0.3,0.125,0.0,0.351,0.167,0.769,0.0,0,0.162,0.333,0,0
Derrick Rose,26,636,0.445,13.4,0.664,0.245,0.23,0.088,0.102,0.336,0.467,0.582,0.508,0.292,0.25,0.402,0.259,0.757,0.0,0,0.185,0.353,1,0
Terrence Ross,47,1150,0.405,17.9,0.538,0.106,0.124,0.17,0.138,0.462,0.487,0.63,0.444,0.541,0.35,0.308,0.535,0.742,0.023,8,0.114,0.261,3,0
Terry Rozier,47,1566,0.43,16.7,0.484,0.166,0.168,0.082,0.068,0.516,0.497,0.65,0.371,0.475,0.46,0.366,0.421,0.807,0.008,5,0.351,0.373,3,0
Ricky Rubio,34,970,0.363,15.4,0.577,0.197,0.165,0.136,0.078,0.423,0.38,0.481,0.294,0.375,0.313,0.339,0.256,0.661,0.0,0,0.293,0.294,2,0
D'Angelo Russell,41,1314,0.412,18.5,0.465,0.114,0.123,0.11,0.117,0.535,0.479,0.693,0.346,0.472,0.416,0.353,0.308,0.629,0.011,5,0.071,0.48,2,0
Domantas Sabonis,48,1665,0.578,7.8,0.815,0.512,0.229,0.042,0.032,0.185,0.636,0.748,0.496,0.32,0.263,0.321,0.618,1.0,0.085,45,0.147,0.25,0,0
Domantas Sabonis,47,1632,0.58,7.9,0.811,0.511,0.226,0.042,0.032,0.189,0.639,0.75,0.504,0.292,0.278,0.324,0.622,1.0,0.088,45,0.148,0.25,0,0
Domantas Sabonis,1,33,0.526,4.9,0.947,0.526,0.316,0.053,0.053,0.053,0.556,0.7,0.333,1.0,0.0,0.0,0.5,,0.0,0,0.0,,0,0
Olivier Sarr,2,14,0.333,10.9,0.667,0.333,0.333,0.0,0.0,0.333,0.5,0.0,1.0,,,0.0,1.0,,0.333,0,0.0,,0,0
Tomáš Satoranský,32,481,0.299,12.7,0.71,0.234,0.262,0.15,0.065,0.29,0.355,0.52,0.286,0.375,0.0,0.161,0.519,1.0,0.019,1,0.161,0.0,1,0
Jordan Schakel,2,14,0.0,16.7,0.5,0.0,0.5,0.0,0.0,0.5,0.0,,0.0,,,0.0,,,0.0,0,0.0,,0,0
Admiral Schofield,20,235,0.491,17.4,0.4,0.2,0.182,0.018,0.0,0.6,0.727,0.818,0.6,1.0,,0.333,0.75,0.909,0.018,0,0.333,0.273,2,0
Dennis Schröder,49,1433,0.44,14.7,0.671,0.163,0.238,0.132,0.139,0.329,0.485,0.653,0.475,0.403,0.383,0.349,0.289,0.731,0.0,0,0.125,0.375,1,0
Tre Scott,2,11,0.5,8.2,0.833,0.5,0.167,0.167,0.0,0.167,0.6,0.667,1.0,0.0,,0.0,0.667,,0.0,0,0.0,,0,0
Jay Scrubb,18,121,0.391,16.2,0.543,0.239,0.087,0.13,0.087,0.457,0.48,0.545,0.5,0.5,0.25,0.286,0.333,0.667,0.043,1,0.143,0.667,0,0
Wayne Selden,3,19,0.25,15.9,0.5,0.0,0.5,0.0,0.0,0.5,0.0,,0.0,,,0.5,,1.0,0.0,0,0.5,0.0,0,0
Alperen Şengün,46,858,0.481,8.7,0.803,0.475,0.264,0.054,0.01,0.197,0.536,0.657,0.359,0.438,0.0,0.259,0.386,0.933,0.092,23,0.034,0.5,6,0
Collin Sexton,11,316,0.45,11.8,0.702,0.305,0.258,0.066,0.073,0.298,0.538,0.739,0.385,0.4,0.364,0.244,0.421,0.818,0.026,4,0.156,0.286,0,0
Landry Shamet,45,891,0.37,20.1,0.304,0.08,0.111,0.066,0.048,0.696,0.409,0.522,0.375,0.421,0.286,0.353,0.611,0.944,0.024,6,0.323,0.369,1,0
Day'Ron Sharpe,26,326,0.563,2.8,0.968,0.794,0.151,0.024,0.0,0.032,0.574,0.64,0.263,0.333,,0.25,0.643,1.0,0.198,19,0.0,,0,0
Pascal Siakam,40,1516,0.487,11.5,0.816,0.209,0.316,0.151,0.141,0.184,0.517,0.738,0.474,0.441,0.368,0.355,0.344,0.955,0.031,21,0.194,0.458,0,0
Chris Silva,10,91,0.533,4.0,1.0,0.533,0.4,0.0,0.067,0.0,0.533,0.75,0.333,,0.0,,0.75,,0.133,2,,,0,0
Chris Silva,1,3,,,,,,,,,,,,,,,,,,0,,,0,0
Chris Silva,9,88,0.533,4.0,1.0,0.533,0.4,0.0,0.067,0.0,0.533,0.75,0.333,,0.0,,0.75,,0.133,2,,,0,0
Marko Simonovic,9,35,0.267,12.2,0.667,0.333,0.2,0.0,0.133,0.333,0.3,0.6,0.0,,0.0,0.2,0.667,1.0,0.067,1,0.0,,0,0
Anfernee Simons,50,1449,0.439,18.9,0.448,0.119,0.12,0.101,0.108,0.552,0.497,0.557,0.513,0.478,0.431,0.392,0.182,0.653,0.012,7,0.101,0.405,2,0
Jericho Sims,17,111,0.727,1.3,1.0,0.909,0.091,0.0,0.0,0.0,0.727,0.7,1.0,,,,0.625,,0.727,7,,,0,0
Deividas Sirvydis,3,27,0.1,19.4,0.3,0.2,0.1,0.0,0.0,0.7,0.0,0.0,0.0,,,0.143,,1.0,0.0,0,0.0,,0,0
Javonte Smart,13,160,0.256,15.4,0.581,0.209,0.14,0.14,0.093,0.419,0.28,0.556,0.0,0.167,0.25,0.222,0.429,1.0,0.0,0,0.167,0.333,0,0
Marcus Smart,47,1549,0.414,16.5,0.51,0.142,0.257,0.074,0.037,0.49,0.509,0.692,0.466,0.441,0.235,0.316,0.395,0.958,0.015,6,0.262,0.305,2,0
Dennis Smith Jr.,37,638,0.418,9.0,0.857,0.354,0.307,0.09,0.106,0.143,0.451,0.522,0.431,0.235,0.45,0.222,0.329,0.5,0.026,3,0.222,0.333,0,0
Ish Smith,37,511,0.395,11.7,0.865,0.254,0.211,0.205,0.195,0.135,0.394,0.489,0.282,0.368,0.417,0.4,0.238,0.8,0.0,0,0.24,0.5,1,0
Jalen Smith,29,382,0.46,11.4,0.715,0.248,0.328,0.073,0.066,0.285,0.551,0.706,0.556,0.2,0.333,0.231,0.685,1.0,0.08,10,0.179,0.143,0,0
Xavier Sneed,2,8,0.0,24.3,0.0,0.0,0.0,0.0,0.0,1.0,,,,,,0.0,,,0.0,0,0.5,0.0,0,0
Tony Snell,38,546,0.371,20.8,0.227,0.082,0.072,0.052,0.021,0.773,0.545,0.5,0.429,0.6,1.0,0.32,0.75,0.958,0.01,1,0.52,0.385,0,0
Jaden Springer,2,6,1.0,9.1,1.0,0.0,1.0,0.0,0.0,0.0,1.0,,1.0,,,,0.0,,0.0,0,,,0,0
Cassius Stanley,9,155,0.413,12.5,0.63,0.152,0.413,0.043,0.022,0.37,0.517,0.571,0.526,0.5,0.0,0.235,0.6,1.0,0.022,0,0.471,0.25,0,0
Nik Stauskas,2,24,0.375,17.4,0.5,0.125,0.125,0.125,0.125,0.5,0.25,0.0,0.0,1.0,0.0,0.5,1.0,1.0,0.0,0,0.75,0.667,0,0
Lance Stephenson,26,445,0.451,14.8,0.688,0.254,0.11,0.075,0.249,0.312,0.538,0.727,0.579,0.385,0.372,0.259,0.203,0.429,0.006,1,0.093,0.4,0,0
Lance Stephenson,6,70,0.385,15.5,0.769,0.231,0.0,0.154,0.385,0.231,0.5,0.667,,0.5,0.4,0.0,0.6,,0.0,0,0.333,0.0,0,0
Lance Stephenson,20,375,0.456,14.7,0.681,0.256,0.119,0.069,0.238,0.319,0.541,0.732,0.579,0.364,0.368,0.275,0.169,0.429,0.006,1,0.078,0.5,0,0
Lamar Stevens,39,576,0.477,11.0,0.753,0.356,0.161,0.144,0.092,0.247,0.534,0.677,0.357,0.48,0.375,0.302,0.6,1.0,0.086,13,0.581,0.32,0,0
Isaiah Stewart,46,1194,0.518,5.3,0.922,0.605,0.23,0.049,0.039,0.078,0.551,0.626,0.423,0.133,0.667,0.125,0.682,1.0,0.055,15,0.083,0.0,0,0
Max Strus,43,1038,0.444,20.4,0.247,0.152,0.072,0.019,0.005,0.753,0.548,0.649,0.407,0.286,0.5,0.41,0.804,0.966,0.011,3,0.254,0.486,1,0
Jalen Suggs,35,979,0.366,13.2,0.641,0.273,0.241,0.061,0.066,0.359,0.433,0.607,0.313,0.36,0.222,0.245,0.351,0.639,0.032,11,0.122,0.278,1,0
Craig Sword,3,19,0.75,7.0,0.75,0.75,0.0,0.0,0.0,0.25,1.0,1.0,,,,0.0,1.0,,0.0,0,1.0,0.0,0,0
Keifer Sykes,18,353,0.367,16.8,0.533,0.183,0.092,0.108,0.15,0.467,0.422,0.636,0.364,0.154,0.389,0.304,0.37,0.882,0.017,2,0.321,0.389,0,0
Jae'Sean Tate,52,1418,0.5,9.1,0.729,0.43,0.287,0.008,0.004,0.271,0.574,0.713,0.382,0.25,0.0,0.301,0.429,0.976,0.062,27,0.426,0.345,0,0
Jayson Tatum,52,1874,0.431,15.6,0.594,0.211,0.172,0.099,0.113,0.406,0.501,0.696,0.4,0.321,0.446,0.328,0.4,0.545,0.042,43,0.122,0.358,2,0
Terry Taylor,10,166,0.552,5.0,0.896,0.582,0.284,0.015,0.015,0.104,0.55,0.641,0.368,1.0,0.0,0.571,0.667,0.75,0.045,3,0.429,0.667,0,0
Garrett Temple,50,984,0.382,17.6,0.389,0.195,0.08,0.069,0.046,0.611,0.48,0.647,0.429,0.222,0.25,0.319,0.633,0.98,0.011,3,0.456,0.329,0,0
Emanuel Terry,3,18,0.0,2.2,1.0,0.6,0.4,0.0,0.0,0.0,0.0,0.0,0.0,,,,,,0.0,0,,,0,0
Tyrell Terry,2,3,1.0,15.2,1.0,0.0,0.0,1.0,0.0,0.0,1.0,,,1.0,,,0.0,,0.0,0,,,0,0
Jon Teske,3,8,0.0,15.5,1.0,0.0,0.0,1.0,0.0,0.0,0.0,,,0.0,,,,,0.0,0,,,0,0
Daniel Theis,26,584,0.469,14.2,0.559,0.346,0.089,0.078,0.045,0.441,0.61,0.71,0.625,0.357,0.25,0.291,0.77,1.0,0.162,24,0.203,0.375,1,0
Brodric Thomas,7,28,0.111,18.6,0.333,0.111,0.222,0.0,0.0,0.667,0.333,1.0,0.0,,,0.0,1.0,,0.111,0,0.167,0.0,0,0
Cam Thomas,43,785,0.438,16.2,0.635,0.112,0.137,0.225,0.161,0.365,0.541,0.595,0.6,0.568,0.415,0.258,0.513,0.742,0.003,0,0.192,0.391,0,0
Isaiah Thomas,5,114,0.319,18.5,0.468,0.106,0.064,0.213,0.085,0.532,0.455,0.6,0.0,0.6,0.25,0.2,0.4,0.8,0.0,0,0.16,0.25,0,0
Isaiah Thomas,4,101,0.308,18.7,0.436,0.103,0.077,0.205,0.051,0.564,0.412,0.5,0.0,0.625,0.0,0.227,0.571,0.8,0.0,0,0.182,0.25,0,0
Isaiah Thomas,1,13,0.375,17.6,0.625,0.125,0.0,0.25,0.25,0.375,0.6,1.0,,0.5,0.5,0.0,0.0,,0.0,0,0.0,,0,0
Matt Thomas,32,417,0.413,22.6,0.322,0.008,0.017,0.091,0.207,0.678,0.436,1.0,0.0,0.273,0.52,0.402,0.882,0.909,0.0,0,0.244,0.55,0,0
Klay Thompson,12,287,0.426,17.8,0.467,0.095,0.154,0.166,0.053,0.533,0.481,0.563,0.5,0.429,0.444,0.378,0.579,0.794,0.006,1,0.189,0.353,0,0
Tristan Thompson,30,455,0.503,3.9,0.993,0.497,0.47,0.026,0.0,0.007,0.5,0.56,0.423,0.75,,1.0,0.64,1.0,0.172,18,0.0,,0,0
JT Thor,15,128,0.344,19.0,0.375,0.156,0.094,0.063,0.063,0.625,0.5,0.8,0.333,0.0,0.5,0.25,0.833,1.0,0.063,1,0.15,0.667,0,0
Matisse Thybulle,39,1034,0.503,14.2,0.475,0.359,0.094,0.022,0.0,0.525,0.709,0.831,0.412,0.0,,0.316,0.738,0.933,0.193,35,0.432,0.366,0,0
Killian Tillie,32,427,0.362,18.4,0.336,0.138,0.164,0.034,0.0,0.664,0.41,0.688,0.211,0.25,,0.338,0.625,0.962,0.026,3,0.286,0.273,0,0
Xavier Tillman Sr.,39,510,0.451,10.1,0.771,0.359,0.235,0.131,0.046,0.229,0.525,0.636,0.417,0.5,0.286,0.2,0.694,0.857,0.078,10,0.286,0.2,0,0
Isaiah Todd,9,35,0.333,18.3,0.333,0.2,0.0,0.133,0.0,0.667,0.2,0.333,,0.0,,0.4,1.0,1.0,0.0,0,0.7,0.571,0,0
Obi Toppin,50,775,0.523,9.0,0.699,0.57,0.104,0.007,0.018,0.301,0.646,0.692,0.448,0.5,0.4,0.238,0.817,1.0,0.272,69,0.429,0.278,0,0
Juan Toscano-Anderson,53,799,0.49,11.4,0.64,0.345,0.27,0.015,0.01,0.36,0.594,0.667,0.537,0.0,0.5,0.306,0.684,0.818,0.12,21,0.236,0.235,0,0
Karl-Anthony Towns,48,1648,0.521,11.9,0.685,0.315,0.26,0.043,0.067,0.315,0.574,0.661,0.56,0.265,0.415,0.406,0.514,0.892,0.079,54,0.1,0.28,0,0
Gary Trent Jr.,44,1533,0.431,18.8,0.486,0.08,0.12,0.121,0.164,0.514,0.463,0.556,0.42,0.451,0.459,0.401,0.395,0.784,0.013,8,0.21,0.411,0,0
P.J. Tucker,48,1359,0.503,14.6,0.513,0.172,0.235,0.093,0.013,0.487,0.535,0.577,0.535,0.5,0.25,0.469,0.831,1.0,0.003,1,0.891,0.466,0,0
Rayjon Tucker,3,29,0.5,25.8,0.0,0.0,0.0,0.0,0.0,1.0,,,,,,0.5,,0.0,0.0,0,0.0,,0,0
Myles Turner,42,1235,0.509,14.8,0.534,0.242,0.216,0.048,0.028,0.466,0.662,0.789,0.565,0.526,0.545,0.333,0.683,1.0,0.061,22,0.186,0.324,0,0
Jonas Valančiūnas,48,1503,0.529,9.0,0.822,0.355,0.32,0.104,0.043,0.178,0.556,0.664,0.493,0.431,0.444,0.402,0.613,0.978,0.067,36,0.027,0.333,0,0
Denzel Valentine,24,222,0.379,20.6,0.288,0.061,0.091,0.106,0.03,0.712,0.316,0.75,0.333,0.143,0.0,0.404,0.333,0.895,0.015,1,0.426,0.45,0,0
Denzel Valentine,22,204,0.371,20.6,0.29,0.065,0.081,0.113,0.032,0.71,0.278,0.75,0.2,0.143,0.0,0.409,0.4,0.889,0.016,1,0.432,0.474,0,0
Denzel Valentine,2,18,0.5,21.6,0.25,0.0,0.25,0.0,0.0,0.75,1.0,,1.0,,,0.333,0.0,1.0,0.0,0,0.333,0.0,0,0
Jarred Vanderbilt,50,1301,0.592,3.2,0.957,0.718,0.208,0.027,0.004,0.043,0.611,0.705,0.34,0.286,0.0,0.182,0.685,1.0,0.345,83,0.636,0.286,0,0
Fred VanVleet,48,1851,0.418,19.7,0.426,0.084,0.135,0.099,0.109,0.574,0.445,0.671,0.327,0.373,0.484,0.397,0.214,0.607,0.0,0,0.131,0.444,4,0
Devin Vassell,47,1195,0.432,17.4,0.498,0.139,0.116,0.146,0.097,0.502,0.521,0.667,0.491,0.464,0.435,0.345,0.691,0.976,0.044,17,0.311,0.311,1,0
Gabe Vincent,46,1099,0.431,19.1,0.373,0.157,0.083,0.08,0.052,0.627,0.496,0.544,0.467,0.483,0.421,0.392,0.388,0.798,0.003,1,0.242,0.418,3,0
Nikola Vučević,48,1618,0.466,13.5,0.697,0.206,0.243,0.151,0.097,0.303,0.525,0.701,0.459,0.452,0.432,0.329,0.717,1.0,0.026,18,0.039,0.444,2,0
Dean Wade,40,763,0.449,18.8,0.329,0.18,0.048,0.078,0.024,0.671,0.618,0.733,0.5,0.308,1.0,0.366,0.559,0.976,0.042,7,0.259,0.241,0,0
Franz Wagner,56,1795,0.464,10.2,0.73,0.316,0.352,0.044,0.018,0.27,0.503,0.61,0.437,0.344,0.308,0.359,0.509,0.857,0.061,44,0.21,0.488,0,0
Moritz Wagner,45,564,0.5,14.7,0.479,0.315,0.155,0.0,0.008,0.521,0.684,0.707,0.676,,0.0,0.331,0.744,1.0,0.118,25,0.113,0.5,0,0
Ish Wainright,27,201,0.362,15.6,0.466,0.207,0.207,0.017,0.034,0.534,0.444,0.667,0.333,0.0,0.0,0.29,0.667,1.0,0.052,2,0.387,0.5,0,0
Kemba Walker,33,853,0.401,17.8,0.467,0.15,0.123,0.09,0.105,0.533,0.442,0.56,0.341,0.333,0.486,0.365,0.217,0.477,0.0,0,0.034,0.5,0,0
Lonnie Walker IV,50,1133,0.388,16.6,0.543,0.175,0.131,0.102,0.136,0.457,0.466,0.659,0.353,0.434,0.352,0.294,0.515,0.9,0.019,9,0.214,0.373,3,0
M.J. Walker,2,8,0.0,15.4,0.5,0.25,0.25,0.0,0.0,0.5,0.0,0.0,0.0,,,0.0,,,0.0,0,0.5,0.0,0,0
Derrick Walton,3,108,0.231,18.1,0.5,0.077,0.192,0.038,0.192,0.5,0.231,0.5,0.2,0.0,0.2,0.231,0.0,1.0,0.0,0,0.0,,0,0
Brad Wanamaker,23,320,0.364,13.4,0.779,0.208,0.208,0.169,0.195,0.221,0.4,0.438,0.438,0.462,0.267,0.235,0.458,1.0,0.0,0,0.118,0.0,1,0
Brad Wanamaker,22,293,0.361,13.3,0.764,0.222,0.222,0.139,0.181,0.236,0.4,0.438,0.438,0.4,0.308,0.235,0.409,1.0,0.0,0,0.118,0.0,1,0
Brad Wanamaker,1,27,0.4,14.7,1.0,0.0,0.0,0.6,0.4,0.0,0.4,,,0.667,0.0,,1.0,,0.0,0,,,0,0
Duane Washington Jr.,24,505,0.384,16.5,0.487,0.196,0.152,0.071,0.067,0.513,0.422,0.614,0.206,0.375,0.4,0.348,0.587,0.925,0.013,2,0.296,0.441,1,0
P.J. Washington,39,958,0.446,16.5,0.397,0.266,0.125,0.007,0.0,0.603,0.537,0.691,0.237,0.0,,0.386,0.738,0.972,0.098,27,0.185,0.294,0,0
Yuta Watanabe,23,353,0.398,17.0,0.447,0.165,0.136,0.117,0.029,0.553,0.457,0.529,0.286,0.5,0.667,0.351,0.619,1.0,0.019,1,0.491,0.429,0,0
Tremont Waters,3,50,0.286,22.7,0.357,0.0,0.143,0.143,0.071,0.643,0.4,,0.5,0.5,0.0,0.222,0.0,0.5,0.0,0,0.222,0.0,0,0
Tremont Waters,2,42,0.25,25.2,0.25,0.0,0.083,0.083,0.083,0.75,0.333,,0.0,1.0,0.0,0.222,0.0,0.5,0.0,0,0.222,0.0,0,0
Tremont Waters,1,8,0.5,7.6,1.0,0.0,0.5,0.5,0.0,0.0,0.5,,1.0,0.0,,,0.0,,0.0,0,,,0,0
Trendon Watford,30,364,0.583,7.1,0.896,0.385,0.385,0.094,0.031,0.104,0.651,0.811,0.568,0.444,0.333,0.0,0.607,,0.042,4,0.4,0.0,0,0
Paul Watson,9,156,0.343,19.7,0.257,0.114,0.114,0.029,0.0,0.743,0.667,0.75,0.5,1.0,,0.231,0.5,1.0,0.029,0,0.423,0.273,0,0
Quinndary Weatherspoon,5,33,0.6,4.2,0.9,0.8,0.1,0.0,0.0,0.1,0.667,0.75,0.0,,,0.0,0.667,,0.1,1,0.0,,0,0
Russell Westbrook,55,1902,0.435,10.8,0.782,0.349,0.216,0.099,0.118,0.218,0.473,0.592,0.354,0.402,0.398,0.298,0.219,0.614,0.021,10,0.157,0.4,0,0
Coby White,35,961,0.437,17.0,0.469,0.187,0.149,0.064,0.069,0.531,0.523,0.671,0.393,0.417,0.5,0.362,0.457,0.889,0.011,4,0.221,0.455,0,0
Derrick White,49,1486,0.426,15.2,0.547,0.168,0.228,0.126,0.025,0.453,0.519,0.594,0.515,0.472,0.286,0.314,0.358,0.815,0.009,5,0.182,0.234,0,0
Hassan Whiteside,43,786,0.627,4.0,1.0,0.528,0.395,0.06,0.017,0.0,0.627,0.797,0.489,0.214,0.0,,0.671,,0.275,59,,,0,0
Joe Wieskamp,14,88,0.481,20.3,0.333,0.111,0.074,0.037,0.111,0.667,0.556,0.667,0.5,1.0,0.333,0.444,0.6,0.875,0.0,0,0.056,0.0,0,0
Aaron Wiggins,31,680,0.486,13.3,0.549,0.28,0.251,0.011,0.006,0.451,0.615,0.673,0.545,0.5,1.0,0.329,0.576,0.962,0.057,10,0.418,0.394,0,0
Andrew Wiggins,50,1580,0.484,14.8,0.608,0.171,0.24,0.086,0.111,0.392,0.528,0.742,0.494,0.35,0.41,0.415,0.538,0.895,0.064,38,0.287,0.494,0,0
Lindell Wigginton,6,25,1.0,9.3,0.667,0.667,0.0,0.0,0.0,0.333,1.0,1.0,,,,1.0,0.75,1.0,0.0,0,0.5,1.0,0,0
Brandon Williams,2,12,0.667,9.8,1.0,0.333,0.333,0.0,0.333,0.0,0.667,1.0,1.0,,0.0,,0.5,,0.0,0,,,0,0
Grant Williams,51,1165,0.483,18.3,0.324,0.143,0.124,0.039,0.019,0.676,0.595,0.784,0.594,0.2,0.0,0.429,0.74,1.0,0.019,5,0.469,0.512,0,0
Kenrich Williams,46,995,0.448,13.7,0.619,0.237,0.234,0.07,0.077,0.381,0.508,0.62,0.471,0.381,0.391,0.351,0.596,0.825,0.077,20,0.351,0.35,0,0
Lou Williams,37,541,0.398,16.2,0.65,0.115,0.142,0.239,0.155,0.35,0.422,0.577,0.406,0.37,0.4,0.354,0.323,0.75,0.004,1,0.354,0.393,0,0
Patrick Williams,5,125,0.565,13.2,0.739,0.261,0.13,0.217,0.13,0.261,0.588,0.5,0.333,1.0,0.333,0.5,0.9,1.0,0.043,1,0.167,1.0,0,0
Robert Williams,45,1335,0.737,2.9,0.996,0.733,0.229,0.019,0.015,0.004,0.74,0.805,0.607,0.2,0.25,0.0,0.714,,0.47,113,0.0,,0,0
Ziaire Williams,36,775,0.433,17.6,0.421,0.167,0.108,0.083,0.063,0.579,0.644,0.825,0.5,0.4,0.733,0.281,0.831,0.974,0.1,24,0.475,0.364,2,0
D.J. Wilson,3,48,0.727,11.4,0.818,0.364,0.091,0.182,0.182,0.182,0.889,1.0,1.0,0.5,1.0,0.0,0.625,,0.182,2,0.5,0.0,0,0
Dylan Windler,37,344,0.429,18.8,0.299,0.182,0.104,0.013,0.0,0.701,0.522,0.571,0.5,0.0,,0.389,0.75,0.952,0.039,2,0.37,0.5,0,0
Justise Winslow,40,565,0.45,10.4,0.757,0.361,0.266,0.077,0.053,0.243,0.539,0.721,0.422,0.231,0.333,0.171,0.681,1.0,0.03,4,0.439,0.222,2,0
Justise Winslow,37,479,0.447,9.5,0.794,0.362,0.319,0.078,0.035,0.206,0.518,0.686,0.422,0.273,0.2,0.172,0.672,1.0,0.028,3,0.517,0.267,2,0
Justise Winslow,3,86,0.464,14.7,0.571,0.357,0.0,0.071,0.143,0.429,0.688,0.9,,0.0,0.5,0.167,0.727,1.0,0.036,1,0.25,0.0,0,0
Cassius Winston,2,7,0.0,25.9,0.0,0.0,0.0,0.0,0.0,1.0,,,,,,0.0,,,0.0,0,0.0,,0,0
Christian Wood,51,1584,0.483,12.8,0.63,0.316,0.21,0.06,0.044,0.37,0.546,0.71,0.444,0.317,0.167,0.374,0.606,0.832,0.136,87,0.122,0.452,1,0
Robert Woodard II,12,42,0.125,12.7,0.75,0.188,0.25,0.125,0.188,0.25,0.083,0.333,0.0,0.0,0.0,0.25,1.0,1.0,0.063,1,0.25,0.0,0,0
Delon Wright,49,893,0.439,13.7,0.613,0.318,0.185,0.052,0.058,0.387,0.472,0.564,0.406,0.111,0.5,0.388,0.46,0.769,0.023,4,0.224,0.267,2,0
McKinley Wright IV,3,9,0.667,19.3,0.333,0.0,0.333,0.0,0.0,0.667,1.0,,1.0,,,0.5,0.0,0.0,0.0,0,0.0,,0,0
Moses Wright,1,1,,,,,,,,,,,,,,,,,,0,,,0,0
Thaddeus Young,26,370,0.578,5.1,0.961,0.391,0.516,0.031,0.023,0.039,0.602,0.72,0.561,0.0,0.333,0.0,0.554,,0.039,3,0.2,0.0,0,0
Trae Young,49,1692,0.458,16.8,0.623,0.168,0.202,0.123,0.13,0.377,0.506,0.624,0.451,0.435,0.504,0.379,0.123,0.243,0.0,0,0.029,0.455,1,0
Omer Yurtseven,39,558,0.523,5.7,0.964,0.435,0.383,0.119,0.026,0.036,0.538,0.679,0.446,0.435,0.0,0.143,0.75,1.0,0.192,32,0.286,0.0,0,0
Cody Zeller,27,355,0.567,3.7,0.956,0.644,0.267,0.033,0.011,0.044,0.593,0.621,0.542,0.333,1.0,0.0,0.725,,0.211,16,0.25,0.0,0,0
Ivica Zubac,50,1197,0.649,3.3,1.0,0.605,0.359,0.036,0.0,0.0,0.649,0.725,0.545,0.4,,,0.788,,0.272,66,,,0,0
